facility_id,operator,city,state,basin_id,carbon_tco2_yr,water_phys_m3_yr,water_onsite_m3_yr,water_scarcity_m3eq_yr,water_scarcity_onsite_m3eq_yr,water_scarcity_grid_m3eq_yr,capacity_mw
in-ntt-bengaluru-4-campus,NTT GDC India,Bengaluru,Karnataka,49464,168433.48666368003,2163929.2720784023,504693.504,76492612.97557221,38011101.56928,38481511.40629222,67.2
in-techno-digital-chennai-dc,Techno Digital,Chennai,Tamil Nadu,48918,113398.4779776,836339.713032732,270371.52,52739909.46014807,14315162.892479999,38424746.56766807,36.0
in-adaniconnex-chennai-1-maa,AdaniConneX,Chennai,Tamil Nadu,48918,103948.6048128,766644.736946671,247840.56,48344917.00513574,13122232.65144,35222684.35369574,33.0
in-nxtra-siruseri-dc3,Nxtra by Airtel,Chennai,Tamil Nadu,48918,85048.8584832,627254.7847745491,202778.64,39554932.095111065,10736372.169359999,28818559.925751057,27.0
in-stt-chennai-2-ambattur,STT GDC India,Chennai,Tamil Nadu,48918,81898.90076160002,604023.1260791954,195268.32,38089934.61010695,10338728.75568,27751205.85442695,26.0
in-yotta-d1-shakti-greater-noida,Yotta,Greater Noida,Uttar Pradesh,43947,145019.725056,723829.3900855033,225309.6,36648598.64136503,11551312.9296,25097285.71176502,30.0
in-sify-noida-02-campus,Sify,Noida,Uttar Pradesh,43947,125297.04244838403,625388.593033875,194667.49440000003,31664389.22613938,9980334.3711744,21684054.854964983,25.92
in-digital-connexion-maa10-chennai,Digital Connexion,Chennai,Tamil Nadu,48918,62999.154432,464633.1739070734,150206.4,29299949.70008226,7952868.273599999,21347081.42648226,20.0
in-ntt-chennai-2-ambattur,NTT GDC India,Chennai,Tamil Nadu,48918,54809.26435584,404230.8612991539,130679.568,25490956.23907157,6918995.398031999,18571960.841039572,17.4
in-nxtra-siruseri-2-che3,Nxtra by Airtel,Chennai,Tamil Nadu,48918,50399.323545600004,371706.53912565863,120165.12,23439959.76006581,6362294.61888,17077665.141185813,16.0
in-nxtra-bangalore-dc2,Nxtra by Airtel,Bengaluru,Karnataka,49464,50129.013888,644026.5690709532,150206.4,22765658.62368221,11312827.848,11452830.775682207,20.0
in-nxtra-ncr-hyperscale-ncr4,Nxtra by Airtel,Noida,Uttar Pradesh,43947,87011.8350336,434297.63405130204,135185.76,21989159.184819013,6930787.7577599995,15058371.427059013,18.0
in-stt-chennai-3-ambattur,STT GDC India,Chennai,Tamil Nadu,48918,47249.365824,348474.880430305,112654.8,21974962.2750617,5964651.2052,16010311.069861699,15.0
in-stt-noida-1,STT GDC India,Noida,Uttar Pradesh,43947,82177.84419840001,410169.9877151186,127675.44,20767539.230106845,6545743.993439999,14221795.236666849,17.0
in-stt-bengaluru-3-whitefield,STT GDC India,Bengaluru,Karnataka,49464,45116.112499200004,579623.9121638577,135185.76,20489092.761313982,10181545.0632,10307547.698113987,18.0
in-pdg-mu1,Princeton Digital Group,Mumbai,Maharashtra,46321,199811.25826560002,1211113.798622548,360495.36,18574755.68520727,12464120.177280001,6110635.507927269,48.0
in-nxtra-hoskote-1-blr2,Nxtra by Airtel,Bengaluru,Karnataka,49464,35090.3097216,450818.59834966715,105144.48,15935961.036577541,7918979.4936,8016981.542977545,14.0
in-ctrls-mumbai-dc1-dc2-nine-zone,CtrlS,Mumbai,Maharashtra,46321,166509.381888,1009261.4988521234,300412.8,15478963.071006056,10386766.8144,5092196.256606056,40.0
in-iron-mountain-ncr-1-noida,Iron Mountain,Noida,Uttar Pradesh,43947,58007.89002240001,289531.7560342014,90123.84,14659439.456546009,4620525.17184,10038914.28470601,12.0
in-ctrls-mumbai-dc4,CtrlS,Mumbai,Maharashtra,46321,153188.63133696,928520.5789439535,276379.77599999995,14240646.02532557,9555825.469247999,4684820.556077572,36.8
in-ctrls-hyderabad-dc3,CtrlS,Hyderabad,Telangana,47940,56035.68871680001,372465.32790756895,97634.16,13789200.663422745,4001781.4668,9787419.196622744,13.0
in-ntt-bengaluru-3-bidrahalli,NTT GDC India,Bengaluru,Karnataka,49464,30077.408332800005,386415.9414425719,90123.84,13659395.174209327,6787696.7088,6871698.465409325,12.0
in-ctrls-mumbai-dc5,CtrlS,Mumbai,Maharashtra,46321,133207.50551040002,807409.1990816989,240330.24,12383170.456804845,8309413.45152,4073757.0052848454,32.0
in-l-t-cloudfiniti-mumbai-chennai,L&T Cloudfiniti,Mumbai,Maharashtra,46321,124882.036416,756946.1241390926,225309.6,11609222.303254543,7790075.1108,3819147.192454543,30.0
in-nxtra-kokapet-hyd1,Nxtra by Airtel,Hyderabad,Telangana,47940,43104.375936000004,286511.7906981299,75103.2,10607077.43340211,3078293.436,7528783.997402108,10.0
in-stt-chennai-7-siruseri,STT GDC India,Chennai,Tamil Nadu,48918,22679.695595520003,167267.94260654642,54074.304,10547981.892029615,2863032.578496,7684949.313533615,7.2
in-nxtra-hinjewadi-3-pun4,Nxtra by Airtel,Pune,Maharashtra,47940,99905.62913280001,605556.899311274,180247.68,10443222.000363637,7387904.2464000005,3055317.7539636344,24.0
in-ntt-mumbai-7-andheri,NTT GDC India,Mumbai,Maharashtra,46321,106566.00440832002,645927.3592653591,192264.192,9906536.365443874,6647530.761216,3259005.6042278768,25.6
in-ctrls-hyderabad-dc2,CtrlS,Hyderabad,Telangana,47940,31897.23819264,212018.72511661614,55576.368,7849237.300717561,2277937.1426399997,5571300.15807756,7.4
in-ctrls-ahmedabad-edge-dc,CtrlS,Ahmedabad,Gujarat,44763,28679.834764799998,207969.30444176221,69094.94399999999,7524091.981556176,4959193.325759999,2564898.6557961768,9.2
in-ntt-mumbai-6-andheri,NTT GDC India,Mumbai,Maharashtra,46321,79924.50330624002,484445.51944901934,144198.144,7429902.274082908,4985648.070912,2444254.2031709077,19.2
in-nxtra-hinjewadi-1-pun2,Nxtra by Airtel,Pune,Maharashtra,47940,70766.48730240001,428936.13701215247,127675.44,7397282.250257575,5233098.8412,2164183.4090575743,17.0
in-nxtra-hoskote-2-blr3,Nxtra by Airtel,Bengaluru,Karnataka,49464,15038.704166400003,193207.97072128594,45061.92,6829697.587104663,3393848.3544,3435849.2327046627,6.0
in-ntt-kolkata-1,NTT GDC India,Kolkata,West Bengal,45082,123789.82896,658837.1952073695,187758.0,6736600.161915435,259557.993,6477042.168915436,25.0
in-stt-pune-2,STT GDC India,Pune,Maharashtra,47940,62441.018208,378473.0620695463,112654.8,6527013.750227271,4617440.154,1909573.5962272715,15.0
in-stt-pune-3,STT GDC India,Pune,Maharashtra,47940,62441.018208,378473.0620695463,112654.8,6527013.750227271,4617440.154,1909573.5962272715,15.0
in-ctrls-hyderabad-dc1,CtrlS,Hyderabad,Telangana,47940,25862.625561600005,171907.07441887795,45061.92,6364246.460041266,1846976.0616000001,4517270.398441266,6.0
in-nxtra-whitefield-blr1,Nxtra by Airtel,Bengaluru,Karnataka,49464,13534.833749760002,173887.17364915734,40555.728,6146727.828394198,3054463.5189599996,3092264.3094341964,5.4
in-iron-mountain-hyd-1,Iron Mountain,Hyderabad,Telangana,47940,24138.45052416,160446.60279095278,42057.792,5939963.36270518,1723844.32416,4216119.038545181,5.6
in-nxtra-siruseri-1-che2,Nxtra by Airtel,Chennai,Tamil Nadu,48918,12599.830886400001,92926.63478141466,30041.28,5859989.940016452,1590573.65472,4269416.285296453,4.0
in-stt-delhi-3-gk,STT GDC India,Delhi,Delhi,43947,25148.03796288,118835.24211199356,75854.232,5753673.818287963,3888942.0196320005,1864731.7986559635,10.1
in-nxtra-noida-sec-62-ncr1,Nxtra by Airtel,Noida,Uttar Pradesh,43947,21752.9587584,108574.40851282551,33796.44,5497289.796204753,1732696.9394399999,3764592.8567647533,4.5
in-ntt-bengaluru-2-electronic-city,NTT GDC India,Bengaluru,Karnataka,49464,11279.028124800001,144905.97804096443,33796.44,5122273.190328496,2545386.2658,2576886.924528497,4.5
in-ntt-mumbai-5-chandivali,NTT GDC India,Mumbai,Maharashtra,46321,52034.181840000005,315394.2183912886,93879.0,4837175.959689394,3245864.6295,1591311.330189393,12.5
in-stt-bengaluru-2-kiadb,STT GDC India,Bengaluru,Karnataka,49464,10025.8027776,128805.3138141906,30041.28,4553131.724736442,2262565.5696,2290566.1551364413,4.0
in-iron-mountain-blr-1,Iron Mountain,Bengaluru,Karnataka,49464,10025.8027776,128805.3138141906,30041.28,4553131.724736442,2262565.5696,2290566.1551364413,4.0
in-stt-chennai-1-vsb,STT GDC India,Chennai,Tamil Nadu,48918,9449.873164800001,69694.97608606101,22530.96,4394992.45501234,1192930.2410400002,3202062.2139723394,3.0
in-nxtra-noida-sec-81-ncr2,Nxtra by Airtel,Noida,Uttar Pradesh,43947,16918.9679232,84446.76217664208,26286.12,4275669.841492586,1347653.1751199998,2928016.6663725856,3.5
in-stt-hyderabad-1-hitec,STT GDC India,Hyderabad,Telangana,47940,17241.750374400002,114604.71627925195,30041.28,4242830.973360844,1231317.3744,3011513.5989608434,4.0
in-stt-pune-1-dighi,STT GDC India,Pune,Maharashtra,47940,37464.6109248,227083.83724172783,67592.88,3916208.2501363624,2770464.0923999995,1145744.1577363627,9.0
in-ctrls-mumbai-dc3,CtrlS,Mumbai,Maharashtra,46321,41627.345472,252315.37471303085,75103.2,3869740.767751514,2596691.7036,1273049.064151514,10.0
in-cyfuture-noida-dc,Cyfuture,Noida,Uttar Pradesh,43947,14501.972505600002,72382.93900855035,22530.96,3664859.864136502,1155131.29296,2509728.5711765024,3.0
in-stt-mumbai-3-bkc,STT GDC India,Mumbai,Maharashtra,46321,37464.6109248,227083.83724172783,67592.88,3482766.690976362,2337022.53324,1145744.1577363627,9.0
in-iron-mountain-ncr-2-noida,Iron Mountain,Noida,Uttar Pradesh,43947,13535.174338560002,67557.40974131366,21028.896,3420535.873194068,1078122.5400960003,2342413.3330980693,2.8
in-nxtra-santhome-che1,Nxtra by Airtel,Chennai,Tamil Nadu,48918,6299.9154432000005,46463.31739070733,15020.64,2929994.970008226,795286.82736,2134708.1426482266,2.0
in-nxtra-kolkata-kol1,Nxtra by Airtel,Kolkata,West Bengal,45082,49515.931584,263534.87808294786,75103.2,2694640.064766174,103823.19720000001,2590816.8675661744,10.0
in-nxtra-kharadi-pun1,Nxtra by Airtel,Pune,Maharashtra,47940,18732.3054624,113541.91862086391,33796.44,1958104.1250681812,1385232.0461999997,572872.0788681813,4.5
in-ntt-noida-1,NTT GDC India,Noida,Uttar Pradesh,43947,7250.986252800001,36191.46950427518,11265.48,1832429.932068251,577565.64648,1254864.2855882512,1.5
in-nxtra-hinjewadi-2-pun3,Nxtra by Airtel,Pune,Maharashtra,47940,16650.938188800003,100926.14988521236,30041.28,1740537.000060606,1231317.3744,509219.62566060567,4.0
in-stt-kolkata-2-new-town,STT GDC India,Kolkata,West Bengal,45082,29709.5589504,158120.92684976876,45061.92,1616784.0388597045,62293.918320000004,1554490.1205397048,6.0
in-nxtra-chandivali-mum1,Nxtra by Airtel,Mumbai,Maharashtra,46321,16650.938188800003,100926.14988521236,30041.28,1547896.3071006057,1038676.68144,509219.62566060567,4.0
in-stt-mumbai-1-prabhadevi,STT GDC India,Mumbai,Maharashtra,46321,16650.938188800003,100926.14988521236,30041.28,1547896.3071006057,1038676.68144,509219.62566060567,4.0
in-ntt-mumbai-vikhroli-iv,NTT GDC India,Mumbai,Maharashtra,46321,12488.203641600001,75694.61241390926,22530.96,1160922.2303254544,779007.5110800001,381914.7192454543,3.0
in-ntt-mumbai-vikhroli,NTT GDC India,Mumbai,Maharashtra,46321,9990.562913280002,60555.68993112742,18024.768,928737.7842603636,623206.008864,305531.77539636346,2.4
in-iron-mountain-pun-1-hinjewadi,Iron Mountain,Pune,Maharashtra,47940,8325.469094400001,50463.07494260618,15020.64,870268.500030303,615658.6872,254609.81283030284,2.0
in-stt-kolkata-1-ultadanga,STT GDC India,Kolkata,West Bengal,45082,14854.7794752,79060.46342488438,22530.96,808392.0194298523,31146.959160000002,777245.0602698524,3.0
in-stt-bengaluru-1-sanjay-nagar,STT GDC India,Bengaluru,Karnataka,49464,1503.8704166400003,19320.797072128593,4506.192,682969.7587104662,339384.83544,343584.9232704663,0.6
in-stt-delhi-2-gk1,STT GDC India,Delhi,Delhi,43947,2489.9047488,11765.86555564293,7510.32,569670.6750780161,385043.76432,184626.91075801617,1.0
in-stt-delhi-1,STT GDC India,Delhi,Delhi,43947,2240.91427392,10589.279000078634,6759.288,512703.60757021443,346539.3878879999,166164.21968221455,0.9
in-nxtra-bhubaneshwar-bbr1,Nxtra by Airtel,Bhubaneswar,Odisha,45858,8427.62786688,57481.788309267635,13518.576,508581.4130320108,64440.909503999996,444140.5035280107,1.8
in-stt-mumbai-2-andheri,STT GDC India,Mumbai,Maharashtra,46321,4162.734547200001,25231.53747130309,7510.32,386974.0767751514,259669.17036,127304.90641515142,1.0
