facility_id,operator,city,state,basin_id,carbon_tco2_yr,water_phys_m3_yr,scarcity_m3eq_yr,scarcity_onsite_m3eq_yr,mean_cf,mean_ci_gco2_per_kwh,capacity_mw,carbon_per_mw,scarcity_per_mw,carbon_pctile,water_pctile,scarcity_pctile,carbon_intensity_pctile,scarcity_intensity_pctile,harm_flag,verdict,best_lever,best_lever_saving_m3eq_yr,recommended_lever,legal_obligations
in-ntt-bengaluru-4-campus,NTT GDC India,Bengaluru,Karnataka,49464,168433.48666368003,2163929.2720784023,76492612.97557221,38011101.56928,75.4465,396.4358333333333,67.2,2506.4506944000004,1138282.9311841102,99.0,100.0,100.0,15.0,58.0,True,worse than peers,zero_liquid_discharge,34970213.4437376,zero_liquid_discharge,none (no hard rule in the regulation matrix)
in-techno-digital-chennai-dc,Techno Digital,Chennai,Tamil Nadu,48918,113398.4779776,836339.713032732,52739909.46014807,14315162.892479999,53.17641666666666,498.325,36.0,3149.9577216000002,1464997.485004113,87.0,94.0,99.0,30.0,87.0,True,worse than peers,efficiency_standard,16245795.492477763,efficiency_standard,none (no hard rule in the regulation matrix)
in-adaniconnex-chennai-1-maa,AdaniConneX,Chennai,Tamil Nadu,48918,103948.6048128,766644.736946671,48344917.00513574,13122232.65144,53.17641666666666,498.325,33.0,3149.9577216,1464997.4850041133,85.0,92.0,97.0,23.0,94.0,True,worse than peers,efficiency_standard,14891979.201437948,efficiency_standard,none (no hard rule in the regulation matrix)
in-nxtra-siruseri-dc3,Nxtra by Airtel,Chennai,Tamil Nadu,48918,85048.8584832,627254.7847745491,39554932.095111065,10736372.169359999,53.17641666666666,498.325,27.0,3149.9577216000002,1464997.4850041135,80.0,83.0,96.0,30.0,99.0,True,worse than peers,efficiency_standard,12184346.619358324,efficiency_standard,none (no hard rule in the regulation matrix)
in-stt-chennai-2-ambattur,STT GDC India,Chennai,Tamil Nadu,48918,81898.90076160002,604023.1260791954,38089934.61010695,10338728.75568,53.17641666666666,498.325,26.0,3149.9577216000007,1464997.4850041135,77.0,79.0,94.0,38.0,99.0,True,worse than peers,efficiency_standard,11733074.522345053,efficiency_standard,none (no hard rule in the regulation matrix)
in-yotta-d1-shakti-greater-noida,Yotta,Greater Noida,Uttar Pradesh,43947,145019.725056,723829.3900855033,36648598.64136503,11551312.9296,51.28491666666667,764.2533333333334,30.0,4833.9908352,1221619.9547121676,94.0,89.0,93.0,85.0,83.0,True,worse than peers,efficiency_standard,12001307.131755942,efficiency_standard,none (no hard rule in the regulation matrix)
in-sify-noida-02-campus,Sify,Noida,Uttar Pradesh,43947,125297.04244838403,625388.593033875,31664389.22613938,9980334.3711744,51.28491666666667,764.2533333333334,25.92,4833.990835200001,1221619.9547121674,92.0,82.0,92.0,92.0,76.0,True,worse than peers,efficiency_standard,10369129.361837136,efficiency_standard,none (no hard rule in the regulation matrix)
in-digital-connexion-maa10-chennai,Digital Connexion,Chennai,Tamil Nadu,48918,62999.154432,464633.1739070734,29299949.70008226,7952868.273599999,53.17641666666666,498.325,20.0,3149.9577216000002,1464997.485004113,73.0,75.0,90.0,30.0,87.0,True,worse than peers,efficiency_standard,9025441.940265425,efficiency_standard,none (no hard rule in the regulation matrix)
in-ntt-chennai-2-ambattur,NTT GDC India,Chennai,Tamil Nadu,48918,54809.26435584,404230.8612991539,25490956.23907157,6918995.398031999,53.17641666666666,498.325,17.4,3149.9577216000002,1464997.4850041133,66.0,68.0,89.0,30.0,94.0,True,worse than peers,efficiency_standard,7852134.48803092,efficiency_standard,none (no hard rule in the regulation matrix)
in-nxtra-siruseri-2-che3,Nxtra by Airtel,Chennai,Tamil Nadu,48918,50399.323545600004,371706.53912565863,23439959.76006581,6362294.61888,53.17641666666666,498.325,16.0,3149.9577216000002,1464997.485004113,63.0,61.0,87.0,30.0,87.0,True,worse than peers,efficiency_standard,7220353.552212339,efficiency_standard,none (no hard rule in the regulation matrix)
in-nxtra-bangalore-dc2,Nxtra by Airtel,Bengaluru,Karnataka,49464,50129.013888,644026.5690709532,22765658.62368221,11312827.848,75.4465,396.4358333333333,20.0,2506.4506944,1138282.9311841105,62.0,85.0,86.0,8.0,64.0,True,worse than peers,zero_liquid_discharge,10407801.62016,zero_liquid_discharge,none (no hard rule in the regulation matrix)
in-nxtra-ncr-hyperscale-ncr4,Nxtra by Airtel,Noida,Uttar Pradesh,43947,87011.8350336,434297.63405130204,21989159.184819013,6930787.7577599995,51.28491666666667,764.2533333333334,18.0,4833.9908352,1221619.9547121674,82.0,72.0,85.0,85.0,76.0,True,worse than peers,efficiency_standard,7200784.279053565,efficiency_standard,none (no hard rule in the regulation matrix)
in-stt-chennai-3-ambattur,STT GDC India,Chennai,Tamil Nadu,48918,47249.365824,348474.880430305,21974962.2750617,5964651.2052,53.17641666666666,498.325,15.0,3149.9577216000002,1464997.4850041133,59.0,59.0,83.0,30.0,94.0,True,worse than peers,efficiency_standard,6769081.455199068,efficiency_standard,none (no hard rule in the regulation matrix)
in-stt-noida-1,STT GDC India,Noida,Uttar Pradesh,43947,82177.84419840001,410169.9877151186,20767539.230106845,6545743.993439999,51.28491666666667,764.2533333333334,17.0,4833.9908352,1221619.9547121674,79.0,69.0,82.0,85.0,76.0,True,worse than peers,efficiency_standard,6800740.707995034,efficiency_standard,none (no hard rule in the regulation matrix)
in-stt-bengaluru-3-whitefield,STT GDC India,Bengaluru,Karnataka,49464,45116.112499200004,579623.9121638577,20489092.761313982,10181545.0632,75.4465,396.4358333333333,18.0,2506.4506944000004,1138282.9311841102,58.0,77.0,80.0,15.0,58.0,True,worse than peers,zero_liquid_discharge,9367021.458144,zero_liquid_discharge,none (no hard rule in the regulation matrix)
in-pdg-mu1,Princeton Digital Group,Mumbai,Maharashtra,46321,199811.25826560002,1211113.798622548,18574755.68520727,12464120.177280001,34.83108333333333,658.4083333333333,48.0,4162.734547200001,386974.0767751515,100.0,99.0,79.0,59.0,25.0,False,worse than peers,coastal_seawater_siting,11808113.852160001,none,none (no hard rule in the regulation matrix)
in-nxtra-hoskote-1-blr2,Nxtra by Airtel,Bengaluru,Karnataka,49464,35090.3097216,450818.59834966715,15935961.036577541,7918979.4936,75.4465,396.4358333333333,14.0,2506.4506944,1138282.93118411,51.0,73.0,77.0,8.0,55.0,True,worse than peers,zero_liquid_discharge,7285461.1341119995,zero_liquid_discharge,none (no hard rule in the regulation matrix)
in-ctrls-mumbai-dc1-dc2-nine-zone,CtrlS,Mumbai,Maharashtra,46321,166509.381888,1009261.4988521234,15478963.071006056,10386766.8144,34.83108333333333,658.4083333333333,40.0,4162.7345472,386974.0767751514,97.0,97.0,76.0,44.0,16.0,False,worse than peers,coastal_seawater_siting,9840094.876799999,none,none (no hard rule in the regulation matrix)
in-iron-mountain-ncr-1-noida,Iron Mountain,Noida,Uttar Pradesh,43947,58007.89002240001,289531.7560342014,14659439.456546009,4620525.17184,51.28491666666667,764.2533333333334,12.0,4833.990835200001,1221619.9547121674,69.0,56.0,75.0,92.0,76.0,False,typical,efficiency_standard,4800522.852702377,none,none (no hard rule in the regulation matrix)
in-ctrls-mumbai-dc4,CtrlS,Mumbai,Maharashtra,46321,153188.63133696,928520.5789439535,14240646.02532557,9555825.469247999,34.83108333333333,658.4083333333333,36.8,4162.734547200001,386974.0767751514,96.0,96.0,73.0,59.0,16.0,False,typical,coastal_seawater_siting,9052887.286655998,none,none (no hard rule in the regulation matrix)
in-ctrls-hyderabad-dc3,CtrlS,Hyderabad,Telangana,47940,56035.68871680001,372465.32790756895,13789200.663422745,4001781.4668,40.74666666666666,681.7041666666667,13.0,4310.437593600001,1060707.7433402112,68.0,62.0,72.0,76.0,54.0,False,typical,efficiency_standard,4362582.025766764,none,none (no hard rule in the regulation matrix)
in-ntt-bengaluru-3-bidrahalli,NTT GDC India,Bengaluru,Karnataka,49464,30077.408332800005,386415.9414425719,13659395.174209327,6787696.7088,75.4465,396.4358333333333,12.0,2506.4506944000004,1138282.9311841105,48.0,66.0,70.0,15.0,64.0,False,typical,zero_liquid_discharge,6244680.972096001,none,none (no hard rule in the regulation matrix)
in-ctrls-mumbai-dc5,CtrlS,Mumbai,Maharashtra,46321,133207.50551040002,807409.1990816989,12383170.456804845,8309413.45152,34.83108333333333,658.4083333333333,32.0,4162.734547200001,386974.0767751514,93.0,93.0,69.0,59.0,16.0,False,typical,coastal_seawater_siting,7872075.901439999,none,none (no hard rule in the regulation matrix)
in-l-t-cloudfiniti-mumbai-chennai,L&T Cloudfiniti,Mumbai,Maharashtra,46321,124882.036416,756946.1241390926,11609222.303254543,7790075.1108,34.83108333333333,658.4083333333333,30.0,4162.7345472,386974.0767751514,90.0,90.0,68.0,44.0,16.0,False,typical,coastal_seawater_siting,7380071.157599999,none,none (no hard rule in the regulation matrix)
in-nxtra-kokapet-hyd1,Nxtra by Airtel,Hyderabad,Telangana,47940,43104.375936000004,286511.7906981299,10607077.43340211,3078293.436,40.74666666666666,681.7041666666667,10.0,4310.437593600001,1060707.743340211,56.0,55.0,66.0,76.0,51.0,False,typical,efficiency_standard,3355832.3275128957,none,none (no hard rule in the regulation matrix)
in-stt-chennai-7-siruseri,STT GDC India,Chennai,Tamil Nadu,48918,22679.695595520003,167267.94260654642,10547981.892029615,2863032.578496,53.17641666666666,498.325,7.2,3149.9577216000002,1464997.4850041133,39.0,41.0,65.0,30.0,94.0,False,typical,efficiency_standard,3249159.098495553,none,none (no hard rule in the regulation matrix)
in-nxtra-hinjewadi-3-pun4,Nxtra by Airtel,Pune,Maharashtra,47940,99905.62913280001,605556.899311274,10443222.000363637,7387904.2464000005,40.74666666666666,658.4083333333333,24.0,4162.734547200001,435134.2500151515,83.0,80.0,63.0,59.0,38.0,False,typical,zero_liquid_discharge,6796871.906688001,none,none (no hard rule in the regulation matrix)
in-ntt-mumbai-7-andheri,NTT GDC India,Mumbai,Maharashtra,46321,106566.00440832002,645927.3592653591,9906536.365443874,6647530.761216,34.83108333333333,658.4083333333333,25.6,4162.734547200001,386974.0767751513,86.0,86.0,62.0,59.0,8.0,False,typical,coastal_seawater_siting,6297660.721151999,none,none (no hard rule in the regulation matrix)
in-ctrls-hyderabad-dc2,CtrlS,Hyderabad,Telangana,47940,31897.23819264,212018.72511661614,7849237.300717561,2277937.1426399997,40.74666666666666,681.7041666666667,7.4,4310.4375936,1060707.7433402108,49.0,48.0,61.0,72.0,47.0,False,typical,efficiency_standard,2483315.922359543,none,none (no hard rule in the regulation matrix)
in-ctrls-ahmedabad-edge-dc,CtrlS,Ahmedabad,Gujarat,44763,28679.834764799998,207969.30444176221,7524091.981556176,4959193.325759999,71.96666666666667,493.0325,9.2,3117.373344,817836.0849517584,45.0,46.0,59.0,21.0,45.0,False,typical,zero_liquid_discharge,4562457.8596992,none,>=51% renewable energy
in-ntt-mumbai-6-andheri,NTT GDC India,Mumbai,Maharashtra,46321,79924.50330624002,484445.51944901934,7429902.274082908,4985648.070912,34.83108333333333,658.4083333333333,19.2,4162.7345472000015,386974.0767751515,76.0,76.0,58.0,70.0,25.0,False,typical,coastal_seawater_siting,4723245.540863999,none,none (no hard rule in the regulation matrix)
in-nxtra-hinjewadi-1-pun2,Nxtra by Airtel,Pune,Maharashtra,47940,70766.48730240001,428936.13701215247,7397282.250257575,5233098.8412,40.74666666666666,658.4083333333333,17.0,4162.734547200001,435134.25001515145,75.0,70.0,56.0,59.0,35.0,False,typical,zero_liquid_discharge,4814450.933904001,none,none (no hard rule in the regulation matrix)
in-nxtra-hoskote-2-blr3,Nxtra by Airtel,Bengaluru,Karnataka,49464,15038.704166400003,193207.97072128594,6829697.587104663,3393848.3544,75.4465,396.4358333333333,6.0,2506.4506944000004,1138282.9311841105,28.0,45.0,55.0,15.0,64.0,False,typical,zero_liquid_discharge,3122340.4860480004,none,none (no hard rule in the regulation matrix)
in-ntt-kolkata-1,NTT GDC India,Kolkata,West Bengal,45082,123789.82896,658837.1952073695,6736600.161915435,259557.993,1.3945,782.9516666666667,25.0,4951.5931584,269464.0064766174,89.0,87.0,54.0,98.0,4.0,False,typical,efficiency_standard,1378376.7706716447,none,none (no hard rule in the regulation matrix)
in-stt-pune-2,STT GDC India,Pune,Maharashtra,47940,62441.018208,378473.0620695463,6527013.750227271,4617440.154,40.74666666666666,658.4083333333333,15.0,4162.7345472,435134.2500151514,71.0,64.0,51.0,44.0,32.0,False,typical,zero_liquid_discharge,4248044.94168,none,none (no hard rule in the regulation matrix)
in-stt-pune-3,STT GDC India,Pune,Maharashtra,47940,62441.018208,378473.0620695463,6527013.750227271,4617440.154,40.74666666666666,658.4083333333333,15.0,4162.7345472,435134.2500151514,71.0,64.0,51.0,44.0,32.0,False,typical,zero_liquid_discharge,4248044.94168,none,none (no hard rule in the regulation matrix)
in-ctrls-hyderabad-dc1,CtrlS,Hyderabad,Telangana,47940,25862.625561600005,171907.07441887795,6364246.460041266,1846976.0616000001,40.74666666666666,681.7041666666667,6.0,4310.437593600001,1060707.743340211,44.0,42.0,49.0,76.0,51.0,False,better than peers,efficiency_standard,2013499.3965077375,none,none (no hard rule in the regulation matrix)
in-nxtra-whitefield-blr1,Nxtra by Airtel,Bengaluru,Karnataka,49464,13534.833749760002,173887.17364915734,6146727.828394198,3054463.5189599996,75.4465,396.4358333333333,5.4,2506.4506944000004,1138282.9311841107,23.0,44.0,48.0,15.0,69.0,False,better than peers,zero_liquid_discharge,2810106.4374432005,none,none (no hard rule in the regulation matrix)
in-iron-mountain-hyd-1,Iron Mountain,Hyderabad,Telangana,47940,24138.45052416,160446.60279095278,5939963.36270518,1723844.32416,40.74666666666666,681.7041666666667,5.6,4310.437593600001,1060707.7433402108,41.0,39.0,46.0,76.0,47.0,False,better than peers,efficiency_standard,1879266.1034072216,none,none (no hard rule in the regulation matrix)
in-nxtra-siruseri-1-che2,Nxtra by Airtel,Chennai,Tamil Nadu,48918,12599.830886400001,92926.63478141466,5859989.940016452,1590573.65472,53.17641666666666,498.325,4.0,3149.9577216000002,1464997.485004113,21.0,23.0,45.0,30.0,87.0,False,better than peers,efficiency_standard,1805088.3880530847,none,none (no hard rule in the regulation matrix)
in-stt-delhi-3-gk,STT GDC India,Delhi,Delhi,43947,25148.03796288,118835.24211199356,5753673.818287963,3888942.0196320005,51.28491666666667,393.8025,10.1,2489.9047488,569670.6750780161,42.0,32.0,44.0,3.0,43.0,False,better than peers,zero_liquid_discharge,3577826.65806144,none,none (no hard rule in the regulation matrix)
in-nxtra-noida-sec-62-ncr1,Nxtra by Airtel,Noida,Uttar Pradesh,43947,21752.9587584,108574.40851282551,5497289.796204753,1732696.9394399999,51.28491666666667,764.2533333333334,4.5,4833.9908352,1221619.9547121674,38.0,28.0,42.0,85.0,76.0,False,better than peers,efficiency_standard,1800196.0697633913,none,none (no hard rule in the regulation matrix)
in-ntt-bengaluru-2-electronic-city,NTT GDC India,Bengaluru,Karnataka,49464,11279.028124800001,144905.97804096443,5122273.190328496,2545386.2658,75.4465,396.4358333333333,4.5,2506.4506944000004,1138282.9311841102,18.0,37.0,41.0,15.0,58.0,False,better than peers,zero_liquid_discharge,2341755.364536,none,none (no hard rule in the regulation matrix)
in-ntt-mumbai-5-chandivali,NTT GDC India,Mumbai,Maharashtra,46321,52034.181840000005,315394.2183912886,4837175.959689394,3245864.6295,34.83108333333333,658.4083333333333,12.5,4162.734547200001,386974.0767751515,65.0,58.0,39.0,59.0,25.0,False,better than peers,coastal_seawater_siting,3075029.6489999997,none,none (no hard rule in the regulation matrix)
in-stt-bengaluru-2-kiadb,STT GDC India,Bengaluru,Karnataka,49464,10025.8027776,128805.3138141906,4553131.724736442,2262565.5696,75.4465,396.4358333333333,4.0,2506.4506944,1138282.9311841105,16.0,35.0,37.0,8.0,64.0,False,better than peers,zero_liquid_discharge,2081560.324032,none,none (no hard rule in the regulation matrix)
in-iron-mountain-blr-1,Iron Mountain,Bengaluru,Karnataka,49464,10025.8027776,128805.3138141906,4553131.724736442,2262565.5696,75.4465,396.4358333333333,4.0,2506.4506944,1138282.9311841105,16.0,35.0,37.0,8.0,64.0,False,better than peers,zero_liquid_discharge,2081560.324032,none,none (no hard rule in the regulation matrix)
in-stt-chennai-1-vsb,STT GDC India,Chennai,Tamil Nadu,48918,9449.873164800001,69694.97608606101,4394992.45501234,1192930.2410400002,53.17641666666666,498.325,3.0,3149.9577216000002,1464997.4850041133,13.0,15.0,35.0,30.0,94.0,False,better than peers,efficiency_standard,1353816.2910398138,none,none (no hard rule in the regulation matrix)
in-nxtra-noida-sec-81-ncr2,Nxtra by Airtel,Noida,Uttar Pradesh,43947,16918.9679232,84446.76217664208,4275669.841492586,1347653.1751199998,51.28491666666667,764.2533333333334,3.5,4833.9908352,1221619.9547121674,34.0,21.0,34.0,85.0,76.0,False,better than peers,efficiency_standard,1400152.4987048598,none,none (no hard rule in the regulation matrix)
in-stt-hyderabad-1-hitec,STT GDC India,Hyderabad,Telangana,47940,17241.750374400002,114604.71627925195,4242830.973360844,1231317.3744,40.74666666666666,681.7041666666667,4.0,4310.437593600001,1060707.743340211,35.0,31.0,32.0,76.0,51.0,False,better than peers,efficiency_standard,1342332.9310051582,none,none (no hard rule in the regulation matrix)
in-stt-pune-1-dighi,STT GDC India,Pune,Maharashtra,47940,37464.6109248,227083.83724172783,3916208.2501363624,2770464.0923999995,40.74666666666666,658.4083333333333,9.0,4162.7345472,435134.2500151514,53.0,50.0,31.0,44.0,32.0,False,better than peers,zero_liquid_discharge,2548826.965008,none,none (no hard rule in the regulation matrix)
in-ctrls-mumbai-dc3,CtrlS,Mumbai,Maharashtra,46321,41627.345472,252315.37471303085,3869740.767751514,2596691.7036,34.83108333333333,658.4083333333333,10.0,4162.7345472,386974.0767751514,55.0,52.0,30.0,44.0,16.0,False,better than peers,coastal_seawater_siting,2460023.7191999997,none,none (no hard rule in the regulation matrix)
in-cyfuture-noida-dc,Cyfuture,Noida,Uttar Pradesh,43947,14501.972505600002,72382.93900855035,3664859.864136502,1155131.29296,51.28491666666667,764.2533333333334,3.0,4833.990835200001,1221619.9547121674,25.0,17.0,28.0,92.0,76.0,False,better than peers,efficiency_standard,1200130.7131755943,none,none (no hard rule in the regulation matrix)
in-stt-mumbai-3-bkc,STT GDC India,Mumbai,Maharashtra,46321,37464.6109248,227083.83724172783,3482766.690976362,2337022.53324,34.83108333333333,658.4083333333333,9.0,4162.7345472,386974.07677515136,53.0,50.0,27.0,44.0,10.0,False,better than peers,coastal_seawater_siting,2214021.3472799994,none,none (no hard rule in the regulation matrix)
in-iron-mountain-ncr-2-noida,Iron Mountain,Noida,Uttar Pradesh,43947,13535.174338560002,67557.40974131366,3420535.873194068,1078122.5400960003,51.28491666666667,764.2533333333334,2.8,4833.990835200001,1221619.9547121674,24.0,14.0,25.0,92.0,76.0,False,better than peers,efficiency_standard,1120121.998963888,none,none (no hard rule in the regulation matrix)
in-nxtra-santhome-che1,Nxtra by Airtel,Chennai,Tamil Nadu,48918,6299.9154432000005,46463.31739070733,2929994.970008226,795286.82736,53.17641666666666,498.325,2.0,3149.9577216000002,1464997.485004113,7.0,8.0,24.0,30.0,87.0,False,better than peers,efficiency_standard,902544.1940265424,none,none (no hard rule in the regulation matrix)
in-nxtra-kolkata-kol1,Nxtra by Airtel,Kolkata,West Bengal,45082,49515.931584,263534.87808294786,2694640.064766174,103823.19720000001,1.3945,782.9516666666667,10.0,4951.5931584,269464.0064766174,61.0,54.0,23.0,98.0,4.0,False,better than peers,efficiency_standard,551350.7082686579,none,none (no hard rule in the regulation matrix)
in-nxtra-kharadi-pun1,Nxtra by Airtel,Pune,Maharashtra,47940,18732.3054624,113541.91862086391,1958104.1250681812,1385232.0461999997,40.74666666666666,658.4083333333333,4.5,4162.7345472,435134.2500151514,37.0,30.0,21.0,44.0,32.0,False,better than peers,zero_liquid_discharge,1274413.482504,none,none (no hard rule in the regulation matrix)
in-ntt-noida-1,NTT GDC India,Noida,Uttar Pradesh,43947,7250.986252800001,36191.46950427518,1832429.932068251,577565.64648,51.28491666666667,764.2533333333334,1.5,4833.990835200001,1221619.9547121674,8.0,7.0,20.0,92.0,76.0,False,better than peers,efficiency_standard,600065.3565877972,none,none (no hard rule in the regulation matrix)
in-nxtra-hinjewadi-2-pun3,Nxtra by Airtel,Pune,Maharashtra,47940,16650.938188800003,100926.14988521236,1740537.000060606,1231317.3744,40.74666666666666,658.4083333333333,4.0,4162.734547200001,435134.2500151515,31.0,25.0,18.0,59.0,38.0,False,better than peers,zero_liquid_discharge,1132811.984448,none,none (no hard rule in the regulation matrix)
in-stt-kolkata-2-new-town,STT GDC India,Kolkata,West Bengal,45082,29709.5589504,158120.92684976876,1616784.0388597045,62293.918320000004,1.3945,782.9516666666667,6.0,4951.5931584,269464.0064766174,46.0,38.0,17.0,98.0,4.0,False,better than peers,efficiency_standard,330810.42496119475,none,none (no hard rule in the regulation matrix)
in-nxtra-chandivali-mum1,Nxtra by Airtel,Mumbai,Maharashtra,46321,16650.938188800003,100926.14988521236,1547896.3071006057,1038676.68144,34.83108333333333,658.4083333333333,4.0,4162.734547200001,386974.0767751514,31.0,25.0,15.0,59.0,16.0,False,better than peers,coastal_seawater_siting,984009.4876799999,none,none (no hard rule in the regulation matrix)
in-stt-mumbai-1-prabhadevi,STT GDC India,Mumbai,Maharashtra,46321,16650.938188800003,100926.14988521236,1547896.3071006057,1038676.68144,34.83108333333333,658.4083333333333,4.0,4162.734547200001,386974.0767751514,31.0,25.0,15.0,59.0,16.0,False,better than peers,coastal_seawater_siting,984009.4876799999,none,none (no hard rule in the regulation matrix)
in-ntt-mumbai-vikhroli-iv,NTT GDC India,Mumbai,Maharashtra,46321,12488.203641600001,75694.61241390926,1160922.2303254544,779007.5110800001,34.83108333333333,658.4083333333333,3.0,4162.734547200001,386974.0767751515,20.0,18.0,13.0,59.0,25.0,False,better than peers,coastal_seawater_siting,738007.1157600001,none,none (no hard rule in the regulation matrix)
in-ntt-mumbai-vikhroli,NTT GDC India,Mumbai,Maharashtra,46321,9990.562913280002,60555.68993112742,928737.7842603636,623206.008864,34.83108333333333,658.4083333333333,2.4,4162.7345472000015,386974.0767751515,14.0,13.0,11.0,70.0,25.0,False,better than peers,coastal_seawater_siting,590405.6926079999,none,none (no hard rule in the regulation matrix)
in-iron-mountain-pun-1-hinjewadi,Iron Mountain,Pune,Maharashtra,47940,8325.469094400001,50463.07494260618,870268.500030303,615658.6872,40.74666666666666,658.4083333333333,2.0,4162.734547200001,435134.2500151515,10.0,10.0,10.0,59.0,38.0,False,better than peers,zero_liquid_discharge,566405.992224,none,none (no hard rule in the regulation matrix)
in-stt-kolkata-1-ultadanga,STT GDC India,Kolkata,West Bengal,45082,14854.7794752,79060.46342488438,808392.0194298523,31146.959160000002,1.3945,782.9516666666667,3.0,4951.5931584,269464.0064766174,27.0,20.0,8.0,98.0,4.0,False,better than peers,efficiency_standard,165405.21248059737,none,none (no hard rule in the regulation matrix)
in-stt-bengaluru-1-sanjay-nagar,STT GDC India,Bengaluru,Karnataka,49464,1503.8704166400003,19320.797072128593,682969.7587104662,339384.83544,75.4465,396.4358333333333,0.6,2506.4506944000004,1138282.9311841105,1.0,4.0,7.0,15.0,64.0,False,better than peers,zero_liquid_discharge,312234.0486048,none,none (no hard rule in the regulation matrix)
in-stt-delhi-2-gk1,STT GDC India,Delhi,Delhi,43947,2489.9047488,11765.86555564293,569670.6750780161,385043.76432,51.28491666666667,393.8025,1.0,2489.9047488,569670.6750780161,4.0,3.0,6.0,3.0,43.0,False,better than peers,zero_liquid_discharge,354240.26317439997,none,none (no hard rule in the regulation matrix)
in-stt-delhi-1,STT GDC India,Delhi,Delhi,43947,2240.91427392,10589.279000078634,512703.60757021443,346539.3878879999,51.28491666666667,393.8025,0.9,2489.9047488,569670.675078016,3.0,1.0,4.0,3.0,41.0,False,better than peers,zero_liquid_discharge,318816.23685695993,none,none (no hard rule in the regulation matrix)
in-nxtra-bhubaneshwar-bbr1,Nxtra by Airtel,Bhubaneswar,Odisha,45858,8427.62786688,57481.788309267635,508581.4130320108,64440.909503999996,4.8101666666666665,740.2983333333333,1.8,4682.0154816,282545.2294622282,11.0,11.0,3.0,80.0,7.0,False,better than peers,efficiency_standard,123975.86620350202,none,none (no hard rule in the regulation matrix)
in-stt-mumbai-2-andheri,STT GDC India,Mumbai,Maharashtra,46321,4162.734547200001,25231.53747130309,386974.0767751514,259669.17036,34.83108333333333,658.4083333333333,1.0,4162.734547200001,386974.0767751514,6.0,6.0,1.0,59.0,16.0,False,better than peers,coastal_seawater_siting,246002.37191999998,none,none (no hard rule in the regulation matrix)
