model,resource,window,seed,region,level,n_series,n_windows,n_points,MAE,RMSE,WMAPE_pct,Bias,Bias_pct,sMAPE_pct,MedAE,Pearson_r,MASE,n_prob,PICP,CRPS
chronos_2,carbon,holdout,,India,all_zones,11,11,132,35.032401172175554,55.102857118579806,6.935360217033739,30.91566293485237,6.120370046798149,8.6484739023771,14.987277221679676,0.9799575487720258,1.068972944506201,132,0.7121212121212122,25.18719203371071
chronos_2,carbon,holdout,,India,account_zones,9,9,108,36.973047801830155,57.70040286152959,6.469754552743293,32.532433562102135,5.692710573343927,8.643123355118467,16.662496948242165,0.9705211020965897,1.1208737723863857,108,0.7314814814814815,26.301550144788433
chronos_2,carbon,holdout,,US,all_zones,49,49,588,23.001198511967043,30.979861457957192,6.743261851054881,-0.10951789700255031,-0.032107364165429246,8.686977238802534,18.232597656249993,0.9775149168607481,0.7910473139174539,588,0.8792517006802721,16.415754862050786
chronos_2,carbon,holdout,,US,account_zones,36,36,432,22.445286641297518,29.24859553159474,6.443733437907512,-0.7569092510364663,-0.21729824743656118,7.514503157651699,18.573370361328102,0.9711511210744775,0.7814730844106137,432,0.875,15.814234143426393
chronos_2,carbon,holdout,,Europe,all_zones,35,35,420,32.685596781231105,48.52209081277031,11.800448817618857,7.497572102682932,2.7068410727296666,15.585131548514422,19.39338134765626,0.9735338498615597,0.6989270278106786,420,0.8404761904761905,23.746030183301773
chronos_2,carbon,holdout,,Europe,account_zones,21,21,252,31.20171675000872,42.19401263494001,14.544661962137937,6.92830032045879,3.2296231306957446,17.539582598401566,23.443210754394542,0.9647181326835572,0.6632859563848672,252,0.8452380952380952,22.166345526542443
chronos_2,carbon,holdout,,All,all_zones,95,95,1140,27.962221340246366,41.40063282763087,8.31043546176755,6.285483567622672,1.8680599405579428,11.223944229741862,18.45549926757812,0.9778127526435114,0.7892891236304969,1140,0.8456140350877193,20.13202270554598
chronos_2,carbon,holdout,,All,account_zones,66,66,792,27.212481834141897,38.56288634617761,8.094552377839166,6.227840541685469,1.8525168624000639,10.858203915726671,19.857423706054703,0.97797199065416,0.7901500011263904,792,0.8459595959595959,19.265449038239957
chronos_2,carbon,rolling,,India,all_zones,11,22,264,24.77697350559813,41.56028678145571,4.615225323026568,0.16866641449206296,0.0314176187471801,5.9080727829002715,10.401160888671882,0.981586514727606,0.9117748937387544,264,0.8295454545454546,18.076434535472334
chronos_2,carbon,rolling,,India,account_zones,9,18,216,27.79320584897642,45.16626784518308,4.604596489930855,-1.1316194322374087,-0.18747930317688843,5.896659372902987,12.345814208984422,0.9563753223771395,1.0128896523447872,216,0.8194444444444444,20.18956243342628
chronos_2,carbon,rolling,,US,all_zones,49,147,1764,26.027582509825834,35.169794638112286,7.585141184145154,7.008670301632007,2.042516001281892,9.632094937127732,19.648577880859392,0.9730564234910168,0.9154714808986976,1764,0.8321995464852607,18.642271712749295
chronos_2,carbon,rolling,,US,account_zones,36,108,1296,25.74750084935883,34.30629953796788,7.344093618764498,8.260646315916087,2.3562271247424986,8.372643079438728,19.648577880859392,0.9645053382466316,0.9124019077844511,1296,0.8333333333333334,18.366145157812618
chronos_2,carbon,rolling,,Europe,all_zones,35,102,1224,38.32712739028183,55.01323344865661,13.953103297196803,22.92865868344027,8.347245537564875,17.39885729107586,26.602617187499987,0.9705283224050429,0.8638610359260822,1224,0.8047385620915033,27.46968385427597
chronos_2,carbon,rolling,,Europe,account_zones,21,63,756,38.9195885139546,53.554666256073816,17.481528113760895,24.61623758073837,11.056885896118889,20.76285251438704,28.43131317138672,0.9615390376957071,0.8898293047892123,756,0.7817460317460317,27.793832129178366
chronos_2,carbon,rolling,,All,all_zones,95,271,3252,30.555406051204066,44.161920517443995,9.173041844564372,12.445418380699772,3.7362404344409255,12.253059043067603,20.725721435546888,0.9749345560882275,0.8957460554200056,3252,0.8216482164821648,21.918831198120614
chronos_2,carbon,rolling,,All,account_zones,66,189,2268,30.333025785140048,42.694800454358386,9.135566655706464,12.818008571032706,3.8604711750006975,12.266904919037142,21.115355224609374,0.9730433682520989,0.9144479681727369,2268,0.8148148148148148,21.682366269754883
chronos_2,electricity,holdout,,India,all_zones,11,11,132,635.7368326453006,977.6372143020415,7.4853779858054565,-145.13881806344696,-1.7089129618262964,12.488933964261573,382.8465429687494,0.9786449668122118,0.7591812200779097,132,0.8484848484848485,450.20968455281127
chronos_2,electricity,holdout,,India,account_zones,9,9,108,671.0366185393157,1035.8734920107981,7.435584718707176,-104.00770496509689,-1.1524827115242866,11.245200139947933,382.8465429687494,0.972545882635415,0.707306357922714,108,0.8611111111111112,468.78525665611636
chronos_2,electricity,holdout,,US,all_zones,49,49,588,418.0792905119811,609.6282912119079,5.463199113978707,-244.57036452572362,-3.1958928105387514,7.538412935962728,286.88765624999996,0.9978391171127334,0.8735366640671444,588,0.7465986394557823,297.25567804569175
chronos_2,electricity,holdout,,US,account_zones,36,36,432,497.90265810366026,687.762725371691,5.171040468669492,-293.56791085702395,-3.0488922335264577,6.166705584041913,371.0190014648433,0.9975605596453372,0.8951677501137232,432,0.7361111111111112,355.1447541671648
chronos_2,electricity,holdout,,Europe,all_zones,35,35,420,472.6204257238479,915.3860359841913,5.651406834737862,-222.1638638632638,-2.656547009676285,8.181659111425144,197.37841796875,0.9979141247588387,0.756524783703194,420,0.8214285714285714,336.45619271797324
chronos_2,electricity,holdout,,Europe,account_zones,21,21,252,566.6991572607132,1075.8939526409902,5.795128298314303,-331.74279691302587,-3.3924385549565192,7.852665273660259,252.1240234375,0.9978582373340084,0.7910766680786697,252,0.8214285714285714,402.24849057685043
chronos_2,electricity,holdout,,All,all_zones,95,95,1140,463.3758452054742,781.710752739698,5.783796111882373,-224.80221153339585,-2.805951519619809,8.348616593357168,264.48484375,0.9971780245906576,0.8171858672606197,1140,0.7859649122807018,329.4084368363041
chronos_2,electricity,holdout,,All,account_zones,66,66,792,543.4016297130391,879.0011648711503,5.66391157895308,-279.8653465259436,-2.9170552498583575,7.395669288362207,328.91249999999945,0.996834142587582,0.8364303978037958,792,0.7803030303030303,385.62873881874003
chronos_2,electricity,rolling,,India,all_zones,11,22,264,770.8706325877796,1216.4822961437917,9.546406366031983,-611.1064339608859,-7.567898042636872,13.192333948828946,490.14104492187516,0.974545948371009,0.8578700830132748,264,0.8333333333333334,556.2341205561121
chronos_2,electricity,rolling,,India,account_zones,9,18,216,804.2109390654388,1278.0885606324719,9.267540429614014,-630.1755874803332,-7.261997382821642,12.11392443960217,511.6298339843747,0.966821284662276,0.8428462220719487,216,0.8333333333333334,586.5622112875556
chronos_2,electricity,rolling,,US,all_zones,49,147,1764,430.60161922389955,654.0963883252127,5.8012440195798405,-143.8395121379774,-1.9378657030451996,7.997224823835769,284.7618945312497,0.9972005426615945,0.8929041726833363,1764,0.7545351473922902,304.9475948848903
chronos_2,electricity,rolling,,US,account_zones,36,108,1296,510.8001170330282,735.7071672450761,5.458556860477902,-195.82642512945478,-2.0926574617134057,6.379875989117127,376.1299609375001,0.9969242300081058,0.9094319445656753,1296,0.7484567901234568,362.1058130860395
chronos_2,electricity,rolling,,Europe,all_zones,35,102,1224,527.0732383042379,1021.8655974139034,6.262809505444446,-34.36935414208306,-0.4083848356815606,9.469531279027949,213.44158935546875,0.9955188376408322,0.935715082456172,1224,0.7655228758169934,378.0123624474684
chronos_2,electricity,rolling,,Europe,account_zones,21,63,756,593.6889047471303,1155.7830464620386,6.235855422870707,-34.57760534336958,-0.3631884410610194,9.813506083536549,255.289306640625,0.9953106460902948,0.9590723356694184,756,0.7645502645502645,427.9368357498485
chronos_2,electricity,rolling,,All,all_zones,95,271,3252,494.5352850548954,863.2692877801053,6.300280092817896,-140.5698300882459,-1.7908313702175191,8.97312024516216,274.2041894531253,0.9955049956183502,0.9061734081965757,3252,0.7650676506765067,352.84763125444687
chronos_2,electricity,rolling,,All,account_zones,66,189,2268,566.3736007503395,954.0151322123215,6.059235029524553,-183.44340542465292,-1.9625326932819,8.070519206350749,352.7185156249998,0.9951194746357298,0.9196372442199013,2268,0.7619047619047619,405.426287136025
sarima_core,carbon,holdout,,India,all_zones,11,11,132,37.85297867273664,60.087589074622834,7.493749603199727,29.79274957692707,5.898067025333656,9.396085927179325,18.00252078880635,0.9737705026060086,1.2251790655091703,132,0.7575757575757576,27.528699630348857
sarima_core,carbon,holdout,,India,account_zones,9,9,108,41.84196356045431,64.87231818443051,7.321745172102591,32.47082716654731,5.681930335256571,9.561928376977681,20.100806299380906,0.9585980166236295,1.3230432391463764,108,0.7314814814814815,30.620061902366924
sarima_core,carbon,holdout,,US,all_zones,49,49,588,25.902721556418488,36.590767566863555,7.593901422963555,-9.768906824840514,-2.8639506191028996,9.805017502652243,17.626722728186337,0.9705916900642894,0.9035571981869613,588,0.8316326530612245,19.397738407405814
sarima_core,carbon,holdout,,US,account_zones,36,36,432,24.443255815536872,34.39586965202769,7.017322939423024,-11.928232133063474,-3.4244315735101125,8.567218690345161,16.606702167487754,0.9636594890476484,0.8239095648639951,432,0.8634259259259259,18.09197158030234
sarima_core,carbon,holdout,,Europe,all_zones,35,35,420,35.92655047320433,51.610235251727566,12.97052713738703,-15.388945977748579,-5.555856011532302,21.405236754742557,26.2464164888457,0.9720719851223657,0.8245034509153502,420,0.830952380952381,25.78814750132348
sarima_core,carbon,holdout,,Europe,account_zones,21,21,252,32.76337586756521,42.75480457412989,15.272628443820176,-18.128391744032733,-8.450539178556403,25.003908432123602,26.322315241090354,0.9688621878984833,0.7621687845365125,252,0.8531746031746031,23.782595200520444
sarima_core,carbon,holdout,,All,all_zones,95,95,1140,30.979425139229058,45.71624203487154,9.207155258858771,-7.258624192549344,-2.157279536536078,14.031432518367598,20.738279669263477,0.9731895855032119,0.9116725601452552,1140,0.8228070175438597,22.693579373084678
sarima_core,carbon,holdout,,All,account_zones,66,66,792,29.463117797307362,42.43603549541656,8.764020557857737,-7.846593013879494,-2.3340266619396086,13.932716747270007,20.36203266455763,0.9737220182660411,0.8723284539801208,792,0.8421717171717171,21.61100050338054
sarima_core,carbon,rolling,,India,all_zones,11,22,264,26.813399018142878,41.161211500343875,4.994551821149123,-2.6710168464725412,-0.497532298901857,6.425631264327802,16.571104219159167,0.9821232279724619,1.0985315433335083,264,0.8257575757575758,20.2413509664498
sarima_core,carbon,rolling,,India,account_zones,9,18,216,29.238852450990407,43.84058446099406,4.844101759869308,-0.6385177812266423,-0.10578544807571794,5.88903990645388,17.96222019279631,0.958919766781401,1.1692166971269122,216,0.8009259259259259,21.9810374054261
sarima_core,carbon,rolling,,US,all_zones,49,147,1764,27.357630367561516,38.12193829962501,7.97275308697118,-0.0076966805170255595,-0.0022430207780095844,10.26164174990561,19.657369756719262,0.9668202159131102,0.956773167477198,1764,0.814625850340136,20.24700600095381
sarima_core,carbon,rolling,,US,account_zones,36,108,1296,25.82361718053228,35.43722533600321,7.365804675900694,-0.5764923023317542,-0.16443589859817098,8.671001009467641,18.805626484610144,0.9595648337590673,0.9016562355392362,1296,0.8356481481481481,19.059424063467322
sarima_core,carbon,rolling,,Europe,all_zones,35,102,1224,40.88701434354913,59.0292966740806,14.885037661188344,5.832464708446581,2.1233259076662456,21.000901632124467,27.811505009852716,0.9603428332050115,0.937015674374305,1224,0.7924836601307189,29.61062698362486
sarima_core,carbon,rolling,,Europe,account_zones,21,63,756,40.894170244259044,56.75906012750358,18.368451828765206,4.32639320965098,1.9432878767096942,25.06649588348594,29.095016413303906,0.9436873459339651,0.9540259421792381,756,0.7843915343915344,29.778190963496886
sarima_core,carbon,rolling,,All,all_zones,95,271,3252,32.40568968809113,47.30058470894966,9.728515700713926,1.9742347513031462,0.5926852339762397,13.992314359882037,22.31242158891419,0.9693761217935541,0.9608448278917506,3252,0.8071955719557196,23.77086182926879
sarima_core,carbon,rolling,,All,account_zones,66,189,2268,31.172395370389594,44.43544987198637,9.388364277979164,1.0518956798629777,0.31680529223515874,13.871217290996244,21.984858743528562,0.968624064150351,0.9445947531418726,2268,0.8152557319223986,22.910595253187537
sarima_core,electricity,holdout,,India,all_zones,11,11,132,667.6141754847572,991.2428013703782,7.860712476562534,325.1695562224086,3.828655054754974,13.087335882923213,455.17457370966395,0.9830679308207924,0.8093102977727648,132,0.8257575757575758,480.7681276959933
sarima_core,electricity,holdout,,India,account_zones,9,9,108,701.1470738756092,1050.008657959048,7.7692309540783695,386.83016380081904,4.286365863242145,11.470496068442493,455.17457370966395,0.9783466613107588,0.7476171355884931,108,0.8425925925925926,507.32088538303475
sarima_core,electricity,holdout,,US,all_zones,49,49,588,452.5688363376104,655.7792192215041,5.913886963083507,-179.61339683237753,-2.347075716741894,8.429999712420367,308.54753811002183,0.9969491899126715,0.9572494670891003,588,0.8027210884353742,322.49105168175464
sarima_core,electricity,holdout,,US,account_zones,36,36,432,523.9830508537915,712.9778933860695,5.44190218060204,-174.7076178527292,-1.814451373973627,6.873999297311278,391.58691289157923,0.9967229755988724,0.9709554810111422,432,0.8009259259259259,372.4602734657829
sarima_core,electricity,holdout,,Europe,all_zones,35,35,420,533.2326959662756,983.0994031699413,6.376184224103558,-169.7162534957745,-2.029399371605971,12.479204394539318,232.49577028950318,0.9970045743500517,0.9804480686591865,420,0.8095238095238095,377.8085306885755
sarima_core,electricity,holdout,,Europe,account_zones,21,21,252,604.8881532278712,1114.9079335956521,6.185653197421703,-291.27280612116897,-2.9785879503357813,13.576506840927799,289.70296579661635,0.9971346100456724,1.0259230041990535,252,0.7936507936507936,426.2097806600232
sarima_core,electricity,holdout,,All,all_zones,95,95,1140,507.1870870494198,831.6591743439158,6.330642247380412,-117.51852840728536,-1.4668507534629807,10.46108246768031,293.6487104200537,0.9960140594756924,0.9486665217467143,1140,0.8078947368421052,361.19799485433725
sarima_core,electricity,holdout,,All,account_zones,66,66,792,573.8843138394284,907.2621693268217,5.981634637075299,-135.22320753083983,-1.4094405482029069,9.6334103481617,355.8621373744536,0.9957489800874985,0.9579899185587527,792,0.8042929292929293,407.9524728344846
sarima_core,electricity,rolling,,India,all_zones,11,22,264,729.7485142665269,1298.3955631713802,9.037153015947947,-110.01611861388636,-1.3624316852959641,15.952731564769469,469.2844678137808,0.9602552353123113,0.9090832468589193,264,0.8295454545454546,544.0461065220974
sarima_core,electricity,rolling,,India,account_zones,9,18,216,787.6619813708066,1410.479441052185,9.07683407752037,-148.42433912846582,-1.7104076763868432,12.971360347127577,483.64197554212024,0.9483940711764247,0.8379432338193121,216,0.8425925925925926,586.2309164155208
sarima_core,electricity,rolling,,US,all_zones,49,147,1764,483.050247898574,705.7212758994202,6.507853748504036,-43.06408255920512,-0.5801772224070059,9.189046732562497,326.65989110920145,0.995955199697821,1.026993044240957,1764,0.7755102040816326,344.40880677749044
sarima_core,electricity,rolling,,US,account_zones,36,108,1296,565.9275899151321,780.1879557972737,6.047664879969528,-45.353078364769274,-0.4846560304053256,7.412021600532798,424.7638963045915,0.9955578008733297,1.0438604167094374,1296,0.7716049382716049,401.3887775045945
sarima_core,electricity,rolling,,Europe,all_zones,35,102,1224,634.5438882976446,1238.9871150171098,7.539801314970716,-72.77039353714906,-0.8646751138905732,12.483331789285518,290.39373853581355,0.9934214730220499,1.1432363678938504,1224,0.7450980392156863,454.059720065056
sarima_core,electricity,rolling,,Europe,account_zones,21,63,756,729.3678011997059,1448.754262515633,7.660968770025602,-99.4706364385246,-1.0447972038752713,10.939772820675852,319.6018942372036,0.9926427801582212,1.0725131119964555,756,0.7473544973544973,518.4284665416848
sarima_core,electricity,rolling,,All,all_zones,95,271,3252,560.0971600048475,992.368701637452,7.135525196813153,-59.68027633394043,-0.7603147202708864,10.978043566858814,321.4384522083301,0.9937811081284871,1.061173130846825,3252,0.768450184501845,401.88634828934664
sarima_core,electricity,rolling,,All,account_zones,66,189,2268,641.52522143434,1112.1717462398003,6.863229657753639,-73.20857493827786,-0.7832073407727957,9.117399506922842,394.59447495344966,0.9930085359056879,1.0338001548631934,2268,0.7702821869488536,458.0060204132366
sarima_dcf,carbon,holdout,,India,all_zones,11,11,132,29.122473759573452,46.92491455392893,5.765372602954004,22.937553569517412,4.540944702028034,7.349137084177,14.092236971788964,0.9839438832013268,0.9334500344311145,132,0.8257575757575758,22.641965259162422
sarima_dcf,carbon,holdout,,India,account_zones,9,9,108,31.060957175378416,49.657007981669345,5.43522325167961,24.082978550389385,4.214176795895312,7.251920776319593,14.62344235476894,0.9746102816991072,0.9814192077426965,108,0.8240740740740741,24.60943465637349
sarima_dcf,carbon,holdout,,US,all_zones,48,48,576,22.702542147087648,30.531796520078725,6.653011426929513,-5.145464466812464,-1.5078854902139047,8.706714330997906,16.99032949941912,0.9790226217482594,0.7923903185807707,576,0.859375,16.369640336932964
sarima_dcf,carbon,holdout,,US,account_zones,36,36,432,22.155811930971282,29.874143369389497,6.360629225421059,-6.410534206254927,-1.8403763017083414,7.618276641146069,16.575890083033897,0.9708726160352282,0.745343417717569,432,0.8819444444444444,15.833262478386402
sarima_dcf,carbon,holdout,,Europe,all_zones,35,35,420,33.85883812043196,48.95603628624955,12.224022982919223,11.363232694706744,4.102456709420667,17.973449832376616,22.66886972174347,0.9750377665187717,0.8214755832938507,420,0.861904761904762,25.84060270672051
sarima_dcf,carbon,holdout,,Europe,account_zones,21,21,252,31.8417332124607,41.9584983915204,14.843005260718286,8.00923049485721,3.7334980974888916,21.02451975076236,23.92326930356124,0.9647843693880589,0.8115043828346997,252,0.8611111111111112,23.862852666318158
sarima_dcf,carbon,holdout,,All,all_zones,94,94,1128,27.60775073011312,40.324593165777856,8.204567089067018,4.287701480557757,1.2742339931647144,11.998229148372637,17.93329386211002,0.9790726289748028,0.8197269264457876,1128,0.8563829787234043,20.63005796551901
sarima_dcf,carbon,holdout,,All,account_zones,66,66,792,26.45203396295525,37.19154213517279,7.86835157919633,2.335779029095885,0.6947946096689113,11.833941830820372,18.20743693940517,0.9786180165864136,0.7985867870764461,792,0.8674242424242424,19.58488283518111
sarima_dcf,carbon,rolling,,India,all_zones,11,21,252,27.21529910634841,41.32259702624971,4.851173872315464,-3.3408360269228683,-0.5955097675820833,6.069616818331032,18.415999028750832,0.9767524575316742,1.0912948188610831,252,0.8492063492063492,20.22451660354753
sarima_dcf,carbon,rolling,,India,account_zones,9,18,216,28.7602635536032,43.55542097712592,4.764812282829357,-6.0888806710755885,-1.0087659091214567,5.974818863784481,18.557794151614246,0.961347658079103,1.1770758891920803,216,0.8287037037037037,21.00905137814161
sarima_dcf,carbon,rolling,,US,all_zones,49,146,1752,25.599365332375235,35.43953963425797,7.459056522893275,1.7150684793279127,0.4997308551146232,9.553765843830957,18.599012331601358,0.9714185983770991,0.8906706045662331,1752,0.8213470319634704,18.592756113218737
sarima_dcf,carbon,rolling,,US,account_zones,36,108,1296,24.927798646894185,34.13687845527886,7.110285695050702,1.2998079280442258,0.37075097757329784,8.312911619181818,18.3020872419781,0.9622841225603889,0.8620695739254995,1296,0.8341049382716049,17.948612085605344
sarima_dcf,carbon,rolling,,Europe,all_zones,35,102,1224,39.36407034336398,55.83262948370772,14.330605424875802,20.367713322515293,7.414925857156905,18.429222254938622,27.465113184447233,0.9680424502387073,0.9362038877236293,1224,0.8202614379084967,29.353768626699082
sarima_dcf,carbon,rolling,,Europe,account_zones,21,63,756,38.43614571066268,52.03799968544589,17.264379904341546,22.51400522650983,10.112625296114672,22.022401254852326,29.20113032571875,0.9615520371853361,0.9549950763313312,756,0.7817460317460317,28.905879413458774
sarima_dcf,carbon,rolling,,All,all_zones,95,269,3228,30.94484682075549,44.68775667955576,9.258744470752987,8.393119703766004,2.5112339737771636,12.647183778394092,20.531354876695985,0.9729233185928116,0.9235981264333197,3228,0.8231102850061958,22.800526546943274
sarima_dcf,carbon,rolling,,All,account_zones,66,189,2268,29.795577659265497,41.823746342110006,8.973700404291584,7.667522399045161,2.309270511183723,12.660065997224624,20.519166718852205,0.9723367503824193,0.9230453428480702,2268,0.8161375661375662,21.892504937036133
sarima_dcf,electricity,holdout,,India,all_zones,11,11,132,649.1829974174328,989.8575814037345,7.643697624703879,-116.05214099258295,-1.3664367027105155,12.821074613421507,382.3566036484423,0.978124617224468,0.7996478956283858,132,0.8106060606060606,483.31364210786336
sarima_dcf,electricity,holdout,,India,account_zones,9,9,108,698.4108281609465,1055.420594410948,7.738911316877556,-80.73266329107315,-0.8945779423697193,12.060338026244983,397.9682046543994,0.9719390449428637,0.7748566935379098,108,0.8333333333333334,516.5399727989202
sarima_dcf,electricity,holdout,,US,all_zones,32,32,384,424.3691300944801,602.0452292231865,6.788943607319019,-227.1954190244327,-3.634611422500713,8.894389848063415,274.31609202565767,0.9939818139842493,0.9411449145405518,384,0.7994791666666666,299.49507044368005
sarima_dcf,electricity,holdout,,US,account_zones,21,21,252,554.7087885727944,717.5368804619939,6.481475591077533,-272.765490361128,-3.1871189068639403,7.36017662063441,440.6300261118404,0.9896754977288299,0.990255641297101,252,0.7698412698412699,392.07743018097176
sarima_dcf,electricity,holdout,,Europe,all_zones,25,25,300,488.9559491054838,1049.4934063605217,6.659438447155303,-189.1240430168713,-2.5758147040691783,10.234744373701723,178.22789849288745,0.9971593634906143,0.9039079201214393,300,0.84,365.16960718299947
sarima_dcf,electricity,holdout,,Europe,account_zones,17,17,204,576.5604950637035,1188.3598697667676,6.9713390466281115,-273.0947706238624,-3.3020580740096097,9.423107900562865,247.30118508071695,0.9970264275544889,0.9167134483067994,204,0.8529411764705882,424.58099126089706
sarima_dcf,electricity,holdout,,All,all_zones,68,68,816,484.48123326841505,856.7429710392846,6.906514674045827,-195.21952992826533,-2.7829489679384705,10.022366253356015,261.0662191847788,0.9952121918381736,0.9045656194153807,816,0.8161764705882353,353.3754778964595
sarima_dcf,electricity,holdout,,All,account_zones,47,47,564,590.1300091395777,976.8015806318792,6.9073428725986625,-236.1123482512555,-2.7636434693496494,9.006374161257366,369.81303062016127,0.9940351316762902,0.9224086666020402,564,0.8120567375886525,427.66729022182847
sarima_dcf,electricity,rolling,,India,all_zones,11,21,252,622.425672965556,1056.7064107815452,7.805381219014425,-368.5165494746213,-4.621294202825057,12.02047600920279,341.29421091834183,0.9773075380334137,0.7487391168103702,252,0.8373015873015873,483.2452544463755
sarima_dcf,electricity,rolling,,India,account_zones,9,17,204,614.153169087888,1079.4886852439988,7.150613347304903,-338.4157495536837,-3.940190000632348,10.3357603356921,329.5688404364446,0.9723159999130515,0.6863829927143229,204,0.8872549019607843,488.09133380037747
sarima_dcf,electricity,rolling,,US,all_zones,41,106,1272,415.8126319092302,642.3554117759838,6.409210620800127,-86.24397078883683,-1.3293385797871882,8.67461269998496,260.8332354970755,0.9952625060744881,0.8883004191361897,1272,0.8168238993710691,298.18134253937245
sarima_dcf,electricity,rolling,,US,account_zones,28,70,840,526.7566780739986,754.9379757261272,5.9601188550408475,-122.30607579793949,-1.3838623766758402,6.705543684740095,383.08070888984867,0.9940221768389814,0.9178526315813642,840,0.8095238095238095,378.1541871693006
sarima_dcf,electricity,rolling,,Europe,all_zones,32,70,840,554.3552020230707,1084.4263146139801,6.736361080682684,117.75992494282504,1.430983911315307,11.364107342059196,210.74867168874545,0.9955044993341132,1.026278101106396,840,0.7773809523809524,433.826765300501
sarima_dcf,electricity,rolling,,Europe,account_zones,20,47,564,569.7296846589326,1128.5120367057973,6.4834626783432565,147.74888154751466,1.6813664182755885,10.226760539057153,231.94848147980838,0.9958046826408793,0.970698452178556,564,0.7872340425531915,454.379575688494
sarima_dcf,electricity,rolling,,All,all_zones,84,197,2364,487.0656967323351,871.1553615286085,6.704246612996532,-43.845247190791866,-0.603510680277697,9.986936326577707,251.50810910930056,0.9943615230078241,0.922450928725389,2364,0.8049915397631133,366.10784885067227
sarima_dcf,electricity,rolling,,All,account_zones,57,134,1608,552.9169143182374,944.590157785229,6.291252574443777,-55.00220608608357,-0.6258314073567975,8.401147231151183,329.17461548658184,0.9937117521327263,0.9070225547703815,1608,0.8115671641791045,418.8372077150498
seasonal_naive,carbon,holdout,,India,all_zones,11,11,132,35.13977272727272,57.52365961853514,6.956616550791796,32.13704545454546,6.362166996291514,8.452911875990692,15.759999999999991,0.9780447658430417,1.0553812772622702,132,0.7045454545454546,27.087318677321555
seasonal_naive,carbon,holdout,,India,account_zones,9,9,108,36.52212962962963,60.089965306659614,6.390850321933178,32.995462962962954,5.773734095946924,8.37316518659498,16.314999999999998,0.9664034850825948,1.0946173537240702,108,0.7314814814814815,28.0437277700707
seasonal_naive,carbon,holdout,,US,all_zones,49,49,588,26.294693877551023,38.07761967439703,7.708815956586107,-1.5973469387755106,-0.4682942356042925,9.82884992403363,16.924999999999983,0.9659902477483848,0.9126013944701229,588,0.7772108843537415,19.62355255269055
seasonal_naive,carbon,holdout,,US,account_zones,36,36,432,24.606504629629633,35.059060047799136,7.064189431211673,-0.7146527777777768,-0.20516699448993714,8.272093933725051,16.454999999999984,0.9578412620637876,0.841688280419222,432,0.7870370370370371,18.0709884632148
seasonal_naive,carbon,holdout,,Europe,all_zones,35,35,420,34.23983333333333,49.196383686782745,12.361573309434359,5.244261904761905,1.8933307110019468,16.140073439151397,21.784999999999997,0.9727672246669233,0.7668446837562928,420,0.7714285714285715,24.74620262237178
seasonal_naive,carbon,holdout,,Europe,account_zones,21,21,252,31.1965873015873,42.415646877066486,14.542270872764886,1.9361904761904765,0.9025540548339696,17.635046222178882,22.970000000000013,0.9636525053650332,0.6817316434454003,252,0.7936507936507936,22.658441109505013
seasonal_naive,carbon,holdout,,All,all_zones,95,95,1140,30.246017543859654,44.974142551533035,8.989184861788955,4.829333333333333,1.4352887956102494,11.994718392461522,18.610000000000014,0.9737073744967863,0.8754339611620131,1140,0.7666666666666667,22.375070234898804
seasonal_naive,carbon,holdout,,All,account_zones,66,66,792,28.328207070707073,41.65642686903126,8.426433035461612,4.725631313131314,1.405673705751672,11.264997559988078,18.26000000000002,0.974135352004481,0.8252833150145763,792,0.7815656565656566,20.890551483423856
seasonal_naive,carbon,rolling,,India,all_zones,11,22,264,26.16704545454545,42.81705120025021,4.874155061081987,-0.7508333333333324,-0.13985828465246164,6.098447999505862,13.89500000000001,0.980433646980083,1.0371169739742825,264,0.7424242424242424,19.801171398867886
seasonal_naive,carbon,rolling,,India,account_zones,9,18,216,29.03111111111111,46.24152456877307,4.809684533960948,-2.4992592592592575,-0.4140609210447089,5.960687887246711,15.420000000000016,0.9543363418863172,1.150579415522292,216,0.7453703703703703,21.958642009820238
seasonal_naive,carbon,rolling,,US,all_zones,49,147,1764,29.258701814058956,41.41987931188217,8.526776700857964,6.356230158730159,1.8523773052948143,10.700184743595228,20.230000000000018,0.9622311571029435,1.0251909942007278,1764,0.7482993197278912,21.66701961633012
seasonal_naive,carbon,rolling,,US,account_zones,36,108,1296,28.466550925925926,38.96824260686237,8.119662417975347,7.188356481481482,2.050372316673492,9.33041055269014,20.764999999999986,0.9537682258029828,0.9969810755621809,1296,0.7415123456790124,20.741080489394587
seasonal_naive,carbon,rolling,,Europe,all_zones,35,102,1224,43.68078431372549,61.52495135085838,15.902117824424405,23.196454248366013,8.444737299519556,19.439200418543503,31.49499999999999,0.9628593777781934,0.9812729828001547,1224,0.6944444444444444,31.92566393186025
seasonal_naive,carbon,rolling,,Europe,account_zones,21,63,756,43.11571428571429,58.122650430978226,19.366303710028884,24.229153439153436,10.883019147731202,22.880408785269815,33.690000000000005,0.9539632522229259,0.9839477247697035,756,0.6904761904761905,31.4220625811244
seasonal_naive,carbon,rolling,,All,all_zones,95,271,3252,34.43595633456334,50.041655765745475,10.338022276162597,12.117659901599017,3.637844025024415,13.61583563095596,22.50999999999999,0.9674437223630051,1.00962912848914,3252,0.7275522755227553,25.37673570267663
seasonal_naive,carbon,rolling,,All,account_zones,66,189,2268,33.403373015873015,46.87701326376143,10.060280265921572,11.945992063492064,3.5978410969483927,13.526150662079232,23.405,0.9668811237820666,1.0072650386275561,2268,0.7248677248677249,24.417366093345063
seasonal_naive,electricity,holdout,,India,all_zones,11,11,132,575.182803030303,793.4959407855732,6.772394598723952,-161.2568939393939,-1.8986925752448414,12.044339712906156,425.21500000000015,0.9862705045844014,0.7721232546781778,132,0.7272727272727273,418.9295135382706
seasonal_naive,electricity,holdout,,India,account_zones,9,9,108,574.9576851851851,794.5664428345207,6.370958692496057,-90.90064814814808,-1.0072467755369554,11.114180911300013,439.3600000000006,0.984005347955084,0.7294535377365506,108,0.7592592592592593,422.875763701957
seasonal_naive,electricity,holdout,,US,all_zones,49,49,588,481.84620748299324,716.9910434135172,6.296465368020064,-230.2623299319728,-3.0089243486002712,8.84068419086802,340.8800000000001,0.9967981106468724,1.0091492226095415,588,0.7193877551020408,341.60508951323294
seasonal_naive,electricity,holdout,,US,account_zones,36,36,432,564.2796296296297,798.3972940061789,5.860408160048738,-268.5459259259259,-2.789022769929001,7.377839395465534,413.44500000000016,0.9965011940513668,1.0269238666699605,432,0.7199074074074074,400.1130201616702
seasonal_naive,electricity,holdout,,Europe,all_zones,35,35,420,466.2857142857143,805.6780640287675,5.57565887809225,-102.0,-1.2196753795826796,9.225791270815305,210.0,0.9977632749393605,0.8641424456415213,420,0.7547619047619047,336.6581391055544
seasonal_naive,electricity,holdout,,Europe,account_zones,21,21,252,523.8888888888889,871.5772056432095,5.357345756164072,-175.95238095238096,-1.7993085201356989,9.079178766796574,250.0,0.9979363641138292,0.8781260191293765,252,0.7063492063492064,378.34781861124884
seasonal_naive,electricity,holdout,,All,all_zones,95,95,1140,486.9207894736842,759.7425155856562,6.0776809971693355,-175.0176842105263,-2.1845476235357735,9.353515333400383,280.1199999999999,0.9969684903348784,0.9282805611240077,1140,0.7333333333333333,348.73588319751366
seasonal_naive,electricity,holdout,,All,account_zones,66,66,792,552.8841287878788,821.8823777527292,5.762748301867875,-214.8599873737374,-2.2395000379046937,8.428675765775566,377.4249999999993,0.9968647329407938,0.9390149612343097,792,0.7209595959595959,396.2917392420298
seasonal_naive,electricity,rolling,,India,all_zones,11,22,264,810.3215151515152,1314.4456340175805,10.034963252922003,-583.4206818181818,-7.225039683100913,15.23649566504432,477.27500000000055,0.9666074502983694,0.9257469741707935,264,0.6893939393939394,587.3848650140847
seasonal_naive,electricity,rolling,,India,account_zones,9,18,216,845.8068518518519,1386.666377895269,9.746882085800333,-610.8816666666667,-7.0396587120815814,14.03626444328376,495.2650000000003,0.9570735818553109,0.8961321211220074,216,0.7083333333333334,612.4952555112822
seasonal_naive,electricity,rolling,,US,all_zones,49,147,1764,505.58159297052157,770.0630699314693,6.811405395818582,-130.57465419501133,-1.7591560225035778,9.478819229281536,338.385,0.9956530478385653,1.0615506628997784,1764,0.7148526077097506,363.2030845806565
seasonal_naive,electricity,rolling,,US,account_zones,36,108,1296,597.7465817901235,864.1328692302056,6.387691772292057,-173.65479166666665,-1.8557250141460966,7.748594195815424,439.11999999999966,0.9951645554040244,1.0824593542235628,1296,0.7276234567901234,429.31802311830876
seasonal_naive,electricity,rolling,,Europe,all_zones,35,102,1224,623.9215686274509,1193.106287963937,7.413584387671595,-21.274509803921568,-0.25278878254631304,11.243686510094191,250.0,0.9938825484771542,1.1098524983876368,1224,0.6813725490196079,447.4158421602942
seasonal_naive,electricity,rolling,,Europe,account_zones,21,63,756,702.6322751322751,1353.8418291708595,7.380150189995207,-21.75925925925926,-0.2285499927058513,11.240637674325619,290.0,0.9935591542052179,1.112620205717078,756,0.6851851851851852,502.35737666767693
seasonal_naive,electricity,rolling,,All,all_zones,95,271,3252,574.8618726937269,998.8530806049708,7.323624667651915,-126.19826260762606,-1.6077404902802315,10.610499466291397,316.3349999999998,0.993830989092494,1.068706035843409,3252,0.7001845018450185,413.0986581698021
seasonal_naive,electricity,rolling,,All,account_zones,66,189,2268,656.3332671957672,1104.894060085736,7.021650582524096,-164.66360229276899,-1.7616207142745206,9.511434426506282,406.8400000000006,0.9932712996167026,1.074767520616491,2268,0.7116402116402116,471.1099250055242
timesfm_2p5,carbon,holdout,,India,all_zones,11,11,132,36.027229828112056,58.10363766107816,7.132306325558753,33.27123270208185,6.586701908316857,8.875986932881574,11.860605468750009,0.9782002938036257,1.1322295446647495,132,0.7196969696969697,26.692216076340806
timesfm_2p5,carbon,holdout,,India,account_zones,9,9,108,38.01558329264323,60.99377536268384,6.652183352614925,35.27192025643808,6.17208156293225,8.781763157225685,13.228586425781259,0.969939446360791,1.1865794501221574,108,0.7314814814814815,28.22369699856777
timesfm_2p5,carbon,holdout,,US,all_zones,49,49,588,24.603151920344555,33.88688782691024,7.212906565449185,6.0070729272544,1.7610936963038721,9.393408778777175,17.74202392578121,0.9739432700905871,0.832614581867098,588,0.9115646258503401,17.86452072885138
timesfm_2p5,carbon,holdout,,US,account_zones,36,36,432,23.396821727752688,31.27462648579688,6.716906088893045,4.7301443728694235,1.3579594659980154,7.71140266889548,17.922249755859355,0.967657249808558,0.8195990662354646,432,0.9120370370370371,17.03972027759735
timesfm_2p5,carbon,holdout,,Europe,all_zones,35,35,420,33.12981211180914,49.394679464331276,11.960823440960528,13.723088712601436,4.954433203608677,15.692544201205871,19.603776245117217,0.974204835038463,0.7330302101746315,420,0.8761904761904762,24.375218639789733
timesfm_2p5,carbon,holdout,,Europe,account_zones,21,21,252,32.45991623954168,43.618849764686715,15.131170916206504,12.00095345512269,5.5942374141340165,17.598867696397512,24.01530792236329,0.9647567530963966,0.7104397930731964,252,0.9007936507936508,23.29434022354766
timesfm_2p5,carbon,holdout,,All,all_zones,95,95,1140,29.067341011783533,43.38303082584926,8.638879529071342,12.006718295783328,3.5684238491136937,11.654230878568258,17.865159912109334,0.9769800777756894,0.8306178616727595,1140,0.8763157894736842,21.285353104695865
timesfm_2p5,carbon,holdout,,All,account_zones,66,66,792,28.274001103988805,40.573265618258176,8.410309072955481,11.208371246800281,3.33401226247809,11.003372516963882,18.883416748046926,0.976771933097913,0.8349093498502012,792,0.8838383838383839,20.55491435871387
timesfm_2p5,carbon,rolling,,India,all_zones,11,22,264,24.248956314433705,41.10655462133848,4.516871167257511,4.871980220332294,0.9075073870939815,5.7499038488395975,12.066341552734343,0.9821461669439208,0.9520005873789724,264,0.8068181818181818,18.514886845103
timesfm_2p5,carbon,rolling,,India,account_zones,9,18,216,26.51890871401186,44.26751922261648,4.393479278527809,4.013476958098239,0.6649266016341229,5.5079321052752,13.609102783203099,0.9575713936985449,1.0453666675554554,216,0.8101851851851852,20.452647073765927
timesfm_2p5,carbon,rolling,,US,all_zones,49,147,1764,28.71687742038649,39.55731503706697,8.368874424629734,12.625799257706625,3.6794992349453,10.385316496791445,20.95909881591794,0.9680472810461211,0.9983231244919243,1764,0.8463718820861678,20.762157470129083
timesfm_2p5,carbon,rolling,,US,account_zones,36,108,1296,27.863062024764076,37.96855692103576,7.947526139042926,12.563082779542901,3.5834334607099847,8.934274088715659,21.29024780273437,0.9590061089338282,0.9806668745840279,1296,0.8495370370370371,20.144751662456343
timesfm_2p5,carbon,rolling,,Europe,all_zones,35,102,1224,40.82672452066459,59.12438009165225,14.863088974089738,29.15467996235767,10.613846870627656,17.901692594835136,26.734006652832015,0.9696873680820868,0.9195057198823724,1224,0.8161764705882353,29.478266622590002
timesfm_2p5,carbon,rolling,,Europe,account_zones,21,63,756,40.91373971484956,55.83592019958295,18.377241856187435,29.803012871515186,13.386631957872972,21.095323578313234,30.23025604248047,0.9634895322048701,0.9447236837234476,756,0.8148148148148148,29.378046823224064
timesfm_2p5,carbon,rolling,,All,all_zones,95,271,3252,32.9121177890116,47.97592890864814,9.880550537142607,18.217540265279208,5.469089786547194,12.838051861166042,21.793607177734373,0.9726487709898698,0.964897031921226,3252,0.8317958179581796,23.860324185259856
timesfm_2p5,carbon,rolling,,All,account_zones,66,189,2268,32.08527332043521,45.27277757895283,9.66330082470679,17.495477970062744,5.2692107375338875,12.661638967777664,22.223691101074174,0.9717184115442252,0.9748476960087326,2268,0.8342151675485009,23.251840088551255
timesfm_2p5,electricity,holdout,,India,all_zones,11,11,132,600.9841459054658,910.8595570482952,7.076188234776682,-258.69713276256215,-3.0459865201050635,12.53741745755763,360.69897460937545,0.983040376910227,0.76092889532358,132,0.8484848484848485,453.4523849121076
timesfm_2p5,electricity,holdout,,India,account_zones,9,9,108,614.4726068454319,937.6059052729696,6.808813407932315,-207.43298578332966,-2.2985117304085865,10.98148096375887,354.4053808593749,0.9791635495677555,0.6891796843115524,108,0.8888888888888888,461.4861703904331
timesfm_2p5,electricity,holdout,,US,all_zones,49,49,588,451.83115717647837,683.8100377763237,5.9042474324228005,-261.981477959821,-3.4234103691579767,7.92972415162813,311.5755566406251,0.9973108681091056,0.9258304920699502,588,0.7908163265306123,318.39814929967343
timesfm_2p5,electricity,holdout,,US,account_zones,36,36,432,542.8483455855758,776.1796875129457,5.6378304427305865,-318.1565084725839,-3.3042606901283085,6.648189611962535,403.7874853515625,0.9969252238084115,0.954378703136508,432,0.7777777777777778,383.0251532403236
timesfm_2p5,electricity,holdout,,Europe,all_zones,35,35,420,480.1353113446917,915.1837182871325,5.7412668442684796,-194.8534331185477,-2.329979754920127,8.603112194652772,207.91683197021484,0.9976835402826117,0.7949158055016808,420,0.85,338.24989118206037
timesfm_2p5,electricity,holdout,,Europe,account_zones,21,21,252,563.8786707681323,1062.9125322824846,5.766285691300069,-295.2685643150693,-3.0194490158341365,8.706213819915632,251.9512939453125,0.9976605014507095,0.8324788181628192,252,0.8531746031746031,399.27564738375116
timesfm_2p5,electricity,holdout,,All,all_zones,95,95,1140,479.5293495123344,803.6310492637562,5.985422019598526,-236.8698004165114,-2.956577570554788,8.711336866060625,273.1963940429689,0.9970359801494891,0.858504896342587,1140,0.8192982456140351,341.34980780093997
timesfm_2p5,electricity,holdout,,All,account_zones,66,66,792,559.3067574063696,898.8693591871834,5.829691790091853,-295.77531860120365,-3.0828859543144196,7.893918862465293,350.63668457031235,0.9967459964420738,0.8794288735323857,792,0.8169191919191919,398.89499462461094
timesfm_2p5,electricity,rolling,,India,all_zones,11,22,264,769.5315817954324,1205.0540253676165,9.529823657509814,-641.3303606206722,-7.942188972494825,12.872539072735382,502.596435546875,0.9772255761895684,0.8390873253755337,264,0.7954545454545454,550.1588950850322
timesfm_2p5,electricity,rolling,,India,account_zones,9,18,216,803.4290735597964,1263.182458051431,9.25853039277905,-662.2085546592431,-7.631137870709099,11.97457643748522,534.2262500000002,0.9703492633296436,0.8296777472980078,216,0.8055555555555556,577.8980846948921
timesfm_2p5,electricity,rolling,,US,all_zones,49,147,1764,446.36159777202306,685.4905437821996,6.013569002160709,-152.24277299288445,-2.051077926602006,8.122489068426633,289.16973632812426,0.9969200689095733,0.9199365088384669,1764,0.7913832199546486,315.70080994606894
timesfm_2p5,electricity,rolling,,US,account_zones,36,108,1296,529.2755164064007,771.5032127754242,5.6559902882252775,-211.07985044502917,-2.255659948646533,6.576465585213088,391.24453124999945,0.9966072362625515,0.9354084148234544,1296,0.7862654320987654,374.5097505090256
timesfm_2p5,electricity,rolling,,Europe,all_zones,35,102,1224,534.8678423999961,1010.0244500502947,6.355426844126158,-14.805256432177973,-0.1759195762097588,9.746713439808078,234.8372802734375,0.9956233219265218,0.9412549952546951,1224,0.7859477124183006,375.14204265297855
timesfm_2p5,electricity,rolling,,Europe,account_zones,21,63,756,608.5795627472893,1153.1432016115943,6.392260553062509,-12.57676473748747,-0.13210098077179772,10.114456993350213,267.2862548828125,0.9953445657900399,0.972970143616418,756,0.7738095238095238,426.4800279943035
timesfm_2p5,electricity,rolling,,All,all_zones,95,271,3252,505.90911290327125,869.9101900964566,6.4451803726114925,-140.2180506261659,-1.7863497706047455,9.119433666122942,279.572783203125,0.9954150671393093,0.9213970386475839,3252,0.7896678966789668,357.1070225260024
timesfm_2p5,electricity,rolling,,All,account_zones,66,189,2268,581.8200611060679,967.1273377647993,6.224485905528656,-187.87679370577374,-2.0099624137647445,8.269901850046619,356.8724365234375,0.9949709721080815,0.9378594037043998,2268,0.7839506172839507,411.20349387896266
xlstm,carbon,holdout,42.0,India,all_zones,11,11,132,40.11821178170542,61.74477555457722,7.942197527423876,26.81209654291471,5.307987505198197,9.58295849607783,20.98415305942291,0.9700813098733033,1.31775489790213,0,,
xlstm,carbon,holdout,42.0,India,account_zones,9,9,108,42.31975326323399,64.4671464136404,7.405351536429951,27.059705949707162,4.73506151568459,9.499182417144235,22.05944815129044,0.9519776131057139,1.3958163295614077,0,,
xlstm,carbon,holdout,42.0,US,all_zones,49,49,588,29.65444203811869,39.651351783219006,8.693793395414804,5.332570392202309,1.5633497739299944,10.6713428272264,22.9626010605693,0.9634488215436663,1.0424769240795329,0,,
xlstm,carbon,holdout,42.0,US,account_zones,36,36,432,28.3323292289457,37.834940021961884,8.133822487722437,5.092364076176246,1.4619477665872647,9.12173135288655,21.054475475773216,0.9496938827749768,0.9926091494190871,0,,
xlstm,carbon,holdout,42.0,Europe,all_zones,35,35,420,41.11096426882373,61.47871458257654,14.84225094448282,15.158407116499417,5.4726247934868955,18.882670152865526,24.708163319788873,0.9602785293774511,0.8720311500045475,0,,
xlstm,carbon,holdout,42.0,Europe,account_zones,21,21,252,37.73087816946844,50.906238766103925,17.58822672824164,6.456005486451113,3.0094631708402098,21.232577208426456,26.70015664886681,0.9462711558962323,0.8369134105505717,0,,
xlstm,carbon,holdout,42.0,All,all_zones,95,95,1140,35.0868604092148,51.42833314327975,10.427894316362545,11.4397185291311,3.3999102353251307,13.57054523517098,23.143468585759393,0.96643149796583,1.0115554042839967,0,,
xlstm,carbon,holdout,42.0,All,account_zones,66,66,792,33.2301526237877,46.605670331428634,9.884552705492736,8.521796598563375,2.534870922130211,13.026652906593474,23.143468585759393,0.9669683123976898,0.9980523934348758,0,,
xlstm,carbon,holdout,43.0,India,all_zones,11,11,132,39.65764160303567,59.66079695455241,7.851018504935538,26.647560322414524,5.27541428955392,9.435226188387723,21.648583736121623,0.9725148988696108,1.3139278396475311,0,,
xlstm,carbon,holdout,43.0,India,account_zones,9,9,108,41.77794749044709,62.023201259375575,7.310543275450796,26.823897233726807,4.693798363077654,9.323492718132194,23.839213619530227,0.9566671151140833,1.3917001797028534,0,,
xlstm,carbon,holdout,43.0,US,all_zones,49,49,588,29.139286672579512,39.2408498762874,8.542765286075232,2.9880434753040035,0.8760047684396857,10.499768918029291,21.46202277943494,0.9637257126538815,1.0296882776712268,0,,
xlstm,carbon,holdout,43.0,US,account_zones,36,36,432,27.630783417172974,37.40243007458222,7.932418323107031,3.1818315160538395,0.9134601157670424,8.846238202229841,20.75926051050422,0.950515777518229,0.9644858223428698,0,,
xlstm,carbon,holdout,43.0,Europe,all_zones,35,35,420,41.5811975644998,61.9936357295909,15.01201880814172,17.3891790147272,6.27799817507176,19.0319495653681,24.144891483783702,0.9600340134920312,0.8714560419733114,0,,
xlstm,carbon,holdout,43.0,Europe,account_zones,21,21,252,38.44074168633299,52.2469320654059,17.919129190268716,10.076769621412867,4.697280248650095,21.47016543065597,26.549550812784545,0.9444984828599684,0.8373633593267819,0,,
xlstm,carbon,holdout,43.0,All,all_zones,95,95,1140,34.94106336155034,51.208373982293466,10.38456310385305,11.033247993177978,3.2791062721833844,13.519941050985093,22.667900339439512,0.9665492717077725,1.0043041401166197,0,,
xlstm,carbon,holdout,43.0,All,account_zones,66,66,792,32.99947433098854,46.43476712791493,9.815935754827448,8.599593511078027,2.5580121845487658,12.92802248162484,22.341669802963708,0.967196003181205,0.9822942692050216,0,,
xlstm,carbon,holdout,44.0,India,all_zones,11,11,132,40.13475753775487,60.71827348460059,7.945473088745013,27.45621406975683,5.435503373973502,9.534878032841133,23.79374722592533,0.9717480674383293,1.3221721884251558,0,,
xlstm,carbon,holdout,44.0,India,account_zones,9,9,108,42.39503913503554,63.30983843519058,7.418525487207717,27.857271926496878,4.874624154315453,9.453065727395728,27.633085967898353,0.9559963527250603,1.4026756666907938,0,,
xlstm,carbon,holdout,44.0,US,all_zones,49,49,588,29.495600868346436,39.52908947589833,8.6472259263351,2.5942780892239248,0.7605645619287853,10.651691309516522,22.351211285740106,0.9630631188929258,1.0411504070472408,0,,
xlstm,carbon,holdout,44.0,US,account_zones,36,36,432,28.07601814072941,37.65444851238658,8.060239095536796,2.6412254620421063,0.7582595445896068,9.015046640796841,21.054130959361828,0.9499259343094713,0.9810302182734956,0,,
xlstm,carbon,holdout,44.0,Europe,all_zones,35,35,420,40.80840665270043,61.070751925077346,14.733018866288244,15.099943042640435,5.451517566476173,18.7650795510786,23.979165295213434,0.9608812673813958,0.864276004110034,0,,
xlstm,carbon,holdout,44.0,Europe,account_zones,21,21,252,37.12183670368592,50.9381489785007,17.30432240619086,7.144960074296864,3.3306189478689756,20.950694525429668,27.05808676376938,0.9467770045120091,0.8218191915592045,0,,
xlstm,carbon,holdout,44.0,All,all_zones,95,95,1140,34.89537903482941,51.05785973142785,10.370985618566426,10.080378817175921,2.995911396700614,13.511519124371718,23.1683267451823,0.9666343643051086,1.0085255174930812,0,,
xlstm,carbon,holdout,44.0,All,account_zones,66,66,792,32.90682690998459,46.31981805920118,9.788377099701501,7.512783720185181,2.2347326383923694,12.872482661352592,22.994294061660767,0.967269205005124,0.9878692709213073,0,,
xlstm,carbon,holdout,45.0,India,all_zones,11,11,132,39.38680552539726,60.94343470728233,7.797401119448333,26.415852334749975,5.229543087299763,9.406561499041798,20.782143698632666,0.9710153279662254,1.3212608628331528,0,,
xlstm,carbon,holdout,45.0,India,account_zones,9,9,108,41.56945398137526,63.710518037930925,7.274059893372997,26.757502571377497,4.682180246786169,9.316346819563973,21.72094074100255,0.9547647724626903,1.4038903519711496,0,,
xlstm,carbon,holdout,45.0,US,all_zones,49,49,588,29.270361359887655,39.14212115714345,8.581192454907505,2.344491819682704,0.687334716038873,10.587069207847046,22.71011699080468,0.96379313599964,1.0423153101609615,0,,
xlstm,carbon,holdout,45.0,US,account_zones,36,36,432,27.865156273139743,37.541007191345706,7.999703550204654,2.0840720120084453,0.5983084433449539,8.958212824825774,21.123876428157146,0.9504126212944337,0.983444908326168,0,,
xlstm,carbon,holdout,45.0,Europe,all_zones,35,35,420,39.70595657843679,58.84954933476209,14.335002401653938,12.414471404306854,4.481984385502725,19.37171427610433,24.79925297357144,0.9622740395327016,0.8630129681089216,0,,
xlstm,carbon,holdout,45.0,Europe,account_zones,21,21,252,37.956218462316315,51.63776502581478,17.69326897358285,6.141832298988706,2.863011523777974,22.508872396934507,28.03483595669269,0.9445949771727953,0.8591784908356287,0,,
xlstm,carbon,holdout,45.0,All,all_zones,95,95,1140,34.28643208062266,49.9623787253584,10.190005205708763,8.84169446313097,2.6277716034941454,13.68682702460649,22.977288351655012,0.9676339867688839,1.0085555112933056,0,,
xlstm,carbon,holdout,45.0,All,account_zones,66,66,792,32.94471665718259,46.590200108499914,9.799647683000247,6.739736270507034,2.004784002684917,13.318622778870123,23.52596279866995,0.966665562087133,1.0012390632580392,0,,
xlstm,carbon,holdout,46.0,India,all_zones,11,11,132,37.3673922317001,58.04412511182293,7.397618114280532,26.935450702413476,5.332407913213873,9.125128308621862,20.60995770007372,0.9746594442967818,1.1924618197660866,0,,
xlstm,carbon,holdout,46.0,India,account_zones,9,9,108,39.06680893340597,60.25371991458927,6.836132804435572,27.319558477843263,4.780531991528542,8.96459117372943,21.760433808565097,0.961745282126153,1.2455671499488883,0,,
xlstm,carbon,holdout,46.0,US,all_zones,49,49,588,29.94545124027713,40.31201157885101,8.779108569326285,0.47665182832539943,0.1397400265255722,10.8800047947807,22.345016453005343,0.9613828842765926,1.0389207159847396,0,,
xlstm,carbon,holdout,46.0,US,account_zones,36,36,432,28.29657698641583,38.12934621004283,8.123558510061933,-0.7669494190606864,-0.22018064174293825,9.11392910972724,21.46104657590385,0.9484368136093769,0.9694682124628679,0,,
xlstm,carbon,holdout,46.0,Europe,all_zones,35,35,420,39.823295815264714,58.97917055356437,14.37736527077192,14.10219702083493,5.091302302789767,18.367790661956942,23.99651925817132,0.9631838724396388,0.8304502390429096,0,,
xlstm,carbon,holdout,46.0,Europe,account_zones,21,21,252,37.249655060851794,50.36788572466687,17.36390485841387,8.239457731563592,3.8408183888433896,20.85506837483627,26.94914590671656,0.9483106319376036,0.8125033909704593,0,,
xlstm,carbon,holdout,46.0,All,all_zones,95,95,1140,34.444039777437325,50.09855237226019,10.236846569873594,8.560239926775951,2.5441226783483626,13.435466521132502,22.747245627790733,0.9675316631681941,0.9798942470229582,0,,
xlstm,carbon,holdout,46.0,All,account_zones,66,66,792,32.61395163923502,45.774230635564486,9.701259201609535,5.928703932988486,1.7635364833965967,12.829381884625867,22.64059010982514,0.9676834458615317,0.9571747152815588,0,,
xlstm,carbon,rolling,42.0,India,all_zones,11,22,264,32.96557504822077,47.626668411315165,6.140522235950482,-7.186653357963213,-1.3386632777401861,7.455604660033371,21.232864487767188,0.9762128319882573,1.1959993505867546,0,,
xlstm,carbon,rolling,42.0,India,account_zones,9,18,216,35.81551702923245,50.16225246307949,5.933680515086608,-11.845368929444632,-1.96246321819926,7.442052803608555,24.590675114989267,0.9495994380170796,1.3196130585672012,0,,
xlstm,carbon,rolling,42.0,US,all_zones,49,147,1764,33.433500558397924,45.33228677056484,9.743425918250642,10.385519785469636,3.02662123206337,12.093569994716102,24.7900564609468,0.9541010088782003,1.1637907859202408,0,,
xlstm,carbon,rolling,42.0,US,account_zones,36,108,1296,33.125983054295126,44.577183459416354,9.448696484669034,10.458037882686313,2.983000553272981,10.744127614641048,24.7900564609468,0.9361080303451699,1.156241984636056,0,,
xlstm,carbon,rolling,42.0,Europe,all_zones,35,102,1224,47.1546300255741,66.68587490615734,17.16678155886953,32.737209737800676,11.918077357640735,20.812290146269653,33.0159256279469,0.9605451074016924,1.0427987810747466,0,,
xlstm,carbon,rolling,42.0,Europe,account_zones,21,63,756,46.51216577072456,62.85474979292562,20.891889267053543,31.646451039385816,14.21464986320246,24.63393305026691,35.76755820140241,0.9459189906798904,1.0608475895985907,0,,
xlstm,carbon,rolling,42.0,All,all_zones,95,271,3252,38.559924338575314,54.52189302296529,11.576079168715518,17.37180969684323,5.215192918657764,14.99864091019744,26.851616675369428,0.962108773553315,1.1208660771690335,0,,
xlstm,carbon,rolling,42.0,All,account_zones,66,189,2268,37.84419005262278,51.884965969670866,11.397745915817236,15.396708286145106,4.637112559191306,15.059579444513238,27.838286780863996,0.9591940760457297,1.1400030028551051,0,,
xlstm,carbon,rolling,43.0,India,all_zones,11,22,264,32.46811140472972,46.83488601339298,6.047859312280398,-7.899912549073268,-1.4715225989138885,7.3561056037423675,21.097334281206145,0.9771500774449595,1.1802594965665192,0,,
xlstm,carbon,rolling,43.0,India,account_zones,9,18,216,35.26156327326403,49.316353074881306,5.841905081400531,-12.636842664931375,-2.0935894079629693,7.309880948021334,25.27188701272013,0.9520995172753799,1.3003646575426624,0,,
xlstm,carbon,rolling,43.0,US,all_zones,49,147,1764,32.255626360477876,44.10154820574916,9.400161533822605,9.78043148806889,2.8502821439853285,11.707599938066481,24.003015780299894,0.9564521008789661,1.124997796066237,0,,
xlstm,carbon,rolling,43.0,US,account_zones,36,108,1296,31.732185324708368,43.118423462425895,9.051136307019348,10.43799903374614,2.9772847681375634,10.227315581214853,24.107079102471516,0.9407577905578032,1.1055227305698163,0,,
xlstm,carbon,rolling,43.0,Europe,all_zones,35,102,1224,46.928411727123375,66.54909783795495,17.08442612289184,33.287434787734725,12.1183884031375,20.949005687861757,33.04266978263851,0.9608773151721463,1.0424030617508788,0,,
xlstm,carbon,rolling,43.0,Europe,account_zones,21,63,756,46.702409424519544,63.05898335104285,20.97734108988279,32.78526749505489,14.726172534595925,24.888161445735506,35.57894908010961,0.9467961807157261,1.0600042187368983,0,,
xlstm,carbon,rolling,43.0,All,all_zones,95,271,3252,37.79547425114718,53.85165131461877,11.346583523057657,17.192781184558882,5.161446749099341,14.832657174686364,26.363034364208545,0.9630086579081187,1.0983966687999625,0,,
xlstm,carbon,rolling,43.0,All,account_zones,66,189,2268,37.05839125784121,51.18111367287154,11.161082507473132,15.689484549546437,4.725289620340999,14.836413285274736,27.212855249270774,0.9605782691609183,1.108906267289591,0,,
xlstm,carbon,rolling,44.0,India,all_zones,11,22,264,33.920972940056224,48.588168008381636,6.318484913392459,-7.884949107553639,-1.4687353475086504,7.635373190623642,21.76322047829626,0.9753194886726312,1.2439414749013782,0,,
xlstm,carbon,rolling,44.0,India,account_zones,9,18,216,37.08292964253437,51.36425171295401,6.143657143987048,-12.552121185271274,-2.0795533075582724,7.675411678161368,25.238302113413823,0.9473339299054231,1.3800362062052487,0,,
xlstm,carbon,rolling,44.0,US,all_zones,49,147,1764,32.57352977182708,44.292273231247464,9.492807182226363,8.638589715802972,2.5175185825088904,11.812617717377222,23.81207597754897,0.9557371016293976,1.132999968852714,0,,
xlstm,carbon,rolling,44.0,US,account_zones,36,108,1296,32.2270387710267,43.49914790732108,9.192285929990254,9.27488494532235,2.6455236855895863,10.426025772565259,23.594803496450197,0.9393085877276497,1.1182232980165723,0,,
xlstm,carbon,rolling,44.0,Europe,all_zones,35,102,1224,46.7624942545503,66.39403545018226,17.024023379684717,32.30396412197132,11.760353018710564,20.714907916297538,32.887059734612706,0.960880964627611,1.0329980950256055,0,,
xlstm,carbon,rolling,44.0,Europe,account_zones,21,63,756,45.299603062264836,61.5891404396435,20.347241959951713,31.032693822694466,13.938968273332453,24.09714954685197,34.72837092861536,0.9483488782212732,1.0344301694955182,0,,
xlstm,carbon,rolling,44.0,All,all_zones,95,271,3252,38.023412159055155,53.990444540876275,11.415012787708845,16.204458111800488,4.864742169648862,14.824183107418895,26.486297009661783,0.9624652800319073,1.104367208715096,0,,
xlstm,carbon,rolling,44.0,All,account_zones,66,189,2268,37.04702599872586,50.95994630364512,11.15765956895908,14.448725415818423,4.35160326771205,14.721103783574746,27.17469182059169,0.9603459625547313,1.1152268178608569,0,,
xlstm,carbon,rolling,45.0,India,all_zones,11,22,264,34.650162718772435,49.39582602684137,6.4543116369938245,-6.291305187154893,-1.171886106593499,7.770180399278607,23.038739629983866,0.9742304280039014,1.2665638169537512,0,,
xlstm,carbon,rolling,45.0,India,account_zones,9,18,216,38.13959100360672,52.479350410462416,6.318717884395249,-10.44960634580364,-1.7312224060262078,7.889474797102733,26.06402390062803,0.9435917494935857,1.4121735424113777,0,,
xlstm,carbon,rolling,45.0,US,all_zones,49,147,1764,33.09208595038511,44.70279947282093,9.643928471527378,8.386608316662539,2.4440843906266023,11.986347612912986,24.956644743382952,0.9549405419365825,1.1542251599155138,0,,
xlstm,carbon,rolling,45.0,US,account_zones,36,108,1296,32.53018670841333,43.584573400256424,9.278754393299701,8.376960626544584,2.3894040606888467,10.511898862492458,24.777170568108573,0.9390450292559586,1.1382225883575212,0,,
xlstm,carbon,rolling,45.0,Europe,all_zones,35,102,1224,46.65596490994153,66.13907563740976,16.985241058892115,31.701094124503953,11.5408764254406,20.938099739603448,32.55283914446831,0.9602645137370514,1.0382920936951172,0,,
xlstm,carbon,rolling,45.0,Europe,account_zones,21,63,756,46.39213703921168,62.794571470036765,20.837975910707314,31.518535409568997,14.157193945393093,25.019817968983837,34.6494507087767,0.9461212112707069,1.067130076167413,0,,
xlstm,carbon,rolling,45.0,All,all_zones,95,271,3252,38.32379570233817,54.11554388455465,11.505190964602846,15.970237303067853,4.794426714643232,15.013369894176718,27.259531846642503,0.9621354060501157,1.1197095794740406,0,,
xlstm,carbon,rolling,45.0,All,account_zones,66,189,2268,37.685065799174055,51.596258789961915,11.349821576378853,14.297812509233841,4.306151985433932,15.098117225095326,28.06508267365399,0.9592032216212951,1.1406156513469,0,,
xlstm,carbon,rolling,46.0,India,all_zones,11,22,264,33.163983049850174,47.05336546530008,6.177479842302374,-6.1594365944100895,-1.1473228455313604,7.40552876757368,22.15637680947782,0.9765954255649226,1.227343799067423,0,,
xlstm,carbon,rolling,46.0,India,account_zones,9,18,216,36.16021016549595,49.62020727396477,5.990787018523692,-10.715134693769107,-1.7752134053251951,7.406204483506454,27.175540280342062,0.9492316547562789,1.3604087660582649,0,,
xlstm,carbon,rolling,46.0,US,all_zones,49,147,1764,32.957681341451675,44.865979675299094,9.604759334932572,8.336771715287156,2.429560657681849,11.961407295364971,24.533089003562935,0.9545832485456014,1.1415216426796002,0,,
xlstm,carbon,rolling,46.0,US,account_zones,36,108,1296,32.30971896117225,43.576319989256525,9.21586923076957,8.245014206823482,2.3517682969398894,10.510197394734568,24.037729408591986,0.9384605512321706,1.1178277712101337,0,,
xlstm,carbon,rolling,46.0,Europe,all_zones,35,102,1224,47.22460162486053,66.41488948985193,17.19225492510363,30.77283195548514,11.202939856406639,21.996236193796552,34.56745937705037,0.9599837830759268,1.0502814217191083,0,,
xlstm,carbon,rolling,46.0,Europe,account_zones,21,63,756,46.923542768072586,62.872461610291296,21.07666764778888,29.60345958581283,13.29699852372327,26.46756599359837,36.45043169938032,0.9451754004236593,1.0731679262438225,0,,
xlstm,carbon,rolling,46.0,All,all_zones,95,271,3252,38.344266236257845,54.146466787153116,11.51133642586463,15.604526555460051,4.684636650482685,15.36850404823808,27.336658858656875,0.9620726677651753,1.1141474172277992,0,,
xlstm,carbon,rolling,46.0,All,account_zones,66,189,2268,37.5477070115032,51.35390878991368,11.308452463735662,13.558767533096828,4.083569685570782,15.533701888524586,28.270120605528334,0.9593027775515561,1.1260441081116617,0,,
xlstm,electricity,holdout,42.0,India,all_zones,11,11,132,752.4448105737205,1075.406858465781,8.85953673183595,-205.60078583562915,-2.420812381995462,14.8683857928637,507.59171192407575,0.9746526699069545,0.9469249361567859,0,,
xlstm,electricity,holdout,42.0,India,account_zones,9,9,108,795.4238125492082,1128.6701369282011,8.813887323110622,-142.5470604743616,-1.5795274285730958,13.624604668460503,519.3111192142965,0.9677240765489215,0.9085986217719086,0,,
xlstm,electricity,holdout,42.0,US,all_zones,49,49,588,540.8115360531544,799.3157626784698,7.066987463016626,-212.40840006462088,-2.7756203413319187,9.839838924001599,351.3599738033856,0.9955647455024641,1.1502719144267854,0,,
xlstm,electricity,holdout,42.0,US,account_zones,36,36,432,639.2954243476319,895.9685219475253,6.639495606084088,-243.44113968757392,-2.528293361312773,8.01682381009509,472.98229349970825,0.9950127061942122,1.1595992556364128,0,,
xlstm,electricity,holdout,42.0,Europe,all_zones,35,35,420,604.1352369428745,1129.674728558183,7.224008572917379,-135.93535477827697,-1.625460837626482,10.180363334181882,238.50976169109344,0.9955016879332752,1.023319349027714,0,,
xlstm,electricity,holdout,42.0,Europe,account_zones,21,21,252,689.9695057714624,1254.8368768644348,7.055704524421272,-289.50179147548846,-2.960477358572203,9.823993216986898,293.0350148677826,0.9961927606292615,1.0286670358403407,0,,
xlstm,electricity,holdout,42.0,All,all_zones,95,95,1140,588.6462260622748,966.2387875862818,7.347404464001604,-183.44587015366352,-2.289747127550755,10.547548080988896,329.5367718026041,0.9948323169764149,1.0799544770590226,0,,
xlstm,electricity,holdout,42.0,All,account_zones,66,66,792,676.70923046452,1054.796685592295,7.053385629403556,-244.3385180910178,-2.546756737794054,9.356529647519586,427.8234139835831,0.9947165239056226,1.0837116447197757,0,,
xlstm,electricity,holdout,43.0,India,all_zones,11,11,132,745.2813866131414,1038.6312971712132,8.775192183488178,-81.36364310576162,-0.9580027326945881,14.890534548559414,461.4387409412857,0.9755051743198622,0.9622110325164068,0,,
xlstm,electricity,holdout,43.0,India,account_zones,9,9,108,780.6738597434592,1081.0740890412817,8.650446877903901,14.414594553504735,0.15972442639822915,13.587299411976089,531.4111411660915,0.9698275194069577,0.9216711384281582,0,,
xlstm,electricity,holdout,43.0,US,all_zones,49,49,588,542.4898842587066,790.0385100328302,7.08891906938319,-234.04068027093942,-3.058297471576216,9.898715761252967,361.8439965130385,0.9956966546719977,1.154205670847879,0,,
xlstm,electricity,holdout,43.0,US,account_zones,36,36,432,641.6815157551055,886.0847032138518,6.664276705419818,-272.04439436759435,-2.825356622732945,8.108712505797593,470.68046312808747,0.9951653419054572,1.162466926370593,0,,
xlstm,electricity,holdout,43.0,Europe,all_zones,35,35,420,630.0869980617648,1243.0245795323353,7.534329397363668,-244.262910933012,-2.9207986138254087,10.074682340369481,217.36366525292374,0.9952061749202528,1.026742290599371,0,,
xlstm,electricity,holdout,43.0,Europe,account_zones,21,21,252,702.7082352866493,1280.5504234841821,7.185972182229114,-309.0413502302198,-3.160291048826245,9.772337643718902,283.5203129053116,0.9959540525006196,1.0249044820414934,0,,
xlstm,electricity,holdout,43.0,All,all_zones,95,95,1140,598.243626458768,1008.0154546213059,7.467197948430646,-220.1283714746824,-2.7476132651793774,10.541545623668219,327.6681419003012,0.9945950162281694,1.085014520002153,0,,
xlstm,electricity,holdout,43.0,All,account_zones,66,66,792,680.0526097862813,1053.2758958865365,7.0882338959855975,-244.7535636528253,-2.551082785481022,9.385127809615074,422.8115615642055,0.9946325714421367,1.0858612684555473,0,,
xlstm,electricity,holdout,44.0,India,all_zones,11,11,132,739.7396189143894,1024.8161546557249,8.709941558064955,-176.2071092464437,-2.074721407925171,14.528894960965136,480.91229249238995,0.9770429019613434,0.9410144418179677,0,,
xlstm,electricity,holdout,44.0,India,account_zones,9,9,108,781.060760570279,1069.1118791957686,8.654734026765938,-105.1293968584804,-1.1649118917971835,13.558274431733947,545.8148214066032,0.9712613591399426,0.9133276822976559,0,,
xlstm,electricity,holdout,44.0,US,all_zones,49,49,588,515.9077019835876,751.2857759945111,6.741559709690416,-165.9185483967783,-2.1681199886363087,10.01805216527545,355.2225172007834,0.9959444487828263,1.1268679287543757,0,,
xlstm,electricity,holdout,44.0,US,account_zones,36,36,432,603.3938454730056,837.1622325605738,6.266634537302304,-174.75149039881532,-1.814907018681649,7.559740004988745,430.41810884743927,0.9955097762756642,1.0875701152699522,0,,
xlstm,electricity,holdout,44.0,Europe,all_zones,35,35,420,613.2748575052689,1188.1325997277647,7.333296515845615,-147.58480787862615,-1.7647603585294138,10.573879844694096,240.636507868767,0.9951686310226956,1.0673457897355187,0,,
xlstm,electricity,holdout,44.0,Europe,account_zones,21,21,252,693.9317480557495,1318.7818818728185,7.096222852518743,-347.93799209925845,-3.5580524132409113,10.336844701703495,299.4809138774873,0.9964320701694594,1.0836386998566832,0,,
xlstm,electricity,holdout,44.0,All,all_zones,95,95,1140,577.6971917677736,965.8259776312756,7.210740063738527,-160.35531946215718,-2.0015339228863276,10.745138897193756,320.1207192870973,0.9946060053114165,1.0834188422074233,0,,
xlstm,electricity,holdout,44.0,All,account_zones,66,66,792,656.428666535325,1044.757201848489,6.841999953348582,-220.36236454800155,-2.2968516836948245,9.261346193954145,396.58073225259704,0.9945543021483525,1.0625588785967808,0,,
xlstm,electricity,holdout,45.0,India,all_zones,11,11,132,836.2596116031051,1285.1545421021822,9.846400217312274,-405.1060218665206,-4.769853722929943,15.715774016703902,485.68727702319575,0.9662724644510486,0.9914985657909027,0,,
xlstm,electricity,holdout,45.0,India,account_zones,9,9,108,894.2114019261935,1368.5184674328889,9.90852727222153,-383.998687010035,-4.254990994903728,14.572840730426122,511.62243102133334,0.955423653564041,0.9580236769931781,0,,
xlstm,electricity,holdout,45.0,US,all_zones,49,49,588,503.1354062648945,716.5004837475475,6.574659324434815,-164.54905074427498,-2.1502242484464755,9.653746117476707,355.46345137163985,0.9962823391552809,1.0939327928696356,0,,
xlstm,electricity,holdout,45.0,US,account_zones,36,36,432,587.5976251780742,794.7959338075485,6.102580594091375,-178.93522404072903,-1.8583577928849182,7.525352523920977,427.58619660854333,0.9959158362343898,1.0719461696940595,0,,
xlstm,electricity,holdout,45.0,Europe,all_zones,35,35,420,773.7311710161822,1597.9329811501927,9.251969212785424,-158.96705720680094,-1.9008647631357498,11.729196752384038,270.144215375185,0.990344330417646,1.2090159420960331,0,,
xlstm,electricity,holdout,45.0,Europe,account_zones,21,21,252,858.2447599371276,1821.3635351105122,8.776505896414212,-407.89210843661465,-4.1711498419833335,11.08719989840379,344.81765121221565,0.9910961522976064,1.169676234354873,0,,
xlstm,electricity,holdout,45.0,All,all_zones,95,95,1140,641.4008591597933,1181.844062266661,8.00588082816752,-190.34649188672876,-2.375879776807808,11.120304844984663,347.4686310684674,0.9918223917253083,1.1244710426070867,0,,
xlstm,electricity,holdout,45.0,All,account_zones,66,66,792,715.5235921579712,1286.653361404387,7.457950320792694,-279.7483412988707,-2.915835696540554,9.619688716688938,415.3412429292498,0.9916068951104441,1.087507213990562,0,,
xlstm,electricity,holdout,46.0,India,all_zones,11,11,132,708.7847277960768,980.9945076683526,8.345468322235781,-92.58432102208353,-1.0901187454024925,14.202030398977216,497.89131321489776,0.9782084822832754,0.9118558463044417,0,,
xlstm,electricity,holdout,46.0,India,account_zones,9,9,108,747.9646642945816,1021.7637846109483,8.288004669652592,-7.555695384470591,-0.08372272330274366,13.25517272850704,555.7556627094746,0.973033761648856,0.8835039479156218,0,,
xlstm,electricity,holdout,46.0,US,all_zones,49,49,588,489.67680968773703,724.4133944200972,6.39879078809645,-182.67043392009404,-2.3870231685483696,8.99567405383183,324.0171461415297,0.9962811603383902,1.0427562858784574,0,,
xlstm,electricity,holdout,46.0,US,account_zones,36,36,432,571.4280934940589,805.3428409212283,5.934649571156228,-209.15493504707652,-2.1722089965729814,7.1164483565233985,419.4940183374283,0.9958944598919018,1.0330456216516581,0,,
xlstm,electricity,holdout,46.0,Europe,all_zones,35,35,420,598.6334213437068,1145.1155711374147,7.158220053022195,-180.512632848961,-2.1584981763678965,9.970568187130592,234.5970104634764,0.9956107148065853,1.0088245003484115,0,,
xlstm,electricity,holdout,46.0,Europe,account_zones,21,21,252,677.7504155022048,1276.1465660781782,6.930750755050384,-335.3087088838219,-3.428903965406655,9.923991451706428,288.0233484506607,0.9963213205653907,1.0390318077983633,0,,
xlstm,electricity,holdout,46.0,All,all_zones,95,95,1140,555.1891097630073,930.1666771618785,6.929797156308013,-171.44443097938063,-2.1399467485464716,9.957686837642946,301.2091773748398,0.9952293378687875,1.015098208732502,0,,
xlstm,electricity,holdout,46.0,All,account_zones,66,66,792,629.3310919694493,1007.128663769527,6.559560118881658,-221.8039667684129,-2.3118776001845194,8.846856301170314,391.0802682162821,0.9951759280794032,1.0145582708252412,0,,
xlstm,electricity,rolling,42.0,India,all_zones,11,22,264,1006.3925101882253,1656.4900777635812,12.463092326835758,-781.7206472913549,-9.680772166283113,16.418204052946606,511.3424389246111,0.9489353819987706,1.0558730013041777,0,,
xlstm,electricity,rolling,42.0,India,account_zones,9,18,216,1088.5057877063214,1782.816572804675,12.543688360121074,-857.6363001217071,-9.883201905359504,15.47395067535412,637.7567979580176,0.931829406563865,1.0566353447421493,0,,
xlstm,electricity,rolling,42.0,US,all_zones,49,147,1764,560.9040468736918,867.5979423738407,7.556732492898933,-96.79398395843576,-1.3040487901142948,9.907291912414383,353.13299111038464,0.9939855760033883,1.1440438616143953,0,,
xlstm,electricity,rolling,42.0,US,account_zones,36,108,1296,666.4934939846014,976.734095827549,7.1223410346601295,-132.4819396864537,-1.4157400843315628,8.200164722608896,475.0820068281889,0.9931780985334895,1.1744331662718692,0,,
xlstm,electricity,rolling,42.0,Europe,all_zones,35,102,1224,770.7871338213167,1576.678721070332,9.15867594397575,27.810752092635358,0.3304539671179038,12.124401624454496,286.728609502316,0.9894245751737277,1.2460270675856668,0,,
xlstm,electricity,rolling,42.0,Europe,account_zones,21,63,756,886.3134085835406,1778.4026790572882,9.30945859200918,66.03817302132478,0.6936368459284274,12.657933868055318,335.7563477754593,0.9892276426674812,1.284303543402621,0,,
xlstm,electricity,rolling,42.0,All,all_zones,95,271,3252,676.065748207926,1251.6870780523814,8.612941692113278,-105.49768696993009,-1.3440193190283765,11.27033714385276,344.206632718445,0.9901330831280277,1.175270902508288,0,,
xlstm,electricity,rolling,42.0,All,account_zones,66,189,2268,779.9584458720307,1379.1646266267007,8.344229905031472,-135.37088882531359,-1.4482384603758782,10.378829290400105,440.8221615399425,0.9893515312364648,1.1998377851697657,0,,
xlstm,electricity,rolling,43.0,India,all_zones,11,22,264,966.0571424098291,1534.1225876614683,11.963582038782235,-702.5712500860474,-8.700591734695195,15.86893183782903,528.5342703953397,0.9558346743539892,1.0261513924729249,0,,
xlstm,electricity,rolling,43.0,India,account_zones,9,18,216,1053.7286408561274,1651.7219613437296,12.142924581857459,-787.2188495186025,-9.071727528782393,14.97514242087945,640.5021571314337,0.9417579979414257,1.0336148123704392,0,,
xlstm,electricity,rolling,43.0,US,all_zones,49,147,1764,568.5290814463546,899.8905691796176,7.659460128464903,-118.62113663547697,-1.598113264744848,9.804082436494852,356.70232324898234,0.9935711893654741,1.141773333640589,0,,
xlstm,electricity,rolling,43.0,US,account_zones,36,108,1296,680.1278590356368,1018.8001801059911,7.268041778269742,-162.64100445419047,-1.7380285185037152,8.212771603914351,479.10622174575974,0.9926331631451444,1.17936037398198,0,,
xlstm,electricity,rolling,43.0,Europe,all_zones,35,102,1224,718.1408255832769,1427.4275621878396,8.533119995203721,-105.2159251812602,-1.2502006333491162,11.885392621444907,300.7095681130884,0.9914413002572211,1.2178435835270984,0,,
xlstm,electricity,rolling,43.0,Europe,account_zones,21,63,756,806.3941797752071,1551.5047482544032,8.470021047579475,-119.35124938962636,-1.253614695813958,12.501760277648726,355.58391809463524,0.9916728354926874,1.2686494231733796,0,,
xlstm,electricity,rolling,43.0,All,all_zones,95,271,3252,657.112163524445,1182.0440053568457,8.371476834341564,-160.9811769586594,-2.050867825130928,11.079803195514252,348.2356375211474,0.9914248752474986,1.1610186575621217,0,,
xlstm,electricity,rolling,43.0,All,account_zones,66,189,2268,757.7976594555403,1286.5973108491598,8.107147150540941,-207.69469039118454,-2.221980229652799,10.28646981106058,448.3844611632817,0.9909130557791729,1.1952428607018235,0,,
xlstm,electricity,rolling,44.0,India,all_zones,11,22,264,997.3088430930098,1607.0060033496263,12.350600848085845,-757.6745028067572,-9.38298644571975,16.415193923742606,520.6213858455421,0.9519036878970174,1.0578584872069774,0,,
xlstm,electricity,rolling,44.0,India,account_zones,9,18,216,1076.1258201211485,1726.175185237918,12.40102448359357,-828.4675963972992,-9.547068525528186,15.391369395882624,596.6375618419047,0.936050436053425,1.053865719690213,0,,
xlstm,electricity,rolling,44.0,US,all_zones,49,147,1764,547.8093075017574,852.8021382842325,7.38031472046624,-90.48384598584363,-1.219035988160131,9.914665710933935,350.56873446404893,0.9941390622129898,1.1259330533802387,0,,
xlstm,electricity,rolling,44.0,US,account_zones,36,108,1296,651.1742080871658,962.7074057692084,6.95863474262014,-119.28067051840152,-1.274667527804276,8.009610471317803,449.46926023066044,0.9933331257082849,1.1427578904105877,0,,
xlstm,electricity,rolling,44.0,Europe,all_zones,35,102,1224,770.463064917838,1574.0888602574714,9.154825280231837,-82.29862674544236,-0.9778918457796356,12.222172536542459,297.3107771575451,0.9893974923439539,1.2508816594241818,0,,
xlstm,electricity,rolling,44.0,Europe,account_zones,21,63,756,878.2026850528244,1758.0860986204495,9.224267006133132,-91.65008495699763,-0.9626534616291685,12.750117886040687,341.7361831665039,0.9891290439158729,1.2964031649396268,0,,
xlstm,electricity,rolling,44.0,All,all_zones,95,271,3252,668.1033039572843,1239.6498383142432,8.511501753410174,-141.56614151181842,-1.803524177420314,11.310891972534895,343.6746215581893,0.990381069291886,1.1674353314638934,0,,
xlstm,electricity,rolling,44.0,All,account_zones,66,189,2268,767.3219491741933,1357.8185452947644,8.20904086489865,-177.61208731973332,-1.9001474993342666,10.292804269041127,418.4403967857363,0.9896972482783964,1.1855070608992793,0,,
xlstm,electricity,rolling,45.0,India,all_zones,11,22,264,943.6247768877312,1448.0283509812043,11.685781240603657,-730.9471964693882,-9.051997409972701,15.719516616861037,529.2845033711219,0.9642941897796902,1.0210896728922911,0,,
xlstm,electricity,rolling,45.0,India,account_zones,9,18,216,1006.5213823768855,1541.6558623907852,11.598919078729114,-786.5286356180987,-9.06377366379837,14.62005033926072,636.12025569141,0.9526695985146932,1.0123492207305504,0,,
xlstm,electricity,rolling,45.0,US,all_zones,49,147,1764,532.974530912653,822.6970552241359,7.180454443292975,-103.24254492930275,-1.3909264842450415,9.607376563735135,340.03788225859375,0.9945721551283632,1.0969297396292956,0,,
xlstm,electricity,rolling,45.0,US,account_zones,36,108,1296,631.7053503914562,925.4791698348012,6.750584933708856,-136.4245032910872,-1.457871452149067,7.863069139042565,434.06780833005905,0.9938586737158595,1.1173196298870052,0,,
xlstm,electricity,rolling,45.0,Europe,all_zones,35,102,1224,777.3090692453718,1590.9176829679468,9.236171130980656,-6.23074958478319,-0.07403524764636193,12.566221890462161,308.47009047865913,0.9891431426868165,1.3245413955304701,0,,
xlstm,electricity,rolling,45.0,Europe,account_zones,21,63,756,861.4721348061762,1757.5400699742283,9.048536431333845,-10.398162318758349,-0.10921786876063816,12.787245837112305,347.0741680264473,0.9892691350346635,1.3229713896586448,0,,
xlstm,electricity,rolling,45.0,All,all_zones,95,271,3252,658.2750044233137,1220.651503539871,8.386291193574683,-117.68645344864181,-1.4993017531085033,11.217226395819738,340.03788225859375,0.9906349191356026,1.1764423131854052,0,,
xlstm,electricity,rolling,45.0,All,account_zones,66,189,2268,743.9910434806894,1321.1498527999552,7.959439822651403,-156.33040223621677,-1.672469635156773,10.147983390800873,420.6999553740025,0.9902586658807053,1.1758730346531272,0,,
xlstm,electricity,rolling,46.0,India,all_zones,11,22,264,949.5848549876035,1528.172426328818,11.759590418316998,-713.4481859061268,-8.835290924113211,15.731752748564157,464.0251371231675,0.9567715625081593,1.0143347739125366,0,,
xlstm,electricity,rolling,46.0,India,account_zones,9,18,216,1013.3072181995558,1632.053457965477,11.677117477657136,-765.6848307196752,-8.823574488159693,14.68360553806805,528.6979941904551,0.9426137345852653,1.0047544265771633,0,,
xlstm,electricity,rolling,46.0,US,all_zones,49,147,1764,537.4894300999365,863.2697490184624,7.241281042032761,-94.14098921658866,-1.2683065420757091,9.476938074547396,346.04165774613716,0.9940141988261398,1.0898410760503205,0,,
xlstm,electricity,rolling,46.0,US,account_zones,36,108,1296,635.6747342581828,973.2851882756262,6.79300291055554,-134.06443768231762,-1.4326511127435961,7.7245976368422244,442.5226445502044,0.99319795079506,1.1099160715385172,0,,
xlstm,electricity,rolling,46.0,Europe,all_zones,35,102,1224,766.5751706508713,1510.5763661838641,9.108628396380057,-29.550991906096634,-0.35113191024505447,12.141985013543136,288.1675273180008,0.9902348598706487,1.2631679664320472,0,,
xlstm,electricity,rolling,46.0,Europe,account_zones,21,63,756,873.0312036485386,1694.0362804381086,9.169947967826486,-52.17995998356,-0.5480760779372337,12.763520145950825,353.81788492202713,0.9899397224304425,1.3200342968711287,0,,
xlstm,electricity,rolling,46.0,All,all_zones,95,271,3252,657.1678245048221,1205.2684377415703,8.372185944039526,-120.1062239084693,-1.5301291422108758,10.9877894051966,332.83194457262755,0.9909191310198829,1.1489488405222943,0,,
xlstm,electricity,rolling,46.0,All,account_zones,66,189,2268,750.7585558589085,1323.4679931726068,8.031840704349491,-166.9239349291468,-1.7858024322616826,10.067001130471361,423.59776272594854,0.9902293823500911,1.169940085224497,0,,
