resource,window,region,level,n_series_mean,n_series_std,n_windows_mean,n_windows_std,n_points_mean,n_points_std,MAE_mean,MAE_std,RMSE_mean,RMSE_std,WMAPE_pct_mean,WMAPE_pct_std,Bias_mean,Bias_std,Bias_pct_mean,Bias_pct_std,sMAPE_pct_mean,sMAPE_pct_std,MedAE_mean,MedAE_std,Pearson_r_mean,Pearson_r_std,MASE_mean,MASE_std,n_prob_mean,n_prob_std,PICP_mean,PICP_std,CRPS_mean,CRPS_std,model,n_seeds
carbon,holdout,All,account_zones,66.0,0.0,66.0,0.0,792.0,0.0,32.93902443223568,0.22087961471624726,46.34493725252183,0.3400522128967359,9.797954488926294,0.06570226197723779,7.46052280666442,1.1502736225092807,2.219187246230572,0.34215732850086006,12.995032542613378,0.19535829300374327,22.929197071775793,0.45682641743790275,0.9671565057065367,0.00037695141208164473,0.9853259424201605,0.017488146857144133,0.0,0.0,,,,,xlstm,5
carbon,holdout,All,all_zones,95.0,0.0,95.0,0.0,1140.0,0.0,34.7307549327309,0.3456046215643987,50.75109959092393,0.6726338925457676,10.322058962872877,0.10271447564380849,9.991055945878383,1.2807256163452085,2.9693644372103276,0.3806345515028941,13.544859791253355,0.09288954274781458,22.940845929965388,0.2269977337006951,0.9669561567831579,0.0005777183195266845,1.0025669640419923,0.012934730313522502,0.0,0.0,,,,,xlstm,5
carbon,holdout,Europe,account_zones,21.0,0.0,21.0,0.0,252.0,0.0,37.69986601653109,0.5367454888762947,51.21939411209844,0.7302568206964579,17.57377043133959,0.25020359482001914,7.611805042542628,1.5956687452404834,3.548238455996129,0.7438200496793224,21.403475587256573,0.6635731042110692,27.058355217765996,0.5815130085544553,0.9460904504757217,0.0015971864251552882,0.8335555686485293,0.017771080761074344,0.0,0.0,,,,,xlstm,5
carbon,holdout,Europe,all_zones,35.0,0.0,35.0,0.0,420.0,0.0,40.60596417594509,0.8169564937524088,60.47436442511425,1.4618662196717356,14.659931258267727,0.2949449984123419,14.83283951980177,1.8093198285949101,5.355085444665464,0.6532169559252877,18.8838408414747,0.3675493452243249,24.325598466105752,0.3973878899027228,0.9613303444446437,0.0013522745219134297,0.8602452806479448,0.017148172028969347,0.0,0.0,,,,,xlstm,5
carbon,holdout,India,account_zones,9.0,0.0,9.0,0.0,108.0,0.0,41.42580056069957,1.3645567147789366,62.75288481214535,1.6541020860327273,7.248922599379407,0.23877790830866993,27.16358723183032,0.4462652944829081,4.753239254278482,0.07809004375801573,9.31133577119311,0.20962970967588718,23.402624457657332,2.520733401547496,0.9562302271067402,0.003566990446441098,1.3679299355750185,0.0685852465181109,0.0,0.0,,,,,xlstm,5
carbon,holdout,India,all_zones,11.0,0.0,11.0,0.0,132.0,0.0,39.33296173591866,1.1435989012696692,60.22228116256709,1.4268574113692203,7.786741670966658,0.22639813597500694,26.853434794449903,0.38911470744868554,5.316171233847851,0.077032991505182,9.41695050499407,0.17823277004486757,21.56371708403525,1.307348954971838,0.9720038096888501,0.0017358076705799763,1.2935155217148113,0.05658416134308122,0.0,0.0,,,,,xlstm,5
carbon,holdout,US,account_zones,36.0,0.0,36.0,0.0,432.0,0.0,28.040172809280733,0.29606326422050105,37.71243440206384,0.28181350995494703,8.04994839332657,0.08499569579492837,2.4465087294439902,2.1234899557467646,0.702359045709186,0.6096247934624358,9.01103162609325,0.11489684537591417,21.090557989940052,0.2503791160023953,0.9497970059012975,0.0008326155977083504,0.9782076621648976,0.011263494957918257,0.0,0.0,,,,,xlstm,5
carbon,holdout,US,all_zones,49.0,0.0,49.0,0.0,588.0,0.0,29.501028435841885,0.3182535247927339,39.57508477427984,0.4610216372961932,8.648817126411785,0.09330239255063329,2.7472071209476683,1.738037228701103,0.8053987693725821,0.5095404108579648,10.657975411479992,0.1410427320652509,22.36619371391087,0.5683711313529993,0.9630827346733412,0.0009927218234051015,1.0389103269887403,0.005347400897294408,0.0,0.0,,,,,xlstm,5
carbon,rolling,All,account_zones,66.0,0.0,189.0,0.0,2268.0,0.0,37.43647602397342,0.3657250848059298,51.39523870521263,0.35961056514737566,11.274952406472792,0.11014746479875634,14.678299658768129,0.8644988177587002,4.420745423649814,0.2603659334665868,15.049783125396527,0.31231647442270716,27.712207425981756,0.49748358829283995,0.9597248613868461,0.0006793503103988868,1.126159169492823,0.014298896596595875,0.0,0.0,,,,,xlstm,5
carbon,rolling,All,all_zones,95.0,0.0,271.0,0.0,3252.0,0.0,38.20937453747473,0.3000285776515498,54.12519991003362,0.25044899096824835,11.4708405739899,0.09007161262235512,16.4687625703461,0.7754007423180248,4.944089040506377,0.23278314297869473,15.0074710269435,0.22057422472158525,26.859427750907827,0.4397518547288114,0.9623581570617266,0.0003962136317013523,1.1114973902771863,0.009806928426545456,0.0,0.0,,,,,xlstm,5
carbon,rolling,Europe,account_zones,21.0,0.0,63.0,0.0,756.0,0.0,46.36597161295864,0.6291413277769313,62.633981332788004,0.592393440932387,20.826223175076848,0.28259167758461373,31.3172814705034,1.1534745665895616,14.06679662804944,0.5181066613053629,25.02132560108732,0.8822585513624671,35.43495212365688,0.7547897311664741,0.9464721322622512,0.0011976860407224956,1.0591159960484486,0.014789012904326774,0.0,0.0,,,,,xlstm,5
carbon,rolling,Europe,all_zones,35.0,0.0,102.0,0.0,1224.0,0.0,46.94522050840997,0.24456408890684642,66.43659466431124,0.20346841015790484,17.090545409088367,0.08903427487673617,32.160506945499165,0.9695146274993243,11.708127012267209,0.35295464770655915,21.082107936765787,0.5200294546743142,33.21319073334335,0.7817384673001667,0.9605103368028856,0.00039081162648313584,1.0413546906530913,0.006365594969009063,0.0,0.0,,,,,xlstm,5
carbon,rolling,India,account_zones,9.0,0.0,18.0,0.0,216.0,0.0,36.4919622228267,1.1341783582152605,50.588482987068396,1.3147948089495038,6.045749528678625,0.18790324928946134,-11.639814763844004,1.0173801486523795,-1.928408349014381,0.16855288615734138,7.544604942080089,0.23495350632250014,25.668085684418664,0.9914241360670472,0.9483712578895493,0.003164979348104416,1.354519246156951,0.04516907396494106,0.0,0.0,,,,,xlstm,5
carbon,rolling,India,all_zones,11.0,0.0,22.0,0.0,264.0,0.0,33.43376103232587,0.8575351282370293,47.89978278504625,1.076689192804698,6.227731588183907,0.1597337075220334,-7.0844513592310205,0.8368022483193248,-1.3196260352575169,0.15587177852599,7.524558524250334,0.1731394673149731,21.857707137346257,0.784468652583242,0.9759016503349344,0.0011476742374204848,1.2228215876151651,0.035038716645134846,0.0,0.0,,,,,xlstm,5
carbon,rolling,US,account_zones,36.0,0.0,108.0,0.0,1296.0,0.0,32.38502256392316,0.5066855655751021,43.671129643735256,0.5414047033632594,9.237348469149582,0.14452455990317364,9.358579339024574,1.0705796699061765,2.6693962729257734,0.3053670089434236,10.483913045129636,0.1859965658325913,24.261367807313814,0.5156770546731795,0.9387359978237504,0.0016950729613277747,1.12720767455802,0.020020351471338703,0.0,0.0,,,,,xlstm,5
carbon,rolling,US,all_zones,49.0,0.0,147.0,0.0,1764.0,0.0,32.86248479650793,0.45815124141131647,44.658977471136296,0.48562204401142844,9.577016488151912,0.13351765760359385,9.105584204258239,0.9246265152626629,2.653613401373208,0.26946116329565983,11.912308511687552,0.15214471637455862,24.41897639314831,0.49526778244523767,0.9551628003737497,0.0009360552920919372,1.143507070686861,0.015678336173595063,0.0,0.0,,,,,xlstm,5
electricity,holdout,All,account_zones,66.0,0.0,66.0,0.0,792.0,0.0,671.6090381827094,31.794898698322246,1089.322361700247,111.99637371891181,7.000225983682418,0.33140035848653226,-242.20135087182567,24.05125966475161,-2.5244809007389946,0.25068789023605154,9.293909733789611,0.28252924290906656,410.7274437891835,16.168845019705955,0.9941372441371918,0.0014349548862927308,1.0668394553175813,0.030924512881485046,0.0,0.0,,,,,xlstm,5
electricity,holdout,All,all_zones,95.0,0.0,95.0,0.0,1140.0,0.0,592.2354026423234,31.819846197206193,1010.4181918534805,99.71608838856376,7.392204092129262,0.397171118478323,-185.1440967913225,22.67163805504671,-2.310944168194148,0.282984392452821,10.582444856895696,0.4210035131692708,325.20068828666194,16.749252999724106,0.9942170136220193,0.0013630676002504157,1.0775914181216375,0.03936288153894714,0.0,0.0,,,,,xlstm,5
electricity,holdout,Europe,account_zones,21.0,0.0,21.0,0.0,252.0,0.0,724.5209329106386,75.29083001657459,1390.3358566820252,242.05208109263563,7.409031242126746,0.7699323601285895,-337.93639022508063,45.226023902480414,-3.45577492560587,0.46248632555655456,10.188873382503903,0.5490191332299773,301.7754482626916,24.78236023303706,0.9951992712324674,0.002300602576634707,1.0691836519783506,0.06086682656195648,0.0,0.0,,,,,xlstm,5
electricity,holdout,Europe,all_zones,35.0,0.0,35.0,0.0,420.0,0.0,643.9723369739594,73.51038141624645,1260.776092021178,193.54061889454834,7.700364750386856,0.8790078662463519,-173.45255272913542,42.867416257928895,-2.0740765498969904,0.5125914921188055,10.505738091752018,0.721037275951426,240.25023213028913,19.05638042223789,0.9943663078200909,0.002256271162925642,1.0670495743614097,0.08228260187782506,0.0,0.0,,,,,xlstm,5
electricity,holdout,India,account_zones,9.0,0.0,9.0,0.0,108.0,0.0,799.8668998167443,55.53492553240041,1133.8276714418178,136.59772951896707,8.863120033930917,0.6153682708733784,-124.96324903476857,158.91243436354884,-1.3846857224357043,1.7608679406173589,13.719638394220741,0.49906560810580164,532.7830351035598,18.22577055432784,0.9674540740617438,0.007001169451202363,0.9170250134813045,0.02697597569394929,0.0,0.0,,,,,xlstm,5
electricity,holdout,India,all_zones,11.0,0.0,11.0,0.0,132.0,0.0,756.5020311000866,47.59610027535746,1081.0006720126507,119.02015611281368,8.907307802587429,0.5604123953757573,-192.17237621528773,130.35749446727817,-2.262701798189531,1.5348727166080982,14.841123943613875,0.5643856976979724,486.704267119169,17.56675413105572,0.9743363385844969,0.0047119871248446615,0.950700964517301,0.029214535150242218,0.0,0.0,,,,,xlstm,5
electricity,holdout,US,account_zones,36.0,0.0,36.0,0.0,432.0,0.0,608.6793008495752,31.170975056207322,843.8708464901456,45.91823509329156,6.321527402810763,0.32373069482584954,-215.66543670835782,41.87935857866775,-2.239824758437053,0.4349441692820318,7.6654154402651615,0.4037789952077201,444.2322160842414,25.52437400791284,0.9954996241003251,0.0004117233727322576,1.102925617724535,0.05664759521926468,0.0,0.0,,,,,xlstm,5
electricity,holdout,US,all_zones,49.0,0.0,49.0,0.0,588.0,0.0,518.404267649616,23.16700462840665,756.3107853746912,37.46512334204644,6.7741832709243,0.30273195068920744,-191.91742267934154,30.433226216515624,-2.5078570437078573,0.39768239727439214,9.681205404367711,0.40516920361804715,349.5814170060754,14.777401708065318,0.9959538696901917,0.0003288910573613769,1.1136069185554267,0.04630150746378135,0.0,0.0,,,,,xlstm,5
electricity,rolling,All,account_zones,66.0,0.0,189.0,0.0,2268.0,0.0,759.9655307682724,14.128745903480128,1333.6396657486373,35.810549367577295,8.130339689494392,0.15115357069644839,-168.786400740319,26.772022996626326,-1.8057276513562797,0.2864151495364306,10.23461757835481,0.12497211584472598,430.38894751778236,13.3739961345973,0.9900899767049662,0.0005968430407752405,1.1852801653296985,0.012600032155566737,0.0,0.0,,,,,xlstm,5
electricity,rolling,All,all_zones,95.0,0.0,271.0,0.0,3252.0,0.0,663.3448089235583,8.473038034165567,1219.8601726009824,27.605208818054763,8.450879483495845,0.10794480083745012,-129.16753655950382,22.022815193349526,-1.6455684433797995,0.2805662373212979,11.173209622583649,0.13549269245592932,341.7973437258006,5.7934134829036195,0.9906986155645796,0.0005001999600708473,1.1658232090484006,0.011318693069500415,0.0,0.0,,,,,xlstm,5
electricity,rolling,Europe,account_zones,21.0,0.0,63.0,0.0,756.0,0.0,861.0827223732574,31.872539854547835,1707.9139752688957,93.01221063409017,9.044446208976424,0.334775585164927,-41.50825672552351,72.83833506646316,-0.4359850516425142,0.7650628520850311,12.692115602961573,0.1171710031616485,346.79370039701456,8.277792443242564,0.9898476759082294,0.001069493194630966,1.2984723636090802,0.023235555022326465,0.0,0.0,,,,,xlstm,5
electricity,rolling,Europe,all_zones,35.0,0.0,102.0,0.0,1224.0,0.0,760.6550528437349,24.076543265657268,1535.9378385334908,68.10981503214457,9.038284149354405,0.28608321019585753,-39.09710826498941,54.511596925546854,-0.4645611339804529,0.6477197523453281,12.188034737289431,0.2459435466482897,296.27731451392185,9.032207904094605,0.9899282740664737,0.0009400952350754585,1.2604923344998928,0.03946506748690888,0.0,0.0,,,,,xlstm,5
electricity,rolling,India,account_zones,9.0,0.0,18.0,0.0,216.0,0.0,1047.6377698520078,36.701521415441555,1666.884607948517,92.30512798036425,12.072734796391671,0.42293982464502666,-805.1072424750766,37.16279664038458,-9.277869222325629,0.42825545340444915,15.028823673888994,0.3932970649829131,607.9429533626442,47.82913044834817,0.9409842347317348,0.007873292738726225,1.032243904822103,0.02353611308368388,0.0,0.0,,,,,xlstm,5
electricity,rolling,India,all_zones,11.0,0.0,22.0,0.0,264.0,0.0,972.5936255132798,28.12707729412413,1554.7638892169396,80.00484403488616,12.044529374524899,0.3483236984098294,-737.272356511935,32.41783331920278,-9.130327736156794,0.4014601118381053,16.030719835988688,0.35720038558655315,510.7615471319565,27.114643070106826,0.9555478993075253,0.005811257405725495,1.0350614655577814,0.02035325745070939,0.0,0.0,,,,,xlstm,5
electricity,rolling,US,account_zones,36.0,0.0,108.0,0.0,1296.0,0.0,653.0351291514086,20.463072817685937,971.4012079626351,33.40309647861553,6.978521079962881,0.21867427745365234,-136.9785111264901,15.8176723115211,-1.4637917391064434,0.1690321925029277,8.00204271474517,0.21213538817587302,456.0495883369746,20.020732230874113,0.9932402023795677,0.0004374014903537707,1.1447574264179918,0.03181495068576,0.0,0.0,,,,,xlstm,5
electricity,rolling,US,all_zones,49.0,0.0,147.0,0.0,1764.0,0.0,549.5412793668786,15.102591374193828,861.2514908160578,27.81710468556578,7.403648565431162,0.20346838929127067,-100.65650014512956,11.071016196051245,-1.356086213868005,0.14915333252525112,9.74207093962514,0.19324231014280527,349.29671776562935,6.471079177939435,0.994056436307271,0.00035883935288875615,1.119704212862968,0.025143322268506237,0.0,0.0,,,,,xlstm,5
