date,ci_gco2_per_kwh,lo,hi,model
2025-12-01,636.01,601.73,653.4300000000001,seasonal_naive
2026-01-01,641.12,606.8399999999999,658.5400000000001,seasonal_naive
2026-02-01,644.44,610.1600000000001,661.8600000000001,seasonal_naive
2026-03-01,634.28,600.0,651.7,seasonal_naive
2026-04-01,621.66,587.3799999999999,639.08,seasonal_naive
2026-05-01,590.73,556.45,608.1500000000001,seasonal_naive
2026-06-01,561.36,527.0799999999999,578.7800000000001,seasonal_naive
2026-07-01,532.14,497.85999999999996,549.5600000000001,seasonal_naive
2026-08-01,540.93,506.6499999999999,558.35,seasonal_naive
2026-09-01,546.04,511.75999999999993,563.46,seasonal_naive
2026-10-01,576.34,542.06,593.7600000000001,seasonal_naive
2026-11-01,613.65,579.3699999999999,631.07,seasonal_naive
2026-12-01,636.01,601.73,653.4300000000001,seasonal_naive
2027-01-01,641.12,606.8399999999999,658.5400000000001,seasonal_naive
2027-02-01,644.44,610.1600000000001,661.8600000000001,seasonal_naive
2027-03-01,634.28,600.0,651.7,seasonal_naive
2027-04-01,621.66,587.3799999999999,639.08,seasonal_naive
2027-05-01,590.73,556.45,608.1500000000001,seasonal_naive
2027-06-01,561.36,527.0799999999999,578.7800000000001,seasonal_naive
2027-07-01,532.14,497.85999999999996,549.5600000000001,seasonal_naive
2027-08-01,540.93,506.6499999999999,558.35,seasonal_naive
2027-09-01,546.04,511.75999999999993,563.46,seasonal_naive
2027-10-01,576.34,542.06,593.7600000000001,seasonal_naive
2027-11-01,613.65,579.3699999999999,631.07,seasonal_naive
2027-12-01,636.01,601.73,653.4300000000001,seasonal_naive
2028-01-01,641.12,606.8399999999999,658.5400000000001,seasonal_naive
2028-02-01,644.44,610.1600000000001,661.8600000000001,seasonal_naive
2028-03-01,634.28,600.0,651.7,seasonal_naive
2028-04-01,621.66,587.3799999999999,639.08,seasonal_naive
2028-05-01,590.73,556.45,608.1500000000001,seasonal_naive
2028-06-01,561.36,527.0799999999999,578.7800000000001,seasonal_naive
2028-07-01,532.14,497.85999999999996,549.5600000000001,seasonal_naive
2028-08-01,540.93,506.6499999999999,558.35,seasonal_naive
2028-09-01,546.04,511.75999999999993,563.46,seasonal_naive
2028-10-01,576.34,542.06,593.7600000000001,seasonal_naive
2028-11-01,613.65,579.3699999999999,631.07,seasonal_naive
2028-12-01,636.01,601.73,653.4300000000001,seasonal_naive
2029-01-01,641.12,606.8399999999999,658.5400000000001,seasonal_naive
2029-02-01,644.44,610.1600000000001,661.8600000000001,seasonal_naive
2029-03-01,634.28,600.0,651.7,seasonal_naive
2029-04-01,621.66,587.3799999999999,639.08,seasonal_naive
2029-05-01,590.73,556.45,608.1500000000001,seasonal_naive
2029-06-01,561.36,527.0799999999999,578.7800000000001,seasonal_naive
2029-07-01,532.14,497.85999999999996,549.5600000000001,seasonal_naive
2029-08-01,540.93,506.6499999999999,558.35,seasonal_naive
2029-09-01,546.04,511.75999999999993,563.46,seasonal_naive
2029-10-01,576.34,542.06,593.7600000000001,seasonal_naive
2029-11-01,613.65,579.3699999999999,631.07,seasonal_naive
2029-12-01,636.01,601.73,653.4300000000001,seasonal_naive
2030-01-01,641.12,606.8399999999999,658.5400000000001,seasonal_naive
2030-02-01,644.44,610.1600000000001,661.8600000000001,seasonal_naive
2030-03-01,634.28,600.0,651.7,seasonal_naive
2030-04-01,621.66,587.3799999999999,639.08,seasonal_naive
2030-05-01,590.73,556.45,608.1500000000001,seasonal_naive
2030-06-01,561.36,527.0799999999999,578.7800000000001,seasonal_naive
2030-07-01,532.14,497.85999999999996,549.5600000000001,seasonal_naive
2030-08-01,540.93,506.6499999999999,558.35,seasonal_naive
2030-09-01,546.04,511.75999999999993,563.46,seasonal_naive
2030-10-01,576.34,542.06,593.7600000000001,seasonal_naive
2030-11-01,613.65,579.3699999999999,631.07,seasonal_naive
2030-12-01,636.01,601.73,653.4300000000001,seasonal_naive
