filename,title,jurisdiction,level,doc_type,topic,date,status,url,in_force,axis_nearest
eu_cada_proposal_2026.pdf,Cloud and AI Development Act (CADA) COM(2026) 502 final,EU,supranational,legislative proposal,siting_general,2026-06-03,PROPOSED - not yet in force,https://digital-strategy.ec.europa.eu/en/library/proposal-cloud-and-ai-development-act-cada,False,scarcity_weighted_water
eu_deleg_reg_2024_1364.pdf,Commission Delegated Regulation (EU) 2024/1364 on data centre sustainability rating,EU,supranational,regulation,electricity_consumption,2024-03-14,IN FORCE,https://eur-lex.europa.eu/eli/reg_del/2024/1364/oj/eng,True,carbon_intensity
ie_cru_2025236_leu_connection.pdf,CRU Large Energy Users Connection Policy Decision CRU/2025236,Ireland,national regulator,regulatory decision,electricity_consumption,2025-12-12,IN FORCE,https://www.cru.ie/about-us/news/the-cru-publishes-its-decision-on-new-electricity-connection-policy-for-data-centres/,True,carbon_intensity
de_enefg_amendment_2026.pdf,Entwurf eines Gesetzes zur Beschleunigung der Umsetzung der Energieeffizienzrichtlinie (EnEfG amendment - data centre PUE rules),Germany,national,draft statute,electricity_consumption,2026-06-24,PROPOSED - cabinet draft not yet passed,https://www.bundeswirtschaftsministerium.de/Redaktion/DE/Artikel/Service/Gesetzesvorhaben/20260504-gesetz-zur-beschleunigung-der-umsetzung-der-energieeffizienzrichtlinie.html,False,carbon_intensity
nl_noordholland_datacenterstrategie_2025.pdf,Datacenterstrategie Noord-Holland 2025-2027,Netherlands-Noord-Holland,regional,provincial strategy,siting_general,2025-01-01,IN FORCE,https://www.noord-holland.nl/Onderwerpen/Economie_Werk/Projecten/Datacenters,True,scarcity_weighted_water
us_eo_14318_permitting.pdf,Executive Order 14318 - Accelerating Federal Permitting of Data Center Infrastructure,USA,federal,executive order,siting_general,2025-07-23,IN FORCE,https://www.govinfo.gov/app/details/DCPD-202500788,True,scarcity_weighted_water
us_va_hb153_chap567.pdf,Virginia HB 153 Chapter 567 - siting of data centers; site assessment; high energy use facility,USA-Virginia,state,statute,siting_general,2026-04-13,IN FORCE,https://lis.virginia.gov/bill-details/20261/HB153/text/CHAP0567,True,scarcity_weighted_water
us_tx_sb6.pdf,Texas SB 6 (89R) - large load interconnection and grid access for data centers,USA-Texas,state,statute,electricity_consumption,2025-06-20,IN FORCE,https://capitol.texas.gov/BillLookup/history.aspx?LegSess=89R&Bill=SB6,True,carbon_intensity
in_meity_draft_dc_policy_2020.pdf,MeitY Draft National Data Centre Policy 2020,India,national,draft policy,siting_general,2020-11-03,DRAFT - never notified,https://www.nitiforstates.gov.in/public-assets/Policy/policy_files/PNC510C000384.pdf,False,scarcity_weighted_water
in_rajasthan_dc_policy_2025.pdf,Rajasthan Data Centre Policy 2025 (PARTIALLY SCANNED - most pages are images; only a few pages have extractable text - see README),India-Rajasthan,state,state policy,siting_general,2025-02-20,IN FORCE,https://rising.rajasthan.gov.in/storage/app/public/files/pdf/rajasthan-data-centre-policy-2025.pdf,True,scarcity_weighted_water
watttime_moer_methodology_2022.pdf,Marginal Emissions Modeling: WattTime's Approach to Modeling and Validation,Global,corporate/nonprofit,methodology,carbon_intensity,2022-10-04,IN FORCE,https://www.watttime.org/wp-content/uploads/2023/11/WattTime-MOER-modeling-20221004.pdf,True,carbon_intensity
wri_aqueduct_water_risk_framework.pdf,Aqueduct Water Risk Framework (World Resources Institute) - note: this is the original framework paper; WRI has since released updated indicator versions (Aqueduct 4.0),Global,nonprofit/research,methodology,water_stress,2013-01-15,IN FORCE,https://www.wri.org/data/aqueduct-water-risk-atlas,True,scarcity_weighted_water
eu_jrc_datacentre_efficiency_guidelines_2024.pdf,2024 Best Practice Guidelines for the EU Code of Conduct on Data Centre Energy Efficiency (JRC136986),EU,supranational,guidance,temperature,2024-02-26,IN FORCE,https://e3p.jrc.ec.europa.eu/publications/2024-best-practice-guidelines-eu-code-conduct-data-centre-energy-efficiency,True,
eli_datacenters_and_water_factsheet_2026.pdf,Data Centers and Water Fact Sheet (Environmental Law Institute),USA,nonprofit/research,fact sheet,water_storage,2026-02-04,IN FORCE,https://www.eli.org/sites/default/files/files-pdf/Data%20Centers%20and%20Water%20Fact%20Sheet%20ELI%20January%202026%20(1).pdf,True,scarcity_weighted_water
us_pnnl_datacenter_atlas.pdf,IM3 Data Center Atlas - PNNL public tool for data center location and infrastructure mapping,USA,federal/national-lab,research article,datacenter_mapping,2026-01-21,IN FORCE,https://im3.pnnl.gov/datacenter-atlas,True,
