rank,state,basin_id,n_plants,n_existing_dc,cf_mean,ci_mean,grid_fossil_share,legal_flags,excluded,new_scarcity_m3eq,new_carbon_tco2,basin_pressure_m3,overdraft_months,state_generation_twh,small_grid,max_regret,mean_rank,rank_p10,rank_p90,rank_nolegal,recommendation
1,Mizoram,44515,4,0,1.3945,25.21166666666667,0.0,,False,7736066.772044408,7972.6550400000015,0.0,0,0.34,True,0.017686528507101645,1.61,1.0,2.0,1,preferable
2,Manipur,47944,3,0,1.8593333333333335,24.423333333333332,0.0,,False,10279643.639613368,7722.492480000001,0.0,0,0.64,True,0.02739955764441018,2.41,2.0,3.0,2,preferable
3,Goa,48134,4,0,7.039083333333333,47.79,0.0,,False,3065029.210513274,15112.34496,0.0,0,0.07,True,0.03598058630443575,3.392,1.0,7.0,3,preferable
4,Chandigarh,43905,3,0,42.531666666666666,47.064166666666665,0.0,,False,17344540.8,14879.021760000001,0.0,0,0.01,True,0.055031690011227444,6.238,4.0,8.0,4,preferable
5,Meghalaya,43666,5,0,4.665916666666667,24.005,0.0,,False,19776427.59052174,7591.026240000001,0.0,0,1.02,True,0.06368253312788938,3.836,3.0,5.0,5,preferable
6,Arunachal Pradesh,43666,8,0,4.665916666666667,24.010833333333334,0.0,,False,26582597.80897417,7592.806080000001,0.0,0,4.3,True,0.08968803683862837,6.058,5.0,7.0,6,middle
7,Nagaland,43666,4,0,4.665916666666667,23.8575,0.0,,False,26596086.426,7543.66176,0.0,0,0.31,True,0.08973846765989148,5.398,4.0,7.0,7,middle
8,Sikkim,43666,10,0,4.665916666666667,24.015,0.0,,False,26596086.426,7594.00704,0.0,0,1.99,True,0.08973960209666705,7.238,6.0,8.0,8,middle
9,Dadra and Nagar Haveli and Daman and Diu,45830,6,0,39.29016666666667,129.9425,0.0,,False,31741271.785382453,41102.190720000006,92340.0,3,0.03,True,0.30578984347969784,10.826,9.0,17.0,9,middle
10,Kerala,49646,2,0,11.69225,29.290000000000003,0.21923414206372407,,False,121524276.5736667,9258.91776,29754.0,1,9.25,True,0.4758331469871699,10.482,9.0,13.0,10,middle
11,Kerala,50051,19,0,22.211416666666665,29.290000000000003,0.21923414206372407,,False,125618001.1836667,9258.91776,62586.0,2,9.25,True,0.508489017039996,11.868,10.0,14.0,11,middle
12,Kerala,50250,8,0,25.711416666666665,29.290000000000003,0.21923414206372407,,False,126878740.7496667,9258.91776,93366.0,3,9.25,True,0.5311859575790179,13.19,12.0,15.0,12,middle
13,Kerala,49455,4,0,25.989333333333335,29.290000000000003,0.21923414206372407,,False,126983595.89766671,9258.91776,93366.0,3,9.25,True,0.5315865950370346,14.19,13.0,16.0,13,middle
14,Kerala,50659,2,0,26.04941666666667,29.290000000000003,0.21923414206372407,,False,127003276.6296667,9258.91776,93366.0,3,9.25,True,0.5316617924745547,15.19,14.0,17.0,14,middle
15,Kerala,49276,5,0,26.478583333333333,29.290000000000003,0.21923414206372407,,False,127165363.0836667,9258.91776,93366.0,3,9.25,True,0.5322811030773064,16.192,15.0,18.0,15,middle
16,Kerala,50454,6,0,26.846249999999998,29.290000000000003,0.21923414206372407,,False,127303780.74366671,9258.91776,93366.0,3,9.25,True,0.5328099783924891,17.192,16.0,19.0,16,middle
17,Kerala,49847,7,0,41.95258333333333,29.290000000000003,0.21923414206372407,,False,132978836.0616667,9258.91776,125172.0,4,9.25,True,0.572969421525202,18.524,17.0,21.0,17,middle
18,Ladakh,40336,7,0,37.46083333333333,24.015,0.0,,False,214115349.78,7593.94656,124146.0,4,0.41,True,0.8783408462268654,17.314,10.0,23.0,18,avoid
19,Delhi,43905,3,0,42.531666666666666,393.8025,0.9580495423192054,,False,25232074.422808,124495.23744000001,0.0,0,4.98,True,0.8943963384193301,17.634,11.0,21.0,19,avoid
20,Kerala,49855,3,0,76.4275,29.290000000000003,0.21923414206372407,,False,145931433.52566668,9258.91776,281124.0,9,9.25,True,0.9246918091174464,20.66,19.0,23.0,20,avoid
21,Assam,43666,31,0,4.665916666666667,588.1883333333334,0.6667723190702589,,False,5446416.909179447,185961.83904,0.0,0,9.63,True,0.931181397341598,17.142,10.0,23.0,21,avoid
22,Delhi,43947,21,3,51.28491666666667,393.8025,0.9580495423192054,,False,28486870.638807997,124495.23744000001,187757.99999999988,6,4.98,True,0.9323673396335975,21.47,20.0,23.0,22,avoid
23,Tripura,44515,8,0,1.3945,489.49916666666667,0.9742758760380799,,False,846656.3368117923,154791.44064000002,0.0,0,5.23,True,0.9331310715273725,17.946,10.0,22.0,23,avoid
