facility_id,operator,state,carbon_tco2_yr,e_grid_mwh_yr,water_phys_m3_yr,water_onsite_m3_yr,water_scarcity_m3eq_yr,water_scarcity_onsite_m3eq_yr,water_scarcity_grid_m3eq_yr,capacity_mw
eu-spain,42 reporting datacentres,Spain,94566.39573205479,603630.0,1414135.506825957,214501.0,39999365.36036304,7623488.951534246,32375876.40882879,101.03
eu-france,133 reporting datacentres,France,103948.7500739726,2416900.0,8307138.093833165,399147.0,23448867.98152989,1992735.382956164,21456132.59857373,1311.43
eu-germany,335 reporting datacentres,Germany,1763422.1867038356,4608530.0,9273826.772122817,1841262.0000000005,20183106.00776758,3854134.6629534243,16328971.34481416,946.87
eu-italy,23 reporting datacentres,Italy,116723.92825424657,350240.0,1157102.65641683,78350.99999999999,15628377.757764593,1488761.5185780823,14139616.23918651,92.02
eu-belgium,16 reporting datacentres,Belgium,178787.56183835617,1070950.0,2544460.506234537,1240047.9999999998,7464237.099485865,4359118.651353424,3105118.4481324404,236.13
eu-finland,25 reporting datacentres,Finland,99229.66704931506,1091180.0,4499151.515928282,8599.0,6816052.740179176,18701.764849315066,6797350.975329861,219.67
eu-sweden,7 reporting datacentres,Sweden,16193.635223835616,635530.0,4235657.9379971465,51213.0,5268439.952958518,111031.18709589043,5157408.765862627,114.3
eu-netherlands,85 reporting datacentres,Netherlands,153949.82375315067,574870.0,1760792.604168331,1356209.9999999998,3356418.999479885,2570359.789232876,786059.2102470092,102.76
eu-ireland,18 reporting datacentres,Ireland,434920.1683112329,1411760.0,1790965.0842809181,626593.9999999999,2853915.464302494,734078.0463945206,2119837.4179079738,315.92
eu-portugal,4 reporting datacentres,Portugal,7770.0902054794515,48750.0,181577.94412918188,27919.0,2781314.2431645812,536350.7616438356,2244963.4815207464,7.67
eu-austria,11 reporting datacentres,Austria,9608.23542739726,111100.0,1104502.5969159603,6288.0,2258565.738698977,12964.650082191778,2245601.0886167856,16.14
eu-greece,6 reporting datacentres,Greece,12819.692860273972,36900.0,67347.21092956886,4879.000000000001,2202065.362701362,196227.431630137,2005837.931071225,1.78
eu-poland,36 reporting datacentres,Poland,197107.648439726,276550.0,591476.9249456635,20359.0,1900661.0057662337,64351.17342465753,1836309.8323415762,59.05
eu-denmark,17 reporting datacentres,Denmark,134599.4168350685,731280.0,731846.4066490105,330800.99999999994,1347652.7771529919,699992.1357780823,647660.6413749097,193.74
eu-bulgaria,3 reporting datacentres,Bulgaria,7877.195976438356,20140.0,66731.48589066952,4601.0,973134.4824870152,48657.65490410959,924476.8275829059,4.11
eu-latvia,1 reporting datacentres,Latvia,868.0768273972603,6300.0,59529.63769159324,60.0,91735.14882955082,114.05424657534246,91621.09458297548,0.7
eu-luxembourg,2 reporting datacentres,Luxembourg,4786.644710136986,53220.0,69306.73151877937,12279.0,83419.62049888932,17229.32090136986,66190.29959751946,11.2
eu-croatia,1 reporting datacentres,Croatia,1586.8514991780821,7710.0,51412.55075563661,280.0,78708.88814534595,553.3336986301371,78155.5544467158,0.88
eu-lithuania,3 reporting datacentres,Lithuania,2535.198904109589,18000.0,22795.53306662285,0.0,39429.58633259935,0.0,39429.58633259935,2.3
eu-hungary,1 reporting datacentres,Hungary,1423.4003134246575,6520.0,11496.210029286845,0.0,28009.5421881434,0.0,28009.5421881434,0.53
eu-malta,1 reporting datacentres,Malta,4140.030238356164,7950.0,5334.825227777845,0.0,21222.76987475752,0.0,21222.76987475752,0.64
