policy,carbon_tco2,scarcity_m3eq,scarcity_sd,penalty,penalty_sd,peak_basin_queue_m3,end_backlog_m3,unserved_mwh,scarcity_saving_pct_vs_static,carbon_saving_pct_vs_static,penalty_gap_pct_vs_oracle,legal,seeds
static,16198233.610959027,2660995986.153616,10191818.613395099,1.7103935836035948,0.0058764477789140235,3601634.05950809,3646822.076355958,0.0,0.0,0.0,24.49,True,10
greedy,14544592.03456462,1880529315.9346404,1112306.7454093993,1.378295183820643,0.0028001665361653107,2354265.2259,2383653.9699,0.0,29.33,10.21,0.319,True,10
lyapunov,14544592.03456462,1880529315.9346404,1112306.7454093993,1.378295183820643,0.0028001665361653107,2354265.2259,2383653.9699,0.0,29.33,10.21,0.319,True,10
oracle,14476460.085435364,1878428200.9624963,711766.688936454,1.3739150201216868,0.0027011791634733583,2354265.2259,2383653.9699,0.0,29.41,10.63,0.0,True,10
lyapunov_pf,14476460.085435364,1878428200.9624963,711766.6889364696,1.3739150201216868,0.0027011791634734034,2354265.2259,2383653.9699,0.0,29.41,10.63,0.0,True,10
static,16198233.610959027,2660995986.153616,10191818.613395099,1.7103935836035948,0.0058764477789140235,3601634.05950809,3646822.076355958,0.0,0.0,0.0,24.49,False,10
greedy,14544592.03456462,1880529315.9346404,1112306.7454093993,1.378295183820643,0.0028001665361653107,2354265.2259,2383653.9699,0.0,29.33,10.21,0.319,False,10
lyapunov,14544592.03456462,1880529315.9346404,1112306.7454093993,1.378295183820643,0.0028001665361653107,2354265.2259,2383653.9699,0.0,29.33,10.21,0.319,False,10
oracle,14476460.085435364,1878428200.9624963,711766.688936454,1.3739150201216868,0.0027011791634733583,2354265.2259,2383653.9699,0.0,29.41,10.63,0.0,False,10
lyapunov_pf,14476460.085435364,1878428200.9624963,711766.6889364696,1.3739150201216868,0.0027011791634734034,2354265.2259,2383653.9699,0.0,29.41,10.63,0.0,False,10
