month,carbon_tco2,scarcity_m3eq,carbon_share_pct,scarcity_share_pct
1,1511271.7345886591,159331186.4908399,9.4,6.3
2,1230064.2969909024,131145159.64821908,7.7,5.2
3,1201732.4664575711,145448976.36454168,7.5,5.8
4,1122274.486208448,146648338.1058994,7.0,5.8
5,1166439.2133352223,166708143.1238603,7.3,6.6
6,1289121.2709223682,271436520.5723381,8.0,10.8
7,1526933.360721504,318314375.16540134,9.5,12.7
8,1497578.3348422751,333369200.3716137,9.3,13.3
9,1394708.144785632,266416455.18614522,8.7,10.6
10,1366962.1132669824,208228525.58498377,8.5,8.3
11,1317618.3514803841,199142582.0841266,8.2,7.9
12,1414222.0135112065,167129222.44566396,8.8,6.6
