model,region,resource,level,grain,n_series,n_points,MAE,RMSE,WMAPE_pct,Bias,Bias_pct,sMAPE_pct,MedAE,Pearson_r,MASE,n_prob,PICP,CRPS,source
seasonal_naive,India,electricity,zones,zone-month (Ember),36,1236,383.4972249190938,764.5325310798546,9.139874114573953,-180.8558333333333,-4.310329885442499,22.163973548571622,125.4099999999998,0.9894716434236924,3.3808510844403954,1236.0,0.7257281553398058,277.9848964168966,fresh (dcfootprint)
seasonal_naive,India,electricity,aggregate,zone-month (Ember),1,35,8281.31342857143,10219.250885416628,5.588038261557158,-6387.086000000003,-4.309857519064221,5.754596635353221,7188.919999999998,0.760489385439934,0.8146710674274183,35.0,0.6571428571428571,5806.229461043932,fresh (dcfootprint)
sarima,India,electricity,zones,zone-month (Ember),36,1178,328.73491759100256,636.5645484692196,7.733094941016406,-111.08379054902682,-2.613113036541989,20.580249912316297,126.80205281167872,0.992290337070343,3.418420079406692,1178.0,0.8599320882852292,251.67860035715992,fresh (dcfootprint)
sarima,India,electricity,aggregate,zone-month (Ember),1,35,9024.470246906496,10970.964896787227,6.0895032490875005,-6203.61222026659,-4.186053667176963,6.142285063491993,7807.33160203381,0.5345618672561373,0.8896691602411521,35.0,0.9714285714285714,6860.59366302005,fresh (dcfootprint)
seasonal_naive,India,carbon,zones,zone-month (Ember),36,1236,23.70349514563107,87.61193364300702,5.772789770302335,-5.172394822006472,-1.259693886196663,7.529453650499629,3.1500000000000483,0.9616404559737016,0.9831572702394236,1224.0,0.7450980392156863,12.406488147405984,fresh (dcfootprint)
seasonal_naive,India,carbon,aggregate,zone-month (Ember),1,35,19.09942857142857,23.80966622433598,3.110117746020698,7.353714285714285,1.1974660505487182,3.1224148737191126,15.600000000000025,0.8271963975332818,1.0993586710203511,35.0,0.6,13.78864396837306,fresh (dcfootprint)
sarima,India,carbon,zones,zone-month (Ember),36,1201,16.469542048982767,36.563452961175415,3.981456242396767,-0.756326347252624,-0.182839343535001,5.794199569181625,3.3862367648758323,0.9932023605267544,0.9587687390773948,1201.0,0.8701082431307244,15.337333308385558,fresh (dcfootprint)
sarima,India,carbon,aggregate,zone-month (Ember),1,35,11.98879697087762,14.887203774835664,1.9522348573477115,3.359383250056063,0.5470361284689769,1.9857818048346627,8.977434931718335,0.9390496359771636,0.6826211112020177,35.0,1.0,10.89594157393345,fresh (dcfootprint)
seasonal_naive,US,electricity,zones,zone-month (Ember),52,1872,479.6712286324786,747.7743623876328,6.805385377360851,-122.16875000000002,-1.7332818297039692,9.314406285297554,304.92999999999984,0.995815372864086,1.0505865399607723,1872.0,0.7174145299145299,344.55667753715744,fresh (dcfootprint)
seasonal_naive,US,electricity,aggregate,zone-month (Ember),1,36,11895.488333333336,14575.640019851431,3.2556495909034684,-6469.935000000001,-1.7707420364490036,3.3098681905532548,11554.049999999988,0.9448565713845424,1.148022694433662,36.0,0.6388888888888888,8430.292029724837,fresh (dcfootprint)
sarima,US,electricity,zones,zone-month (Ember),44,1368,390.9245577811349,619.8043499956999,6.410067144744527,-81.1290496366045,-1.3302890422430311,8.528576015117565,230.2007452081124,0.995493499244931,0.8837388660442264,1368.0,0.8187134502923976,281.2047723322917,fresh (dcfootprint)
sarima,US,electricity,aggregate,zone-month (Ember),1,36,13337.998581436685,16455.453230797557,3.650446993709691,-2259.1714811413744,-0.6183075887476132,3.5757045325539654,12047.994974719244,0.939480129476548,1.2887581198003748,36.0,1.0,15501.320351155757,fresh (dcfootprint)
seasonal_naive,US,carbon,zones,zone-month (Ember),52,1872,28.761137820512825,40.67606909812748,8.14852029884075,6.348338675213676,1.7985924924708725,10.325631910569788,20.149999999999977,0.9646783727102066,1.0282502469744108,1872.0,0.7419871794871795,21.268889741024807,fresh (dcfootprint)
seasonal_naive,US,carbon,aggregate,zone-month (Ember),1,36,11.265277777777776,14.755793306735873,3.253058340077952,7.356944444444442,2.124454447958686,3.217353602461024,8.079999999999984,0.8707220031785753,0.8317005538631519,36.0,0.75,8.246116096883508,fresh (dcfootprint)
sarima,US,carbon,zones,zone-month (Ember),52,1848,25.100814383188265,34.824029725786346,7.143397782744917,1.77241976659304,0.5044099062879008,9.2324253960026,18.391757840873964,0.9728971685713282,0.8902185205903561,1848.0,0.8138528138528138,18.22271221981428,fresh (dcfootprint)
sarima,US,carbon,aggregate,zone-month (Ember),1,36,8.89580959541008,12.427241722132006,2.568830362370589,0.8167395863014867,0.2358487358501669,2.585322622035352,7.646248996363624,0.8641342485767283,0.6567143206674833,36.0,0.8055555555555556,7.116784589869241,fresh (dcfootprint)
seasonal_naive,EU,electricity,zones,zone-month (Ember),27,972,597.1810699588477,1205.031802937389,7.508330228900202,-6.193415637860082,-0.077869531023635,11.462690732973362,240.0,0.9939569019652325,1.1025773052256895,972.0,0.6748971193415638,428.174180660027,fresh (dcfootprint)
seasonal_naive,EU,electricity,aggregate,zone-month (Ember),1,36,6024.722222222223,7213.83643501231,2.8010528001487764,-150.83333333333334,-0.0701264083397475,2.8206445585589672,5610.0,0.9056215939270614,0.8172291231708253,36.0,0.7777777777777778,3982.408645680424,fresh (dcfootprint)
sarima,EU,electricity,zones,zone-month (Ember),26,696,487.3299925819935,1019.475832191726,6.5636209233893394,116.4122843442949,1.567902893096007,10.78632970020882,180.57853599197097,0.9960821506875164,0.9602771277560522,696.0,0.7887931034482759,386.3615562646141,fresh (dcfootprint)
sarima,EU,electricity,aggregate,zone-month (Ember),1,24,16877.84103052101,19102.81624075389,7.865523828185762,16741.850062566384,7.802148412045103,7.797500053312251,16545.883070275,0.9745466173373089,2.309494073161827,24.0,1.0,12221.729700275586,fresh (dcfootprint)
seasonal_naive,EU,carbon,zones,zone-month (Ember),27,972,44.38697530864197,60.63057540779104,18.207869349423596,25.89794238683128,10.623529720587092,21.833995521911497,33.27499999999999,0.9508807146986332,1.019243998847381,972.0,0.6820987654320988,32.457314453539894,fresh (dcfootprint)
seasonal_naive,EU,carbon,aggregate,zone-month (Ember),1,36,36.07444444444444,43.55559633643215,15.965342122377024,28.25555555555556,12.50496350670058,14.4883640672007,27.684999999999988,0.5745988161100067,1.3199152327365933,36.0,0.5833333333333334,26.870813132050355,fresh (dcfootprint)
sarima,EU,carbon,zones,zone-month (Ember),27,972,40.21052802247503,55.90159640374765,16.494659426861535,23.84536254629387,9.781546113776884,20.859882439116475,29.37237894145491,0.9567300947944968,0.9879344737522588,972.0,0.7870370370370371,30.029158911789587,fresh (dcfootprint)
sarima,EU,carbon,aggregate,zone-month (Ember),1,36,28.76768963185377,38.515500576258994,12.73161691374668,21.09337869339892,9.33522366160331,11.5197106726949,20.237458940656765,0.6139124984511496,1.0728904430155726,36.0,0.6388888888888888,21.805363717834485,fresh (dcfootprint)
chronos-2,Europe,carbon,zones,Co-RE zone/basin,35,420,32.68559739884876,48.52209173000148,11.80044904059675,7.497572865622385,2.706841348172946,15.58513126019614,19.39338134765626,0.9735338489345512,0.6989270293002351,,,,Co-RE cache outputs_v2/partB
chronos-2,India,carbon,zones,Co-RE zone/basin,11,132,35.03240072423762,55.10285516912448,6.935360128355518,30.91566060846502,6.120369586243528,8.648473821213875,14.98729248046874,0.97995754941102,1.0689729934430048,,,,Co-RE cache outputs_v2/partB
chronos-2,US,carbon,zones,Co-RE zone/basin,49,588,23.00119973811973,30.979861691405294,6.743262210526092,-0.1095180072914172,-0.0321073964988186,8.686977817555105,18.232612915039027,0.977514916849936,0.7910473263176491,,,,Co-RE cache outputs_v2/partB
sarima_core,Europe,carbon,zones,Co-RE zone/basin,35,420,35.92655047320433,51.61023525172757,12.97052713738703,-15.38894597774858,-5.555856011532302,21.40523675474256,26.246416488845718,0.9720719851223656,0.8245034509153502,,,,Co-RE cache outputs_v2/partB
sarima_core,India,carbon,zones,Co-RE zone/basin,11,132,37.85297867273664,60.087589074622834,7.493749603199727,29.79274957692707,5.898067025333656,9.396085927179325,18.00252078880635,0.9737705026060086,1.2251790655091703,,,,Co-RE cache outputs_v2/partB
sarima_core,US,carbon,zones,Co-RE zone/basin,49,588,25.902721556418488,36.59076756686356,7.593901422963555,-9.768906824840514,-2.8639506191029,9.805017502652245,17.626722728186337,0.9705916900642894,0.9035571981869612,,,,Co-RE cache outputs_v2/partB
timesfm-2.5,Europe,carbon,zones,Co-RE zone/basin,35,420,33.129814000992546,49.39468078368545,11.960824123010555,13.72308646919614,4.9544323936742725,15.692544498853405,19.60379150390625,0.9742048327882644,0.7330302768955028,,,,Co-RE cache outputs_v2/partB
timesfm-2.5,India,carbon,zones,Co-RE zone/basin,11,132,36.02723183660796,58.103642796393714,7.132306723180445,33.27123577984897,6.586702517622039,8.875987244865122,11.860605468750007,0.9782002900267928,1.1322294617758195,,,,Co-RE cache outputs_v2/partB
timesfm-2.5,US,carbon,zones,Co-RE zone/basin,49,588,24.6031547164917,33.8868906133647,7.212907385195701,6.007074088531288,1.761094036755442,9.393409580225011,17.74200866699215,0.973943266117976,0.8326146940919407,,,,Co-RE cache outputs_v2/partB
xlstm,Europe,carbon,zones,Co-RE zone/basin,35,420,41.090963848610535,61.506107678102914,14.835030212469382,16.937074036228335,6.114775159910841,18.65032027873267,24.77233821988105,0.9606339064851368,0.8626011912227945,,,,Co-RE cache outputs_v2/partB
xlstm,India,carbon,zones,Co-RE zone/basin,11,132,40.22384642607447,62.09610299495372,7.963110005175459,27.76383815865513,5.496403677594169,9.600489435119574,21.194269231557826,0.9702118002024178,1.347284494364154,,,,Co-RE cache outputs_v2/partB
xlstm,US,carbon,zones,Co-RE zone/basin,49,588,28.985470381627355,39.08776963324955,8.497670960824799,2.907664004288693,0.8524399172331927,10.349160666056788,21.64112582996489,0.9639642100834368,1.018239117220331,,,,Co-RE cache outputs_v2/partB
chronos-2,Europe,electricity,zones,Co-RE zone/basin,35,420,472.620414352417,915.3859693228352,5.651406698762819,-222.16385307312007,-2.656546880652044,8.181658933284961,197.3782958984375,0.9979141254286856,0.7565247610976403,,,,Co-RE cache outputs_v2/partB
chronos-2,India,electricity,zones,Co-RE zone/basin,11,132,635.7368572674375,977.6372142555896,7.485378275714728,-145.13886788570517,-1.7089135484502198,12.488933852527197,382.8465429687494,0.9786449671739792,0.7591812443602445,,,,Co-RE cache outputs_v2/partB
chronos-2,US,electricity,zones,Co-RE zone/basin,49,588,418.07931371805614,609.6283317830824,5.4631994172212055,-244.57038409875364,-3.195893066306886,7.538412965335612,286.88814453125,0.997839116991636,0.8735366660317401,,,,Co-RE cache outputs_v2/partB
sarima_core,Europe,electricity,zones,Co-RE zone/basin,35,420,533.2326959662756,983.0994031699412,6.376184224103558,-169.71625349577448,-2.0293993716059706,12.479204394539318,232.4957702895032,0.9970045743500516,0.9804480686591864,,,,Co-RE cache outputs_v2/partB
sarima_core,India,electricity,zones,Co-RE zone/basin,11,132,667.6141754847572,991.2428013703782,7.860712476562534,325.1695562224086,3.828655054754974,13.087335882923211,455.174573709664,0.9830679308207924,0.8093102977727648,,,,Co-RE cache outputs_v2/partB
sarima_core,US,electricity,zones,Co-RE zone/basin,49,588,452.5688363376104,655.7792192215041,5.913886963083507,-179.61339683237753,-2.347075716741894,8.429999712420368,308.54753811002183,0.9969491899126716,0.9572494670891004,,,,Co-RE cache outputs_v2/partB
timesfm-2.5,Europe,electricity,zones,Co-RE zone/basin,35,420,480.1352767399379,915.1835508689772,5.741266430478615,-194.85338053022116,-2.329979126089861,8.60311238462819,207.91683197021484,0.9976835415507502,0.7949157796119446,,,,Co-RE cache outputs_v2/partB
timesfm-2.5,India,electricity,zones,Co-RE zone/basin,11,132,600.9841563091856,910.8596143172144,7.076188357273557,-258.69720928770124,-3.045987421137632,12.5374176670493,360.69897460937545,0.9830403754309036,0.760928862674508,,,,Co-RE cache outputs_v2/partB
timesfm-2.5,US,electricity,zones,Co-RE zone/basin,49,588,451.83111380700353,683.8098524676569,5.904246865697583,-261.98143666637185,-3.4234098295609674,7.929723956208981,311.5755566406251,0.9973108694631456,0.9258304563893,,,,Co-RE cache outputs_v2/partB
xlstm,Europe,electricity,zones,Co-RE zone/basin,35,420,655.3286186435395,1336.1168563600272,7.83615864407306,-287.253050027149,-3.4348575767465235,10.518568672749124,241.2560784816741,0.9953187389395048,1.05807146606677,,,,Co-RE cache outputs_v2/partB
xlstm,India,electricity,zones,Co-RE zone/basin,11,132,771.2263348510589,1101.253205413194,9.080676677087318,-196.84549794116708,-2.3177246955515334,15.037795831521498,536.5136996537449,0.9733392147330971,0.9568429864645248,,,,Co-RE cache outputs_v2/partB
xlstm,US,electricity,zones,Co-RE zone/basin,49,588,539.5328135504586,765.2240142726971,7.050277915803233,-179.9364232232774,-2.3512968239160736,9.7638639005838,366.7064624172451,0.9957897342823272,1.1544063007920276,,,,Co-RE cache outputs_v2/partB
chronos-2,basins,water,zones,Co-RE zone/basin,24,288,32.26247024126357,45.29912913851278,36.392770942202354,0.9210494700759154,1.0389639150457326,57.05183697507794,21.57360171759259,0.8895608605396796,0.6382784595837486,,,,Co-RE cache outputs_v2/partB
sarima_core,basins,water,zones,Co-RE zone/basin,24,288,31.16102804594938,40.74960680265536,35.150320093882684,-4.585081759940506,-5.172072348860834,58.88749720994384,24.327841807810408,0.924299268066444,0.6302130379552296,,,,Co-RE cache outputs_v2/partB
timesfm-2.5,basins,water,zones,Co-RE zone/basin,24,288,37.333759902083976,50.31893809801063,42.11329642049467,8.939126120667275,10.083529466284316,65.95141775886295,29.262868724151083,0.8588905195888169,0.7153487027788097,,,,Co-RE cache outputs_v2/partB
xlstm,basins,water,zones,Co-RE zone/basin,24,288,45.11468921163199,57.79875398678838,50.89035459249034,11.47651000046488,12.945753891114787,75.44290743772582,35.553743671574395,0.8131942925189403,0.8964431365580823,,,,Co-RE cache outputs_v2/partB
