model,region,resource,source,grain,n_series,n_points,MAE,RMSE,WMAPE_pct,Bias,Bias_pct,sMAPE_pct,MedAE,Pearson_r,MASE,PICP,CRPS
chronos-2,Europe,carbon,Co-RE cache outputs_v2/partB,Co-RE zone/basin,35,420,32.685597398848756,48.52209173000148,11.80044904059675,7.497572865622385,2.706841348172946,15.585131260196139,19.39338134765626,0.9735338489345513,0.6989270293002351,,
chronos-2,India,carbon,Co-RE cache outputs_v2/partB,Co-RE zone/basin,11,132,35.03240072423762,55.102855169124474,6.935360128355518,30.91566060846502,6.120369586243528,8.648473821213875,14.987292480468739,0.9799575494110201,1.0689729934430048,,
chronos-2,US,carbon,Co-RE cache outputs_v2/partB,Co-RE zone/basin,49,588,23.001199738119734,30.979861691405294,6.743262210526092,-0.10951800729141722,-0.03210739649881868,8.686977817555105,18.232612915039027,0.9775149168499359,0.7910473263176491,,
sarima_core,Europe,carbon,Co-RE cache outputs_v2/partB,Co-RE zone/basin,35,420,35.92655047320433,51.61023525172757,12.97052713738703,-15.388945977748579,-5.555856011532302,21.405236754742557,26.246416488845714,0.9720719851223657,0.8245034509153502,,
sarima_core,India,carbon,Co-RE cache outputs_v2/partB,Co-RE zone/basin,11,132,37.85297867273664,60.087589074622834,7.493749603199727,29.79274957692707,5.898067025333656,9.396085927179325,18.00252078880635,0.9737705026060086,1.2251790655091703,,
sarima_core,US,carbon,Co-RE cache outputs_v2/partB,Co-RE zone/basin,49,588,25.902721556418488,36.590767566863555,7.593901422963555,-9.768906824840514,-2.8639506191028996,9.805017502652243,17.626722728186337,0.9705916900642894,0.9035571981869613,,
timesfm-2.5,Europe,carbon,Co-RE cache outputs_v2/partB,Co-RE zone/basin,35,420,33.129814000992546,49.39468078368545,11.960824123010555,13.72308646919614,4.9544323936742725,15.692544498853403,19.60379150390625,0.9742048327882643,0.7330302768955028,,
timesfm-2.5,India,carbon,Co-RE cache outputs_v2/partB,Co-RE zone/basin,11,132,36.02723183660796,58.103642796393714,7.132306723180445,33.27123577984897,6.586702517622039,8.875987244865122,11.860605468750009,0.9782002900267927,1.1322294617758195,,
timesfm-2.5,US,carbon,Co-RE cache outputs_v2/partB,Co-RE zone/basin,49,588,24.6031547164917,33.8868906133647,7.212907385195701,6.007074088531288,1.761094036755442,9.393409580225013,17.74200866699215,0.9739432661179761,0.8326146940919407,,
xlstm,Europe,carbon,Co-RE cache outputs_v2/partB,Co-RE zone/basin,35,420,41.090963848610535,61.506107678102914,14.835030212469382,16.937074036228335,6.114775159910841,18.65032027873267,24.77233821988105,0.9606339064851368,0.8626011912227945,,
xlstm,India,carbon,Co-RE cache outputs_v2/partB,Co-RE zone/basin,11,132,40.22384642607447,62.09610299495372,7.963110005175459,27.763838158655126,5.496403677594169,9.600489435119574,21.194269231557826,0.9702118002024178,1.347284494364154,,
xlstm,US,carbon,Co-RE cache outputs_v2/partB,Co-RE zone/basin,49,588,28.985470381627355,39.08776963324955,8.497670960824799,2.907664004288693,0.8524399172331927,10.349160666056788,21.641125829964892,0.9639642100834367,1.0182391172203307,,
chronos-2,Europe,electricity,Co-RE cache outputs_v2/partB,Co-RE zone/basin,35,420,472.620414352417,915.3859693228353,5.651406698762819,-222.16385307312012,-2.656546880652044,8.181658933284961,197.3782958984375,0.9979141254286856,0.7565247610976403,,
chronos-2,India,electricity,Co-RE cache outputs_v2/partB,Co-RE zone/basin,11,132,635.7368572674375,977.6372142555896,7.485378275714728,-145.13886788570517,-1.7089135484502198,12.488933852527197,382.8465429687494,0.9786449671739793,0.7591812443602445,,
chronos-2,US,electricity,Co-RE cache outputs_v2/partB,Co-RE zone/basin,49,588,418.07931371805614,609.6283317830824,5.4631994172212055,-244.57038409875364,-3.195893066306886,7.538412965335612,286.88814453124996,0.9978391169916361,0.8735366660317401,,
sarima_core,Europe,electricity,Co-RE cache outputs_v2/partB,Co-RE zone/basin,35,420,533.2326959662756,983.0994031699411,6.376184224103558,-169.71625349577448,-2.0293993716059706,12.479204394539318,232.49577028950318,0.9970045743500517,0.9804480686591865,,
sarima_core,India,electricity,Co-RE cache outputs_v2/partB,Co-RE zone/basin,11,132,667.6141754847572,991.2428013703782,7.860712476562534,325.1695562224086,3.828655054754974,13.087335882923213,455.17457370966395,0.9830679308207924,0.8093102977727648,,
sarima_core,US,electricity,Co-RE cache outputs_v2/partB,Co-RE zone/basin,49,588,452.5688363376104,655.7792192215041,5.913886963083507,-179.61339683237753,-2.347075716741894,8.429999712420368,308.54753811002183,0.9969491899126715,0.9572494670891003,,
timesfm-2.5,Europe,electricity,Co-RE cache outputs_v2/partB,Co-RE zone/basin,35,420,480.1352767399379,915.1835508689772,5.741266430478615,-194.85338053022113,-2.3299791260898606,8.60311238462819,207.91683197021484,0.9976835415507502,0.7949157796119446,,
timesfm-2.5,India,electricity,Co-RE cache outputs_v2/partB,Co-RE zone/basin,11,132,600.9841563091856,910.8596143172143,7.076188357273557,-258.69720928770124,-3.045987421137632,12.5374176670493,360.69897460937545,0.9830403754309037,0.760928862674508,,
timesfm-2.5,US,electricity,Co-RE cache outputs_v2/partB,Co-RE zone/basin,49,588,451.83111380700353,683.8098524676569,5.904246865697583,-261.98143666637185,-3.4234098295609674,7.929723956208981,311.5755566406251,0.9973108694631455,0.9258304563893,,
xlstm,Europe,electricity,Co-RE cache outputs_v2/partB,Co-RE zone/basin,35,420,655.3286186435395,1336.1168563600272,7.83615864407306,-287.253050027149,-3.4348575767465235,10.518568672749124,241.25607848167414,0.9953187389395047,1.05807146606677,,
xlstm,India,electricity,Co-RE cache outputs_v2/partB,Co-RE zone/basin,11,132,771.2263348510589,1101.253205413194,9.080676677087318,-196.84549794116708,-2.3177246955515334,15.037795831521498,536.5136996537449,0.9733392147330971,0.9568429864645249,,
xlstm,US,electricity,Co-RE cache outputs_v2/partB,Co-RE zone/basin,49,588,539.5328135504586,765.2240142726971,7.050277915803233,-179.9364232232774,-2.3512968239160736,9.7638639005838,366.7064624172451,0.9957897342823272,1.1544063007920276,,
chronos-2,basins,water,Co-RE cache outputs_v2/partB,Co-RE zone/basin,24,288,32.26247024126357,45.29912913851278,36.392770942202354,0.9210494700759154,1.0389639150457326,57.05183697507794,21.57360171759259,0.8895608605396796,0.6382784595837486,,
sarima_core,basins,water,Co-RE cache outputs_v2/partB,Co-RE zone/basin,24,288,31.16102804594938,40.74960680265536,35.150320093882684,-4.585081759940506,-5.1720723488608344,58.88749720994384,24.327841807810408,0.924299268066444,0.6302130379552296,,
timesfm-2.5,basins,water,Co-RE cache outputs_v2/partB,Co-RE zone/basin,24,288,37.333759902083976,50.31893809801063,42.11329642049467,8.939126120667275,10.083529466284315,65.95141775886295,29.262868724151083,0.8588905195888169,0.7153487027788097,,
xlstm,basins,water,Co-RE cache outputs_v2/partB,Co-RE zone/basin,24,288,45.11468921163199,57.79875398678838,50.89035459249034,11.47651000046488,12.945753891114789,75.44290743772582,35.553743671574395,0.8131942925189403,0.8964431365580823,,
