model,region,resource,level,grain,n_series,n_points,MAE,RMSE,WMAPE_pct,Bias,Bias_pct,sMAPE_pct,MedAE,Pearson_r,MASE,n_prob,PICP,CRPS
seasonal_naive,India,electricity,zones,zone-month (Ember),36,1236,383.4972249190938,764.5325310798546,9.139874114573951,-180.85583333333332,-4.310329885442499,22.163973548571622,125.4099999999998,0.9894716434236924,3.3808510844403954,1236,0.7257281553398058,277.9848964168966
seasonal_naive,India,electricity,aggregate,zone-month (Ember),1,35,8281.31342857143,10219.250885416628,5.588038261557158,-6387.086000000003,-4.309857519064221,5.754596635353221,7188.919999999998,0.760489385439934,0.8146710674274183,35,0.6571428571428571,5806.229461043932
sarima,India,electricity,zones,zone-month (Ember),36,1178,328.73491759100256,636.5645484692196,7.733094941016406,-111.08379054902682,-2.6131130365419892,20.580249912316297,126.80205281167872,0.992290337070343,3.418420079406692,1178,0.8599320882852292,251.67860035715992
sarima,India,electricity,aggregate,zone-month (Ember),1,35,9024.470246906496,10970.964896787229,6.0895032490875005,-6203.61222026659,-4.186053667176963,6.142285063491993,7807.33160203381,0.5345618672561373,0.8896691602411521,35,0.9714285714285714,6860.59366302005
seasonal_naive,India,carbon,zones,zone-month (Ember),36,1236,23.70349514563107,87.61193364300702,5.772789770302335,-5.172394822006472,-1.2596938861966627,7.5294536504996294,3.1500000000000483,0.9616404559737015,0.9831572702394236,1224,0.7450980392156863,12.406488147405984
seasonal_naive,India,carbon,aggregate,zone-month (Ember),1,35,19.099428571428575,23.80966622433598,3.110117746020698,7.353714285714285,1.1974660505487182,3.1224148737191126,15.600000000000023,0.8271963975332818,1.0993586710203511,35,0.6,13.788643968373059
sarima,India,carbon,zones,zone-month (Ember),36,1201,16.469542048982767,36.563452961175415,3.981456242396767,-0.756326347252624,-0.18283934353500103,5.794199569181625,3.3862367648758323,0.9932023605267545,0.9587687390773948,1201,0.8701082431307244,15.337333308385558
sarima,India,carbon,aggregate,zone-month (Ember),1,35,11.988796970877619,14.887203774835664,1.9522348573477115,3.359383250056063,0.5470361284689769,1.9857818048346627,8.977434931718335,0.9390496359771637,0.6826211112020177,35,1.0,10.89594157393345
seasonal_naive,US,electricity,zones,zone-month (Ember),52,1872,479.67122863247863,747.7743623876328,6.805385377360851,-122.16875000000002,-1.7332818297039692,9.314406285297554,304.92999999999984,0.9958153728640861,1.0505865399607723,1872,0.7174145299145299,344.55667753715744
seasonal_naive,US,electricity,aggregate,zone-month (Ember),1,36,11895.488333333335,14575.640019851431,3.2556495909034684,-6469.935000000001,-1.7707420364490036,3.3098681905532548,11554.049999999988,0.9448565713845423,1.148022694433662,36,0.6388888888888888,8430.292029724837
sarima,US,electricity,zones,zone-month (Ember),44,1368,390.9245577811349,619.8043499956999,6.410067144744527,-81.1290496366045,-1.3302890422430313,8.528576015117565,230.20074520811238,0.995493499244931,0.8837388660442264,1368,0.8187134502923976,281.2047723322917
sarima,US,electricity,aggregate,zone-month (Ember),1,36,13337.998581436683,16455.453230797557,3.650446993709691,-2259.1714811413744,-0.6183075887476132,3.5757045325539654,12047.994974719244,0.939480129476548,1.2887581198003748,36,1.0,15501.320351155757
seasonal_naive,US,carbon,zones,zone-month (Ember),52,1872,28.761137820512822,40.67606909812748,8.14852029884075,6.348338675213676,1.7985924924708723,10.325631910569788,20.149999999999977,0.9646783727102066,1.0282502469744108,1872,0.7419871794871795,21.268889741024807
seasonal_naive,US,carbon,aggregate,zone-month (Ember),1,36,11.265277777777776,14.755793306735873,3.2530583400779514,7.356944444444442,2.124454447958686,3.217353602461024,8.079999999999984,0.8707220031785753,0.8317005538631519,36,0.75,8.246116096883508
sarima,US,carbon,zones,zone-month (Ember),52,1848,25.100814383188265,34.824029725786346,7.143397782744917,1.7724197665930401,0.5044099062879008,9.2324253960026,18.391757840873964,0.9728971685713282,0.8902185205903561,1848,0.8138528138528138,18.22271221981428
sarima,US,carbon,aggregate,zone-month (Ember),1,36,8.89580959541008,12.427241722132006,2.568830362370589,0.8167395863014867,0.23584873585016697,2.585322622035352,7.646248996363624,0.8641342485767283,0.6567143206674833,36,0.8055555555555556,7.116784589869241
seasonal_naive,EU,electricity,zones,zone-month (Ember),27,972,597.1810699588477,1205.0318029373893,7.508330228900202,-6.193415637860082,-0.07786953102363509,11.462690732973362,240.0,0.9939569019652325,1.1025773052256895,972,0.6748971193415638,428.174180660027
seasonal_naive,EU,electricity,aggregate,zone-month (Ember),1,36,6024.722222222223,7213.83643501231,2.8010528001487764,-150.83333333333334,-0.07012640833974759,2.8206445585589672,5610.0,0.9056215939270614,0.8172291231708253,36,0.7777777777777778,3982.4086456804234
sarima,EU,electricity,zones,zone-month (Ember),26,696,487.3299925819935,1019.4758321917261,6.5636209233893394,116.4122843442949,1.567902893096007,10.786329700208821,180.57853599197097,0.9960821506875164,0.9602771277560522,696,0.7887931034482759,386.3615562646141
sarima,EU,electricity,aggregate,zone-month (Ember),1,24,16877.84103052101,19102.81624075389,7.865523828185762,16741.850062566384,7.802148412045103,7.797500053312251,16545.883070275,0.9745466173373089,2.309494073161827,24,1.0,12221.729700275586
seasonal_naive,EU,carbon,zones,zone-month (Ember),27,972,44.38697530864197,60.63057540779104,18.207869349423593,25.89794238683128,10.623529720587092,21.833995521911497,33.27499999999999,0.9508807146986332,1.019243998847381,972,0.6820987654320988,32.457314453539894
seasonal_naive,EU,carbon,aggregate,zone-month (Ember),1,36,36.07444444444444,43.55559633643215,15.965342122377024,28.255555555555556,12.50496350670058,14.488364067200699,27.684999999999988,0.5745988161100067,1.3199152327365933,36,0.5833333333333334,26.870813132050355
sarima,EU,carbon,zones,zone-month (Ember),27,972,40.210528022475025,55.901596403747654,16.494659426861535,23.84536254629387,9.781546113776885,20.859882439116475,29.37237894145491,0.9567300947944968,0.9879344737522587,972,0.7870370370370371,30.029158911789587
sarima,EU,carbon,aggregate,zone-month (Ember),1,36,28.76768963185377,38.515500576258994,12.731616913746679,21.093378693398922,9.33522366160331,11.519710672694899,20.237458940656765,0.6139124984511496,1.0728904430155726,36,0.6388888888888888,21.805363717834485
