zone_id,origin,h,timestamp,actual,mean,sigma,lo,hi,interval_level,mase_scale
Austria,2023-12-01,1,2024-01-01,6680.0,5818.97638282641,463.47353291309395,5225.011151133148,6412.941614519673,0.8,569.1666666666666
Austria,2023-12-01,2,2024-02-01,5410.0,5309.784286213762,520.3042430942619,4642.987568916813,5976.5810035107115,0.8,569.1666666666666
Austria,2023-12-01,3,2024-03-01,5640.0,5243.896000557097,534.3446088758326,4559.105830511957,5928.686170602237,0.8,569.1666666666666
Austria,2023-12-01,4,2024-04-01,5950.0,5157.935449074541,538.0998324274145,4468.332766407901,5847.538131741181,0.8,569.1666666666666
Austria,2023-12-01,5,2024-05-01,6230.0,5372.284990253077,539.1641930287898,4681.31827459144,6063.251705914714,0.8,569.1666666666666
Austria,2023-12-01,6,2024-06-01,6350.0,5255.38407349617,539.4885556275021,4564.001670438349,5946.76647655399,0.8,569.1666666666666
Austria,2023-12-01,7,2024-07-01,6490.0,5104.348447046534,539.5952499044579,4412.829309771046,5795.867584322022,0.8,569.1666666666666
Austria,2023-12-01,8,2024-08-01,5280.0,5037.824999055871,539.6290263746034,4346.262575492189,5729.387422619552,0.8,569.1666666666666
Austria,2023-12-01,9,2024-09-01,5460.0,4892.238361670238,539.6284280111435,4200.676704940186,5583.80001840029,0.8,569.1666666666666
Austria,2023-12-01,10,2024-10-01,6420.0,4936.641515591107,539.5923537270893,4245.12608991626,5628.156941265955,0.8,569.1666666666666
Austria,2023-12-01,11,2024-11-01,5580.0,5089.287349083222,539.4777907642957,4397.918741752696,5780.655956413747,0.8,569.1666666666666
Austria,2023-12-01,12,2024-12-01,5720.0,5143.4335519781935,539.1238780488441,4452.518502042221,5834.348601914166,0.8,569.1666666666666
Belgium,2022-12-01,1,2023-01-01,8220.0,8325.375862364994,480.5759248720058,7709.49303348223,8941.258691247756,0.8,875.7142857142857
Belgium,2022-12-01,2,2023-02-01,6900.0,7790.817255934403,610.4647242675572,7008.4752328395625,8573.159279029243,0.8,875.7142857142857
Belgium,2022-12-01,3,2023-03-01,7300.0,8048.2495581045005,680.493054268343,7176.162619064678,8920.336497144322,0.8,875.7142857142857
Belgium,2022-12-01,4,2023-04-01,6090.0,7349.9627371566785,723.0763693974699,6423.303083947045,8276.622390366312,0.8,875.7142857142857
Belgium,2022-12-01,5,2023-05-01,5740.0,7317.936088361826,750.9803567601701,6355.516036462587,8280.356140261065,0.8,875.7142857142857
Belgium,2022-12-01,6,2023-06-01,6120.0,7173.1882175960045,770.4169158752787,6185.859212933999,8160.51722225801,0.8,875.7142857142857
Belgium,2022-12-01,7,2023-07-01,6590.0,7527.561660681028,784.7323358515365,6521.8867071370205,8533.236614225036,0.8,875.7142857142857
Belgium,2022-12-01,8,2023-08-01,5950.0,7569.011834608389,795.8481398123326,6549.091405096136,8588.932264120642,0.8,875.7142857142857
Belgium,2022-12-01,9,2023-09-01,5330.0,7282.212531873112,804.9214817683823,6250.664146772362,8313.760916973863,0.8,875.7142857142857
Belgium,2022-12-01,10,2023-10-01,5740.0,7562.29256669331,812.675365224606,6520.807180110186,8603.777953276433,0.8,875.7142857142857
Belgium,2022-12-01,11,2023-11-01,6430.0,7768.378575578103,819.5701300546143,6718.05719233302,8818.699958823185,0.8,875.7142857142857
Belgium,2022-12-01,12,2023-12-01,6870.0,8110.764162058356,825.8889510204659,7052.34488391209,9169.183440204622,0.8,875.7142857142857
Belgium,2023-12-01,1,2024-01-01,7140.0,7528.942120756718,473.7253862093241,6921.838610421939,8136.045631091498,0.8,888.5416666666666
Belgium,2023-12-01,2,2024-02-01,5580.0,6971.990716598885,618.9522467024726,6178.771495839984,7765.209937357787,0.8,888.5416666666666
Belgium,2023-12-01,3,2024-03-01,5230.0,7303.7626751893695,705.2479158937152,6399.951104478712,8207.574245900027,0.8,888.5416666666666
Belgium,2023-12-01,4,2024-04-01,5910.0,6586.226609438677,762.0558870519978,5609.61269435471,7562.840524522644,0.8,888.5416666666666
Belgium,2023-12-01,5,2024-05-01,5740.0,6561.404544408208,801.5131105952773,5534.2241627203075,7588.584926096108,0.8,888.5416666666666
Belgium,2023-12-01,6,2024-06-01,6000.0,6499.410888951711,829.9644867739248,5435.768601580166,7563.053176323256,0.8,888.5416666666666
Belgium,2023-12-01,7,2024-07-01,6240.0,6898.794903601495,851.1238894121584,5808.035750652934,7989.554056550056,0.8,888.5416666666666
Belgium,2023-12-01,8,2024-08-01,6200.0,6894.299135840277,867.3118767995262,5782.794242312419,8005.804029368135,0.8,888.5416666666666
Belgium,2023-12-01,9,2024-09-01,5200.0,6586.852053179884,880.0409436488034,5459.034204103413,7714.669902256355,0.8,888.5416666666666
Belgium,2023-12-01,10,2024-10-01,5170.0,6899.541624991359,890.3256409685805,5758.5434059635745,8040.539844019143,0.8,888.5416666666666
Belgium,2023-12-01,11,2024-11-01,5790.0,7171.462617177534,898.8587722369932,6019.528750413719,8323.396483941351,0.8,888.5416666666666
Belgium,2023-12-01,12,2024-12-01,6460.0,7541.118030742114,906.11511874035,6379.884781756787,8702.351279727442,0.8,888.5416666666666
Belgium,2024-12-01,1,2025-01-01,6500.0,6952.546745365059,484.9281528857451,6331.086311857681,7574.007178872437,0.8,855.7407407407408
Belgium,2024-12-01,2,2025-02-01,6320.0,6222.127538024556,624.314388794333,5422.036455673158,7022.218620375954,0.8,855.7407407407408
Belgium,2024-12-01,3,2025-03-01,6050.0,6410.310635939787,706.4233947547133,5504.992628454553,7315.628643425021,0.8,855.7407407407408
Belgium,2024-12-01,4,2025-04-01,5370.0,5807.216955338895,762.5918482943853,4829.916178285675,6784.517732392114,0.8,855.7407407407408
Belgium,2024-12-01,5,2025-05-01,5440.0,5720.885064662084,804.8388437568196,4689.442584434426,6752.327544889742,0.8,855.7407407407408
Belgium,2024-12-01,6,2025-06-01,5460.0,5658.484652137778,838.917261172684,4583.368922719536,6733.600381556019,0.8,855.7407407407408
Belgium,2024-12-01,7,2025-07-01,5070.0,6001.424418741115,867.9083761678963,4889.155080513876,7113.693756968354,0.8,855.7407407407408
Belgium,2024-12-01,8,2025-08-01,5050.0,5969.636198244232,893.5858327172026,4824.459875377026,7114.812521111438,0.8,855.7407407407408
Belgium,2024-12-01,9,2025-09-01,5190.0,5582.111672056755,917.0251090282379,4406.896707937909,6757.326636175601,0.8,855.7407407407408
Belgium,2024-12-01,10,2025-10-01,5370.0,5840.018684591452,938.9049391863067,4636.763589879683,7043.273779303221,0.8,855.7407407407408
Belgium,2024-12-01,11,2025-11-01,5650.0,6127.184421301696,959.6665325299066,4897.322274137236,7357.046568466156,0.8,855.7407407407408
Belgium,2024-12-01,12,2025-12-01,6070.0,6510.600081115271,979.5995742594803,5255.19271311621,7766.007449114331,0.8,855.7407407407408
Bulgaria,2024-12-01,1,2025-01-01,3800.0,3537.244141392302,319.69168686310616,3127.542759601294,3946.94552318331,0.8,442.4074074074074
Bulgaria,2024-12-01,2,2025-02-01,3780.0,3117.354935364842,431.48133615072487,2564.3893535176044,3670.3205172120793,0.8,442.4074074074074
Bulgaria,2024-12-01,3,2025-03-01,3190.0,3247.1977558144695,506.0027465279902,2598.729143831656,3895.666367797283,0.8,442.4074074074074
Bulgaria,2024-12-01,4,2025-04-01,3040.0,2738.277650893536,560.8002453766453,2019.5832184733,3456.9720833137717,0.8,442.4074074074074
Bulgaria,2024-12-01,5,2025-05-01,2370.0,2425.0559519100416,603.0883999759433,1652.1670687590833,3197.944835061,0.8,442.4074074074074
Bulgaria,2024-12-01,6,2025-06-01,2820.0,2694.038444218249,636.7347143970962,1878.0300741460564,3510.0468142904415,0.8,442.4074074074074
Bulgaria,2024-12-01,7,2025-07-01,3000.0,3086.6680233091447,664.1078084844174,2235.579621655546,3937.7564249627435,0.8,442.4074074074074
Bulgaria,2024-12-01,8,2025-08-01,2910.0,3102.9009674303047,686.7787511586203,2222.7585837002093,3983.0433511604,0.8,442.4074074074074
Bulgaria,2024-12-01,9,2025-09-01,2730.0,2870.8572366084572,705.8457201114168,1966.2795489667153,3775.4349242501994,0.8,442.4074074074074
Bulgaria,2024-12-01,10,2025-10-01,2890.0,2801.1670703119876,722.1049620303654,1875.7523257344487,3726.5818148895264,0.8,442.4074074074074
Bulgaria,2024-12-01,11,2025-11-01,2500.0,3250.3229256490827,736.1492985243489,2306.909639650644,4193.7362116475215,0.8,442.4074074074074
Bulgaria,2024-12-01,12,2025-12-01,3330.0,3692.220606927128,748.4287049612872,2733.0706283854724,4651.370585468783,0.8,442.4074074074074
Croatia,2022-12-01,1,2023-01-01,1440.0,1263.6226594614657,144.43363283787141,1078.5235111807976,1448.7218077421337,0.8,164.86486486486487
Croatia,2022-12-01,2,2023-02-01,1270.0,1104.8916958355292,176.02963169726544,879.3006457516592,1330.4827459193991,0.8,164.86486486486487
Croatia,2022-12-01,3,2023-03-01,1540.0,1074.0420790659048,189.5773284181899,831.0889570398107,1316.995201091999,0.8,164.86486486486487
Croatia,2022-12-01,4,2023-04-01,1230.0,931.6252630907422,195.92856663084643,680.5327017900714,1182.717824391413,0.8,164.86486486486487
Croatia,2022-12-01,5,2023-05-01,1360.0,942.8372916563711,199.03375107085773,687.7652763752991,1197.909306937443,0.8,164.86486486486487
Croatia,2022-12-01,6,2023-06-01,1180.0,919.6175238245388,200.594011719506,662.545954066534,1176.6890935825436,0.8,164.86486486486487
Croatia,2022-12-01,7,2023-07-01,1190.0,960.9290207314272,201.39175461520978,702.835102316531,1219.0229391463233,0.8,164.86486486486487
Croatia,2022-12-01,8,2023-08-01,1230.0,947.6176299092817,201.79734193981116,689.0039304235777,1206.2313293949858,0.8,164.86486486486487
Croatia,2022-12-01,9,2023-09-01,1090.0,884.620200198076,201.9860497127779,625.764661970496,1143.475738425656,0.8,164.86486486486487
Croatia,2022-12-01,10,2023-10-01,1080.0,987.5047724122176,202.03470073229497,728.58688539441,1246.422659430025,0.8,164.86486486486487
Croatia,2022-12-01,11,2023-11-01,1420.0,1091.0648358584074,201.96240214598828,832.239603207068,1349.890068509747,0.8,164.86486486486487
Croatia,2022-12-01,12,2023-12-01,1380.0,1239.4421766039775,201.7503256272475,980.8887309472456,1497.9956222607093,0.8,164.86486486486487
Croatia,2023-12-01,1,2024-01-01,1400.0,1424.8495169516116,138.78425591021855,1246.9903365169284,1602.7086973862947,0.8,181.83673469387756
Croatia,2023-12-01,2,2024-02-01,1140.0,1293.8871637778602,168.42619029339647,1078.0403159286452,1509.7340116270752,0.8,181.83673469387756
Croatia,2023-12-01,3,2024-03-01,1300.0,1309.339658375543,181.70134196263666,1076.4800191217712,1542.1992976293147,0.8,181.83673469387756
Croatia,2023-12-01,4,2024-04-01,1040.0,1135.3264271986027,188.72171242506903,893.4698211879976,1377.1830332092077,0.8,181.83673469387756
Croatia,2023-12-01,5,2024-05-01,930.0,1205.1874202826527,192.94482857353248,957.9186731605076,1452.4561674047977,0.8,181.83673469387756
Croatia,2023-12-01,6,2024-06-01,830.0,1144.7369031266567,195.80347091602056,893.8046584351639,1395.6691478181494,0.8,181.83673469387756
Croatia,2023-12-01,7,2024-07-01,1140.0,1175.7227145612944,197.96212526856104,922.0240430048337,1429.421386117755,0.8,181.83673469387756
Croatia,2023-12-01,8,2024-08-01,1090.0,1176.433867974087,199.76018815061667,920.4308861161803,1432.4368498319936,0.8,181.83673469387756
Croatia,2023-12-01,9,2024-09-01,1020.0,1099.9481787985533,201.38839833696125,841.858561627301,1358.0377959698055,0.8,181.83673469387756
Croatia,2023-12-01,10,2024-10-01,1160.0,1211.0326920473588,202.9608023441833,950.9279580589825,1471.137426035735,0.8,181.83673469387756
Croatia,2023-12-01,11,2024-11-01,1140.0,1370.647106552802,204.53147274216101,1108.5294774569427,1632.7647356486611,0.8,181.83673469387756
Croatia,2023-12-01,12,2024-12-01,1340.0,1501.8902654022131,206.05288683976465,1237.8228656877284,1765.9576651166979,0.8,181.83673469387756
Croatia,2024-12-01,1,2025-01-01,1300.0,1383.335073063906,135.44465570371594,1209.7557625021595,1556.9143836256526,0.8,179.50819672131146
Croatia,2024-12-01,2,2025-02-01,1050.0,1231.5003591828968,163.7179834125164,1021.6873212327814,1441.3133971330121,0.8,179.50819672131146
Croatia,2024-12-01,3,2025-03-01,1320.0,1290.8382279554885,175.9531515936873,1065.3451910680922,1516.3312648428848,0.8,179.50819672131146
Croatia,2024-12-01,4,2025-04-01,1170.0,1104.3874471869551,182.13107289021758,870.9770855901791,1337.7978087837312,0.8,179.50819672131146
Croatia,2024-12-01,5,2025-05-01,860.0,1132.6926633786006,185.6481963561825,894.7749266978036,1370.6104000593978,0.8,179.50819672131146
Croatia,2024-12-01,6,2025-06-01,830.0,1065.86912511264,187.89100191284177,825.077117459494,1306.6611327657859,0.8,179.50819672131146
Croatia,2024-12-01,7,2025-07-01,1050.0,1151.7453855019853,189.48547768072874,908.909974932281,1394.5807960716897,0.8,179.50819672131146
Croatia,2024-12-01,8,2025-08-01,1050.0,1143.5353128814772,190.73859322888492,899.0939701192251,1387.9766556437294,0.8,179.50819672131146
Croatia,2024-12-01,9,2025-09-01,830.0,1068.7449803985264,191.81356685047012,822.9260035086126,1314.5639572884402,0.8,179.50819672131146
Croatia,2024-12-01,10,2025-10-01,1080.0,1171.5117818576625,192.8035387350304,924.4241049492452,1418.5994587660798,0.8,179.50819672131146
Croatia,2024-12-01,11,2025-11-01,1130.0,1293.854935430106,193.75982649268477,1045.5417264487558,1542.1681444114563,0.8,179.50819672131146
Croatia,2024-12-01,12,2025-12-01,1250.0,1424.2961151164309,194.68801287825553,1174.793387419535,1673.7988428133267,0.8,179.50819672131146
Cyprus,2022-12-01,1,2023-01-01,500.0,507.098787824698,24.746515586567643,475.38485203295835,538.8127236164376,0.8,27.833333333333332
Cyprus,2022-12-01,2,2023-02-01,500.0,453.85307243490246,28.42190916281191,417.42893025153444,490.2772146182705,0.8,27.833333333333332
Cyprus,2022-12-01,3,2023-03-01,440.0,470.27114097055,29.509253958663688,432.45351036177135,508.08877157932864,0.8,27.833333333333332
Cyprus,2022-12-01,4,2023-04-01,420.0,402.92693334878027,29.85446468852351,364.66689738870696,441.1869693088536,0.8,27.833333333333332
Cyprus,2022-12-01,5,2023-05-01,450.0,453.15027428945064,29.96770629280493,414.7451133741257,491.55543520477556,0.8,27.833333333333332
Cyprus,2022-12-01,6,2023-06-01,520.0,502.305055258961,30.006076340548745,463.8507211488799,540.759389369042,0.8,27.833333333333332
Cyprus,2022-12-01,7,2023-07-01,720.0,642.5846816151379,30.01969615852869,604.1128930060023,681.0564702242735,0.8,27.833333333333332
Cyprus,2022-12-01,8,2023-08-01,710.0,635.0777244235385,30.02486511199191,596.5993115339998,673.5561373130772,0.8,27.833333333333332
Cyprus,2022-12-01,9,2023-09-01,590.0,558.3253489736638,30.02693087574058,519.844288701359,596.8064092459687,0.8,27.833333333333332
Cyprus,2022-12-01,10,2023-10-01,500.0,476.4139348155242,30.027468972225357,437.9321849448269,514.8956846862216,0.8,27.833333333333332
Cyprus,2022-12-01,11,2023-11-01,460.0,427.62234781397956,30.02619420522381,389.14223162292876,466.10246400503036,0.8,27.833333333333332
Cyprus,2022-12-01,12,2023-12-01,480.0,473.4001865075247,30.02027869920107,434.9276513424784,511.87272167257106,0.8,27.833333333333332
Cyprus,2023-12-01,1,2024-01-01,510.0,521.7172249867182,29.707370168753826,483.64569823873876,559.7887517346976,0.8,29.444444444444443
Cyprus,2023-12-01,2,2024-02-01,490.0,468.66207661275007,32.735975312392526,426.70923620152405,510.6149170239761,0.8,29.444444444444443
Cyprus,2023-12-01,3,2024-03-01,460.0,458.27357481592,33.36698946914244,415.5120572242303,501.03509240760974,0.8,29.444444444444443
Cyprus,2023-12-01,4,2024-04-01,440.0,407.87635429991275,33.508767803947734,364.933140461293,450.8195681385325,0.8,29.444444444444443
Cyprus,2023-12-01,5,2024-05-01,470.0,455.3914144933766,33.542867900524385,412.40449962260385,498.37832936414935,0.8,29.444444444444443
Cyprus,2023-12-01,6,2024-06-01,680.0,506.53217142014813,33.552021641532356,463.53352555825603,549.5308172820403,0.8,29.444444444444443
Cyprus,2023-12-01,7,2024-07-01,760.0,655.5186228869673,33.554974096179926,612.5161933021993,698.5210524717352,0.8,29.444444444444443
Cyprus,2023-12-01,8,2024-08-01,730.0,646.1313381755508,33.5562555058668,603.1272663981925,689.1354099529091,0.8,29.444444444444443
Cyprus,2023-12-01,9,2024-09-01,600.0,565.4615288449509,33.55704047537932,522.456451088685,608.4666066012168,0.8,29.444444444444443
Cyprus,2023-12-01,10,2024-10-01,530.0,480.4427493764994,33.5572439240931,437.43741089021586,523.4480878627829,0.8,29.444444444444443
Cyprus,2023-12-01,11,2024-11-01,480.0,434.38598790979785,33.55409787599762,391.3846812463763,477.3872945732194,0.8,29.444444444444443
Cyprus,2023-12-01,12,2024-12-01,550.0,476.6630201604531,33.53237621080004,433.6895509310718,519.6364893898344,0.8,29.444444444444443
Cyprus,2024-12-01,1,2025-01-01,550.0,556.4912121273464,31.429196022192695,516.2130767612973,596.7693474933956,0.8,30.357142857142858
Cyprus,2024-12-01,2,2025-02-01,550.0,508.1782740982034,36.15912405090033,461.8384920620507,554.5180561343561,0.8,30.357142857142858
Cyprus,2024-12-01,3,2025-03-01,470.0,478.97517784831234,37.566108673921526,430.83227246582965,527.118083230795,0.8,30.357142857142858
Cyprus,2024-12-01,4,2025-04-01,460.0,433.4626739685473,38.01318072498266,384.7468226991159,482.17852523797865,0.8,30.357142857142858
Cyprus,2024-12-01,5,2025-05-01,500.0,465.92625186772267,38.15865589573846,417.02396666546133,514.828537069984,0.8,30.357142857142858
Cyprus,2024-12-01,6,2025-06-01,610.0,576.2595095637737,38.206790593169934,527.295537264662,625.2234818628854,0.8,30.357142857142858
Cyprus,2024-12-01,7,2025-07-01,750.0,702.4822386485147,38.223045094087,653.4974353683057,751.4670419287237,0.8,30.357142857142858
Cyprus,2024-12-01,8,2025-08-01,740.0,685.5875101436478,38.228690172482686,636.5954724043831,734.5795478829125,0.8,30.357142857142858
Cyprus,2024-12-01,9,2025-09-01,640.0,580.4757354610364,38.23070389539662,531.4811170320188,629.470353890054,0.8,30.357142857142858
Cyprus,2024-12-01,10,2025-10-01,520.0,503.6021957361468,38.23137981451603,454.60671108192355,552.5976803903701,0.8,30.357142857142858
Cyprus,2024-12-01,11,2025-11-01,490.0,457.4400323884739,38.23140979540751,408.4445093121923,506.43555546475557,0.8,30.357142857142858
Cyprus,2024-12-01,12,2025-12-01,540.0,504.7297558036537,38.23078652098664,455.7350314856819,553.7244801216256,0.8,30.357142857142858
Czechia,2024-12-01,1,2025-01-01,6980.0,6576.493240688811,396.8157013100995,6067.953457442174,7085.033023935448,0.8,440.0925925925926
Czechia,2024-12-01,2,2025-02-01,6640.0,5839.6312444211435,463.6326063092794,5245.462151967963,6433.800336874324,0.8,440.0925925925926
Czechia,2024-12-01,3,2025-03-01,6760.0,6093.061113814857,488.3633559903749,5467.198290390777,6718.923937238937,0.8,440.0925925925926
Czechia,2024-12-01,4,2025-04-01,5760.0,5290.426815702579,499.7268161303617,4650.001132146095,5930.852499259063,0.8,440.0925925925926
Czechia,2024-12-01,5,2025-05-01,5350.0,4997.959914193927,506.0665153717784,4349.409579149524,5646.51024923833,0.8,440.0925925925926
Czechia,2024-12-01,6,2025-06-01,4420.0,5036.515048052538,510.2867010575541,4382.55632743564,5690.473768669436,0.8,440.0925925925926
Czechia,2024-12-01,7,2025-07-01,5190.0,5158.711039190637,513.5267102054097,4500.600079777926,5816.821998603348,0.8,440.0925925925926
Czechia,2024-12-01,8,2025-08-01,5580.0,5321.874635642501,516.2806549234318,4660.234354064985,5983.514917220016,0.8,440.0925925925926
Czechia,2024-12-01,9,2025-09-01,5060.0,5488.850658214829,518.7810139918731,4824.006037558729,6153.6952788709295,0.8,440.0925925925926
Czechia,2024-12-01,10,2025-10-01,5830.0,5830.642668451594,521.1440315322881,5162.769718967165,6498.515617936022,0.8,440.0925925925926
Czechia,2024-12-01,11,2025-11-01,6460.0,6129.215274991727,523.4304595095082,5458.412150153587,6800.018399829866,0.8,440.0925925925926
Czechia,2024-12-01,12,2025-12-01,6330.0,6361.8522912988265,525.6730641740829,5688.175152941903,7035.5294296557495,0.8,440.0925925925926
Denmark,2022-12-01,1,2023-01-01,3610.0,3590.3801525437957,282.42254940546127,3228.4410922081297,3952.3192128794617,0.8,285.1190476190476
Denmark,2022-12-01,2,2023-02-01,3140.0,3372.1860641281974,307.35770070511603,2978.291321607367,3766.0808066490276,0.8,285.1190476190476
Denmark,2022-12-01,3,2023-03-01,3160.0,3272.935571239041,312.82850407880676,2872.029712089871,3673.8414303882114,0.8,285.1190476190476
Denmark,2022-12-01,4,2023-04-01,2780.0,2765.8315390297307,314.55494312931216,2362.713159212568,3168.9499188468935,0.8,285.1190476190476
Denmark,2022-12-01,5,2023-05-01,2620.0,2443.9249944265466,315.35538678112806,2039.780804794269,2848.0691840588242,0.8,285.1190476190476
Denmark,2022-12-01,6,2023-06-01,1880.0,2025.0665010533041,315.874839531144,1620.2566059360172,2429.8763961705913,0.8,285.1190476190476
Denmark,2022-12-01,7,2023-07-01,2450.0,2140.2413573674075,316.298369657274,1734.8886865539234,2545.5940281808917,0.8,285.1190476190476
Denmark,2022-12-01,8,2023-08-01,1950.0,2044.3391402108325,316.690971897342,1638.483329381953,2450.194951039712,0.8,285.1190476190476
Denmark,2022-12-01,9,2023-09-01,1980.0,2292.5998665818984,317.0838182171633,1886.2406029368333,2698.9591302269637,0.8,285.1190476190476
Denmark,2022-12-01,10,2023-10-01,2800.0,2738.684451712191,317.50547055407947,2331.7848188546354,3145.584084569746,0.8,285.1190476190476
Denmark,2022-12-01,11,2023-11-01,2820.0,3006.594418600242,317.995855009145,2599.0663327765787,3414.1225044239054,0.8,285.1190476190476
Denmark,2022-12-01,12,2023-12-01,3540.0,3388.0072326097293,318.5559411841934,2979.7613674715926,3796.253097747866,0.8,285.1190476190476
Denmark,2023-12-01,1,2024-01-01,4000.0,3684.690263008064,268.83724158026286,3340.161475184186,4029.219050831942,0.8,276.1458333333333
Denmark,2023-12-01,2,2024-02-01,3510.0,3407.638230928526,288.82539818737706,3037.49358971245,3777.7828721446017,0.8,276.1458333333333
Denmark,2023-12-01,3,2024-03-01,3390.0,3305.413379898621,292.6028913477992,2930.427686408972,3680.3990733882697,0.8,276.1458333333333
Denmark,2023-12-01,4,2024-04-01,2910.0,2812.391188031327,293.68745553938413,2436.015569604019,3188.766806458635,0.8,276.1458333333333
Denmark,2023-12-01,5,2024-05-01,2500.0,2513.3987088495182,294.17895612972166,2136.393207071197,2890.4042106278393,0.8,276.1458333333333
Denmark,2023-12-01,6,2024-06-01,2330.0,2042.4333641745634,294.5051788575109,1665.0097911487278,2419.856937200399,0.8,276.1458333333333
Denmark,2023-12-01,7,2024-07-01,2250.0,2229.8666452050106,294.77884968451093,1852.0923489023892,2607.640941507632,0.8,276.1458333333333
Denmark,2023-12-01,8,2024-08-01,2250.0,2069.1009053994408,295.03655602656664,1690.9963451307071,2447.2054656681744,0.8,276.1458333333333
Denmark,2023-12-01,9,2024-09-01,2160.0,2296.124138603895,295.29460933484137,1917.688869713948,2674.559407493842,0.8,276.1458333333333
Denmark,2023-12-01,10,2024-10-01,2850.0,2788.6343597686246,295.5685943466348,2409.8479649578776,3167.4207545793715,0.8,276.1458333333333
Denmark,2023-12-01,11,2024-11-01,2890.0,3026.8112412771256,295.8842760384659,2647.620284099999,3406.0021984542523,0.8,276.1458333333333
Denmark,2023-12-01,12,2024-12-01,3420.0,3453.802514318693,296.2519675276856,3074.140341537919,3833.4646870994666,0.8,276.1458333333333
EU Total,2022-12-01,1,2023-01-01,240640.0,246071.92138631459,14718.025404513504,227210.0128874351,264933.8298851941,0.8,7289.027777777777
EU Total,2022-12-01,2,2023-02-01,219690.0,233701.6706299106,20762.715213779127,207093.18044273526,260310.16081708594,0.8,7289.027777777777
EU Total,2022-12-01,3,2023-03-01,228120.0,237960.74033392617,25449.9461930101,205345.32194724825,270576.1587206041,0.8,7289.027777777777
EU Total,2022-12-01,4,2023-04-01,200920.0,224661.76079273623,29362.90429957251,187031.68481868278,262291.83676678967,0.8,7289.027777777777
EU Total,2022-12-01,5,2023-05-01,196480.0,224791.36658926334,32844.77520666994,182699.093503195,266883.63967533165,0.8,7289.027777777777
EU Total,2022-12-01,6,2023-06-01,190520.0,221636.88269412305,35962.061355296726,175549.64666403155,267724.11872421455,0.8,7289.027777777777
EU Total,2022-12-01,7,2023-07-01,202950.0,227910.6028035998,38856.90110699751,178113.48035771542,277707.7252494842,0.8,7289.027777777777
EU Total,2022-12-01,8,2023-08-01,197800.0,223190.37466395934,41525.40750543467,169973.42366549204,276407.32566242665,0.8,7289.027777777777
EU Total,2022-12-01,9,2023-09-01,192520.0,224218.46706412165,44056.08104886159,167758.32742419327,280678.60670405003,0.8,7289.027777777777
EU Total,2022-12-01,10,2023-10-01,206240.0,227128.86790153963,46426.81321164488,167630.5127469094,286627.22305616987,0.8,7289.027777777777
EU Total,2022-12-01,11,2023-11-01,220610.0,233364.29490749873,48703.3653864794,170948.42074916535,295780.1690658321,0.8,7289.027777777777
EU Total,2022-12-01,12,2023-12-01,235100.0,238139.59060582207,50858.02205907755,172962.41281550942,303316.7683961347,0.8,7289.027777777777
EU Total,2024-12-01,1,2025-01-01,251510.0,249878.1083845445,14389.85517038791,231436.7669629738,268319.4498061152,0.8,7333.4375
EU Total,2024-12-01,2,2025-02-01,225620.0,236020.8378051851,20313.63979890577,209987.8609189883,262053.81469138188,0.8,7333.4375
EU Total,2024-12-01,3,2025-03-01,229190.0,239984.6085824331,24893.897556080487,208081.79519693126,271887.42196793493,0.8,7333.4375
EU Total,2024-12-01,4,2025-04-01,201520.0,226287.11795255143,28727.818609319776,189470.93703909637,263103.2988660065,0.8,7333.4375
EU Total,2024-12-01,5,2025-05-01,201880.0,225772.2943422774,32130.115819295766,184595.89411292959,266948.6945716252,0.8,7333.4375
EU Total,2024-12-01,6,2025-06-01,204640.0,222624.19544301144,35184.24539363014,177533.77067629935,267714.62020972354,0.8,7333.4375
EU Total,2024-12-01,7,2025-07-01,214880.0,229987.57069753855,38012.92613072922,181272.0457037713,278703.0956913058,0.8,7333.4375
EU Total,2024-12-01,8,2025-08-01,203770.0,225243.93982898662,40627.26483407056,173178.00497708842,277309.8746808848,0.8,7333.4375
EU Total,2024-12-01,9,2025-09-01,201800.0,225012.47286942005,43100.12490719692,169777.440319434,280247.5054194061,0.8,7333.4375
EU Total,2024-12-01,10,2025-10-01,217160.0,229252.1613872401,45422.661022785665,171040.67904228743,287463.64373219275,0.8,7333.4375
EU Total,2024-12-01,11,2025-11-01,226170.0,236509.3542502142,47647.23480593981,175446.96589079086,297571.74260963756,0.8,7333.4375
EU Total,2024-12-01,12,2025-12-01,240190.0,242375.19958537552,49758.03034485088,178607.71789851616,306142.6812722349,0.8,7333.4375
Estonia,2022-12-01,1,2023-01-01,490.0,676.8191013895691,110.4749590032416,535.2397447254893,818.3984580536489,0.8,180.11904761904762
Estonia,2022-12-01,2,2023-02-01,430.0,586.7469975895569,127.63735912352469,423.1731401828255,750.3208549962884,0.8,180.11904761904762
Estonia,2022-12-01,3,2023-03-01,440.0,604.3128010134708,140.60011795387442,424.1264997339275,784.4991022930141,0.8,180.11904761904762
Estonia,2022-12-01,4,2023-04-01,330.0,540.2734133847458,152.26076484672367,345.1433918244088,735.4034349450828,0.8,180.11904761904762
Estonia,2022-12-01,5,2023-05-01,390.0,539.5669903046412,163.06957884788923,330.5849162394301,748.5490643698523,0.8,180.11904761904762
Estonia,2022-12-01,6,2023-06-01,410.0,518.0429176805114,173.20314807444635,296.07415210845147,740.0116832525714,0.8,180.11904761904762
Estonia,2022-12-01,7,2023-07-01,300.0,533.2151573947422,182.77554084758427,298.9788768782595,767.4514379112248,0.8,180.11904761904762
Estonia,2022-12-01,8,2023-08-01,330.0,570.0108819888244,191.87094171718468,324.1183762486496,815.9033877289992,0.8,180.11904761904762
Estonia,2022-12-01,9,2023-09-01,350.0,601.2275742501386,200.55427848426032,344.206924681967,858.2482238183102,0.8,180.11904761904762
Estonia,2022-12-01,10,2023-10-01,330.0,594.0746897025299,208.87697485651492,326.38807556894307,861.7613038361167,0.8,180.11904761904762
Estonia,2022-12-01,11,2023-11-01,390.0,618.0549107390844,216.88077834151224,340.111009718988,895.9988117591809,0.8,180.11904761904762
Estonia,2022-12-01,12,2023-12-01,440.0,613.6818606392907,224.6016754761752,325.8432318088581,901.5204894697233,0.8,180.11904761904762
Estonia,2023-12-01,1,2024-01-01,530.0,404.9290199768914,107.32542675444793,267.3859512969864,542.4720886567965,0.8,182.8125
Estonia,2023-12-01,2,2024-02-01,370.0,339.8775593588158,124.86786136881778,179.85295613540126,499.90216258223035,0.8,182.8125
Estonia,2023-12-01,3,2024-03-01,380.0,361.63562881642616,138.4394753760456,184.21830241508175,539.0529552177705,0.8,182.8125
Estonia,2023-12-01,4,2024-04-01,350.0,296.60686760932583,150.64596101245553,103.54630043084262,489.66743478780904,0.8,182.8125
Estonia,2023-12-01,5,2024-05-01,430.0,317.586475295655,161.92212379042988,110.07492405572302,525.098026535587,0.8,182.8125
Estonia,2023-12-01,6,2024-06-01,420.0,312.6895881389384,172.4614661174905,91.67132623995141,533.7078500379254,0.8,182.8125
Estonia,2023-12-01,7,2024-07-01,360.0,296.2164385496014,182.39272076981337,62.47076170310791,529.9621153960949,0.8,182.8125
Estonia,2023-12-01,8,2024-08-01,350.0,315.5029104655182,191.81044955189387,69.68792855447504,561.3178923765613,0.8,182.8125
Estonia,2023-12-01,9,2024-09-01,390.0,348.01667645142385,200.7869324681403,90.6978688059807,605.335484096867,0.8,182.8125
Estonia,2023-12-01,10,2024-10-01,410.0,332.18952945534437,209.37892990261912,63.85963404658969,600.519424864099,0.8,182.8125
Estonia,2023-12-01,11,2024-11-01,390.0,358.3480887096534,217.63199286901357,79.44146753577775,637.254709883529,0.8,182.8125
Estonia,2023-12-01,12,2024-12-01,480.0,376.41021553780104,225.58340653921783,87.31344772658241,665.5069833490197,0.8,182.8125
Estonia,2024-12-01,1,2025-01-01,460.0,468.16929655759805,102.89503120927854,336.3040082245866,600.0345848906095,0.8,166.85185185185185
Estonia,2024-12-01,2,2025-02-01,470.0,388.2820489856817,119.65269670719553,234.940948198942,541.6231497724214,0.8,166.85185185185185
Estonia,2024-12-01,3,2025-03-01,510.0,404.9063381560987,132.3591136264286,235.28130887405345,574.5313674381439,0.8,166.85185185185185
Estonia,2024-12-01,4,2025-04-01,500.0,352.7173005613189,143.7602061491326,168.4811833078835,536.9534178147543,0.8,166.85185185185185
Estonia,2024-12-01,5,2025-05-01,440.0,381.511829970412,154.302589641157,183.76510464820123,579.2585552926228,0.8,166.85185185185185
Estonia,2024-12-01,6,2025-06-01,380.0,375.20062026692887,164.16748646581803,164.81152097513777,585.5897195587199,0.8,166.85185185185185
Estonia,2024-12-01,7,2025-07-01,300.0,353.3976028660078,173.472106866711,131.0841527326541,575.7110529993615,0.8,166.85185185185185
Estonia,2024-12-01,8,2025-08-01,250.0,366.68101349858404,182.30242187596815,133.05105934086484,600.3109676563032,0.8,166.85185185185185
Estonia,2024-12-01,9,2025-09-01,310.0,397.0116974760335,190.72433895501965,152.58862230076903,641.4347726512979,0.8,166.85185185185185
Estonia,2024-12-01,10,2025-10-01,340.0,390.35832873121154,198.78977406519599,135.59898256370224,645.1176748987209,0.8,166.85185185185185
Estonia,2024-12-01,11,2025-11-01,370.0,405.2722881290374,206.54050237061347,140.57998396760945,669.9645922904654,0.8,166.85185185185185
Estonia,2024-12-01,12,2025-12-01,380.0,433.9918907390889,214.01079388415974,159.72602279340117,708.2577586847766,0.8,166.85185185185185
Finland,2022-12-01,1,2023-01-01,7510.0,7197.086473732061,322.3649958425464,6783.959108633267,7610.213838830855,0.8,315.5
Finland,2022-12-01,2,2023-02-01,6400.0,6552.929099150492,381.907518640907,6063.4949207429845,7042.363277558,0.8,315.5
Finland,2022-12-01,3,2023-03-01,7410.0,6773.819702509418,403.56411431156425,6256.6314800158125,7291.007925003023,0.8,315.5
Finland,2022-12-01,4,2023-04-01,6380.0,5915.230122655457,412.0822996647289,5387.125406386905,6443.33483892401,0.8,315.5
Finland,2022-12-01,5,2023-05-01,6380.0,5479.461763424423,415.54719958328684,4946.916599240787,6012.006927608059,0.8,315.5
Finland,2022-12-01,6,2023-06-01,5500.0,4782.391334296732,416.99130821447295,4247.9954704359825,5316.787198157481,0.8,315.5
Finland,2022-12-01,7,2023-07-01,5330.0,4667.2611111381575,417.608957642088,4132.073697686491,5202.448524589824,0.8,315.5
Finland,2022-12-01,8,2023-08-01,5790.0,4865.385143853403,417.8813624993446,4329.848629530457,5400.9216581763485,0.8,315.5
Finland,2022-12-01,9,2023-09-01,5890.0,5128.025220711942,418.0051378348164,4592.330081914047,5663.720359509837,0.8,315.5
Finland,2022-12-01,10,2023-10-01,6930.0,5834.802828816895,418.0610324157757,5299.036058231266,6370.569599402525,0.8,315.5
Finland,2022-12-01,11,2023-11-01,7410.0,6038.024098865951,418.0808553213432,5502.231924204658,6573.8162735272435,0.8,315.5
Finland,2022-12-01,12,2023-12-01,7860.0,7019.822256154132,418.07278906618046,6484.040418814771,7555.604093493494,0.8,315.5
Finland,2024-12-01,1,2025-01-01,8360.0,8591.71089883142,389.45387407074963,8092.605676808641,9090.816120854199,0.8,401.1904761904762
Finland,2024-12-01,2,2025-02-01,7550.0,7693.963812295366,465.9301051784781,7096.850356569526,8291.077268021205,0.8,401.1904761904762
Finland,2024-12-01,3,2025-03-01,7130.0,7592.374067103974,497.7816457342867,6954.441219713832,8230.306914494116,0.8,401.1904761904762
Finland,2024-12-01,4,2025-04-01,5870.0,6801.203854353914,513.5983270773842,6143.001114226804,7459.406594481024,0.8,401.1904761904762
Finland,2024-12-01,5,2025-05-01,6210.0,6422.49391390854,522.6747110643845,5752.659319673407,7092.328508143673,0.8,401.1904761904762
Finland,2024-12-01,6,2025-06-01,5520.0,5906.709324438743,528.6294483595768,5229.243427300549,6584.1752215769375,0.8,401.1904761904762
Finland,2024-12-01,7,2025-07-01,5680.0,5954.557080456637,533.0265390037432,5271.45608491957,6637.658075993704,0.8,401.1904761904762
Finland,2024-12-01,8,2025-08-01,5590.0,5999.1433481239665,536.601369571044,5311.461022876819,6686.825673371114,0.8,401.1904761904762
Finland,2024-12-01,9,2025-09-01,5680.0,6157.15270062306,539.7268020799348,5465.464972451139,6848.840428794981,0.8,401.1904761904762
Finland,2024-12-01,10,2025-10-01,7300.0,7077.466709402244,542.605633877099,6382.089609833728,7772.843808970761,0.8,401.1904761904762
Finland,2024-12-01,11,2025-11-01,7560.0,7396.227046282307,545.3554433540195,6697.325924073693,8095.128168490921,0.8,401.1904761904762
Finland,2024-12-01,12,2025-12-01,8080.0,8146.33924935804,548.0451661046659,7443.991108747456,8848.687389968625,0.8,401.1904761904762
France,2022-12-01,1,2023-01-01,47250.0,46619.00954346379,4091.8529472789496,41375.088992900164,51862.93009402742,0.8,2723.4523809523807
France,2022-12-01,2,2023-02-01,41440.0,43267.93699276462,5690.89299636131,35974.76416393098,50561.10982159826,0.8,2723.4523809523807
France,2022-12-01,3,2023-03-01,40620.0,42510.995350571655,6987.013262952313,33556.77756495423,51465.21313618908,0.8,2723.4523809523807
France,2022-12-01,4,2023-04-01,36720.0,38102.42220383603,8042.359397167571,27795.7239277236,48409.12047994846,0.8,2723.4523809523807
France,2022-12-01,5,2023-05-01,37570.0,37893.29650634671,8997.296193964698,26362.79748330278,49423.79552939064,0.8,2723.4523809523807
France,2022-12-01,6,2023-06-01,34730.0,36581.529036136904,9845.129756593029,23964.487583585378,49198.570488688434,0.8,2723.4523809523807
France,2022-12-01,7,2023-07-01,35560.0,36786.35469852219,10635.568684711667,23156.32500017283,50416.38439687155,0.8,2723.4523809523807
France,2022-12-01,8,2023-08-01,34380.0,35638.38253840359,11364.420415165394,21074.29176384136,50202.47331296581,0.8,2723.4523809523807
France,2022-12-01,9,2023-09-01,35940.0,35615.451096205325,12053.864617353935,20167.802024972727,51063.10016743792,0.8,2723.4523809523807
France,2022-12-01,10,2023-10-01,38650.0,37900.5529598792,12702.811328981541,21621.24521440522,54179.860705353174,0.8,2723.4523809523807
France,2022-12-01,11,2023-11-01,43150.0,40016.04239557467,13322.33178578178,22942.787238801433,57089.297552347896,0.8,2723.4523809523807
France,2022-12-01,12,2023-12-01,48260.0,43370.221555394644,13912.819638074521,25540.22576708058,61200.217343708704,0.8,2723.4523809523807
France,2023-12-01,1,2024-01-01,52700.0,52363.43431222654,2755.800113113422,48831.73436293805,55895.134261515035,0.8,2981.875
France,2023-12-01,2,2024-02-01,45630.0,48456.3490384802,3893.816439403715,43466.222484619066,53446.47559234133,0.8,2981.875
France,2023-12-01,3,2024-03-01,45390.0,47994.02100303445,4770.258449519403,41880.688819000505,54107.3531870684,0.8,2981.875
France,2023-12-01,4,2024-04-01,39390.0,43426.63655150387,5506.615333428207,36369.62505009705,50483.64805291069,0.8,2981.875
France,2023-12-01,5,2024-05-01,40130.0,43563.980796203265,6157.621067571217,35672.67187702696,51455.28971537957,0.8,2981.875
France,2023-12-01,6,2024-06-01,37980.0,41858.395202193286,6744.169188357463,33215.39462055612,50501.39578383045,0.8,2981.875
France,2023-12-01,7,2024-07-01,40000.0,42360.12058410036,7285.412059258967,33023.48935391952,51696.751814281204,0.8,2981.875
France,2023-12-01,8,2024-08-01,38630.0,41008.28601726414,7787.478622701461,31028.230596695972,50988.34143783231,0.8,2981.875
France,2023-12-01,9,2024-09-01,38090.0,41410.79112741804,8260.639240361868,30824.355976533127,51997.226278302944,0.8,2981.875
France,2023-12-01,10,2024-10-01,41460.0,43561.10777628022,8706.654248710209,32403.081393190107,54719.13415937034,0.8,2981.875
France,2023-12-01,11,2024-11-01,45830.0,46174.735665753215,9132.310363233419,34471.209022712246,57878.26230879418,0.8,2981.875
France,2023-12-01,12,2024-12-01,51530.0,49593.03405337779,9537.65342034027,37370.03938091891,61816.02872583667,0.8,2981.875
France,2024-12-01,1,2025-01-01,55510.0,55801.06217075716,2626.1061114936956,52435.571772286174,59166.55256922815,0.8,3043.9814814814813
France,2024-12-01,2,2025-02-01,46230.0,51543.08939978174,3711.8124652574716,46786.210323923064,56299.96847564042,0.8,3043.9814814814813
France,2024-12-01,3,2025-03-01,46000.0,51185.87442735628,4546.780799490236,45358.940375581435,57012.80847913112,0.8,3043.9814814814813
France,2024-12-01,4,2025-04-01,38510.0,46443.02270751344,5249.222502031551,39715.87339214296,53170.17202288392,0.8,3043.9814814814813
France,2024-12-01,5,2025-05-01,37490.0,46680.653181017304,5869.41206328945,39158.69896248235,54202.60739955226,0.8,3043.9814814814813
France,2024-12-01,6,2025-06-01,37870.0,44925.769079087375,6428.928524493695,36686.76566374814,53164.77249442661,0.8,3043.9814814814813
France,2024-12-01,7,2025-07-01,40890.0,45666.66334626771,6944.55040294297,36766.86390537277,54566.46278716266,0.8,3043.9814814814813
France,2024-12-01,8,2025-08-01,38880.0,44280.268626695855,7423.470015352788,34766.70900674709,53793.82824664462,0.8,3043.9814814814813
France,2024-12-01,9,2025-09-01,39440.0,44590.17967621023,7874.234097967826,34498.94264049489,54681.41671192557,0.8,3043.9814814814813
France,2024-12-01,10,2025-10-01,42830.0,46809.394561414796,8299.680244639552,36172.926350377384,57445.86277245221,0.8,3043.9814814814813
France,2024-12-01,11,2025-11-01,48160.0,49637.91488609673,8705.190690643705,38481.76412813801,60794.06564405545,0.8,3043.9814814814813
France,2024-12-01,12,2025-12-01,54840.0,53230.94701297948,9091.835747323184,41579.29067732309,64882.603348635865,0.8,3043.9814814814813
Greece,2024-12-01,1,2025-01-01,4540.0,4447.0927010780215,379.3651110755432,3960.916749066158,4933.268653089885,0.8,457.68518518518516
Greece,2024-12-01,2,2025-02-01,4480.0,3722.7318810497386,435.23970221118003,3164.949759293835,4280.514002805642,0.8,457.68518518518516
Greece,2024-12-01,3,2025-03-01,3790.0,3704.4542540328016,453.46328934366403,3123.317665657425,4285.590842408178,0.8,457.68518518518516
Greece,2024-12-01,4,2025-04-01,3010.0,3260.5130204907946,460.83307090845284,2669.931677013341,3851.094363968248,0.8,457.68518518518516
Greece,2024-12-01,5,2025-05-01,3470.0,3320.26595381557,464.4992271696426,2724.9862420420577,3915.545665589082,0.8,457.68518518518516
Greece,2024-12-01,6,2025-06-01,4330.0,3845.7563028280188,466.7345885418066,3247.611860188452,4443.900745467586,0.8,457.68518518518516
Greece,2024-12-01,7,2025-07-01,5350.0,4741.617549556115,468.36199162489453,4141.387505947644,5341.847593164585,0.8,457.68518518518516
Greece,2024-12-01,8,2025-08-01,5020.0,4518.554118500348,469.72003470060014,3916.5836726621296,5120.524564338566,0.8,457.68518518518516
Greece,2024-12-01,9,2025-09-01,4230.0,3842.353326154068,470.9694176967438,3238.781731581177,4445.924920726959,0.8,457.68518518518516
Greece,2024-12-01,10,2025-10-01,3710.0,3709.4299907430136,472.20139445406215,3104.279554428067,4314.58042705796,0.8,457.68518518518516
Greece,2024-12-01,11,2025-11-01,3910.0,3785.720066168332,473.471862247039,3178.9414598643216,4392.498672472342,0.8,457.68518518518516
Greece,2024-12-01,12,2025-12-01,4590.0,4210.41894673611,474.7646870070054,3601.9835188369902,4818.85437463523,0.8,457.68518518518516
Hungary,2022-12-01,1,2023-01-01,2670.0,3008.3650416117066,180.3368849960692,2777.2540243195576,3239.4760589038556,0.8,176.78571428571428
Hungary,2022-12-01,2,2023-02-01,2650.0,2649.831441792169,187.565966245097,2409.455984107879,2890.2068994764586,0.8,176.78571428571428
Hungary,2022-12-01,3,2023-03-01,2850.0,2965.631337159137,189.01093766508922,2723.404074089389,3207.858600228885,0.8,176.78571428571428
Hungary,2022-12-01,4,2023-04-01,2860.0,2766.53929453899,189.78553065707112,2523.3193506077077,3009.759238470272,0.8,176.78571428571428
Hungary,2022-12-01,5,2023-05-01,2540.0,2707.61394472886,190.4395664096509,2463.5558202549373,2951.672069202783,0.8,176.78571428571428
Hungary,2022-12-01,6,2023-06-01,2620.0,2778.127777109223,191.06698441529642,2533.2655841079145,3022.989970110532,0.8,176.78571428571428
Hungary,2022-12-01,7,2023-07-01,3100.0,2965.8839955109097,191.68708160438328,2720.2271159861366,3211.540875035683,0.8,176.78571428571428
Hungary,2022-12-01,8,2023-08-01,3070.0,2706.2297400616303,192.3040319765793,2459.7822068215064,2952.677273301754,0.8,176.78571428571428
Hungary,2022-12-01,9,2023-09-01,2910.0,2657.7555596113198,192.91876399131652,2410.520215595319,2904.9909036273207,0.8,176.78571428571428
Hungary,2022-12-01,10,2023-10-01,2870.0,2918.7628126753584,193.53151363230623,2670.74219839766,3166.7834269530567,0.8,176.78571428571428
Hungary,2022-12-01,11,2023-11-01,2660.0,2656.816189791906,194.14242841434304,2408.012656718874,2905.6197228649376,0.8,176.78571428571428
Hungary,2022-12-01,12,2023-12-01,2420.0,2830.6845395194287,194.75186709690536,2581.099979348656,3080.2690996902015,0.8,176.78571428571428
Hungary,2023-12-01,1,2024-01-01,2990.0,2791.626278888222,186.22420373849152,2552.970359044861,3030.2821987315824,0.8,186.04166666666666
Hungary,2023-12-01,2,2024-02-01,2580.0,2655.064575574142,194.87817471827591,2405.3181456734615,2904.8110054748227,0.8,186.04166666666666
Hungary,2023-12-01,3,2024-03-01,2750.0,2903.262090360422,196.57551586833307,2651.3404302516224,3155.1837504692216,0.8,186.04166666666666
Hungary,2023-12-01,4,2024-04-01,3050.0,2805.6976453960883,197.39759380804253,2552.7224500166544,3058.672840775522,0.8,186.04166666666666
Hungary,2023-12-01,5,2024-05-01,3020.0,2665.917216377652,198.0518014505796,2412.1036201697334,2919.7308125855707,0.8,186.04166666666666
Hungary,2023-12-01,6,2024-06-01,3100.0,2731.0205610197477,198.66636737034233,2476.4193668952266,2985.6217551442687,0.8,186.04166666666666
Hungary,2023-12-01,7,2024-07-01,3390.0,2995.0562772042713,199.27002286499126,2739.6814674355332,3250.4310869730093,0.8,186.04166666666666
Hungary,2023-12-01,8,2024-08-01,3120.0,2847.64335833741,199.86965761231184,2591.5000857194887,3103.7866309553315,0.8,186.04166666666666
Hungary,2023-12-01,9,2024-09-01,2740.0,2770.3423137511695,200.46696471052016,2513.4335612864284,3027.2510662159107,0.8,186.04166666666666
Hungary,2023-12-01,10,2024-10-01,2960.0,2894.626994832626,201.06238169488768,2636.955184799417,3152.2988048658353,0.8,186.04166666666666
Hungary,2023-12-01,11,2024-11-01,3110.0,2686.470731446192,201.65607178265918,2428.038076951551,2944.9033859408332,0.8,186.04166666666666
Hungary,2023-12-01,12,2024-12-01,3070.0,2696.930908325539,202.2482362035884,2437.739364590196,2956.1224520608816,0.8,186.04166666666666
Hungary,2024-12-01,1,2025-01-01,3130.0,3145.123692455096,188.57393708860857,2903.4564681582806,3386.790916751911,0.8,196.2962962962963
Hungary,2024-12-01,2,2025-02-01,3080.0,2825.6968859217923,200.5542111616356,2568.676322631036,3082.7174492125487,0.8,196.2962962962963
Hungary,2024-12-01,3,2025-03-01,3180.0,3006.685090896205,203.10167553856976,2746.3998206450196,3266.9703611473906,0.8,196.2962962962963
Hungary,2024-12-01,4,2025-04-01,3310.0,3019.5882518544654,204.20148120856445,2757.893523925103,3281.2829797838276,0.8,196.2962962962963
Hungary,2024-12-01,5,2025-05-01,3240.0,2922.9490524733624,204.98298922093565,2660.2527817272603,3185.6453232194644,0.8,196.2962962962963
Hungary,2024-12-01,6,2025-06-01,3300.0,2988.1935911812157,205.67800322178388,2724.606624154251,3251.78055820818,0.8,196.2962962962963
Hungary,2024-12-01,7,2025-07-01,3430.0,3242.0149450239364,206.34653995899524,2977.5712136947745,3506.4586763530983,0.8,196.2962962962963
Hungary,2024-12-01,8,2025-08-01,3220.0,3062.159752789244,207.00576357677485,2796.871192400673,3327.448313177815,0.8,196.2962962962963
Hungary,2024-12-01,9,2025-09-01,3050.0,2910.724583479054,207.66077016209053,2644.5965983756296,3176.852568582479,0.8,196.2962962962963
Hungary,2024-12-01,10,2025-10-01,3400.0,3062.574508040115,208.313128306119,2795.610492335915,3329.5385237443147,0.8,196.2962962962963
Hungary,2024-12-01,11,2025-11-01,2930.0,2975.388184174463,208.963422752402,2707.590782604564,3243.1855857443616,0.8,196.2962962962963
Hungary,2024-12-01,12,2025-12-01,2850.0,2981.0575094125807,209.61208870852485,2712.428808971097,3249.686209854064,0.8,196.2962962962963
Ireland,2024-12-01,1,2025-01-01,2870.0,2731.096008111342,95.68884333952283,2608.4658211244246,2853.7261950982597,0.8,126.42857142857143
Ireland,2024-12-01,2,2025-02-01,2550.0,2519.6160274555887,135.06599892455836,2346.521985081976,2692.7100698292015,0.8,126.42857142857143
Ireland,2024-12-01,3,2025-03-01,2480.0,2614.8884965831357,165.41700699214672,2402.898072304648,2826.8789208616236,0.8,126.42857142857143
Ireland,2024-12-01,4,2025-04-01,2290.0,2353.625847980735,190.91753424534846,2108.955183078694,2598.2965128827764,0.8,126.42857142857143
Ireland,2024-12-01,5,2025-05-01,2070.0,2315.4827926773205,213.46947388739054,2041.910654220953,2589.054931133688,0.8,126.42857142857143
Ireland,2024-12-01,6,2025-06-01,2009.9999999999998,2233.463047680107,233.78661894384865,1933.853440169239,2533.072655190975,0.8,126.42857142857143
Ireland,2024-12-01,7,2025-07-01,2290.0,2297.313782385384,252.53840111339332,1973.6727990783845,2620.9547656923833,0.8,126.42857142857143
Ireland,2024-12-01,8,2025-08-01,2150.0,2309.4725338080116,269.9312108140827,1963.5417679998743,2655.4032996161486,0.8,126.42857142857143
Ireland,2024-12-01,9,2025-09-01,2160.0,2331.4847470669083,286.32511154305917,1964.5443521141685,2698.425142019648,0.8,126.42857142857143
Ireland,2024-12-01,10,2025-10-01,2460.0,2491.599815505587,301.7772879578413,2104.8566596774117,2878.342971333762,0.8,126.42857142857143
Ireland,2024-12-01,11,2025-11-01,2570.0,2622.116586417645,316.52566049691603,2216.4726306727835,3027.7605421625067,0.8,126.42857142857143
Ireland,2024-12-01,12,2025-12-01,2720.0,2745.475139350234,330.56951568086043,2321.833259008107,3169.117019692361,0.8,126.42857142857143
Italy,2022-12-01,1,2023-01-01,20610.0,22791.953193287023,1338.6715885808856,21076.376523191113,24507.529863382933,0.8,1165.2777777777778
Italy,2022-12-01,2,2023-02-01,19240.0,20848.212813750302,1865.5525234014074,18457.41105677955,23239.014570721054,0.8,1165.2777777777778
Italy,2022-12-01,3,2023-03-01,20880.0,21405.387608175864,2252.323248576073,18518.919222850698,24291.85599350103,0.8,1165.2777777777778
Italy,2022-12-01,4,2023-04-01,17660.0,20348.449475113084,2564.4225850504854,17062.009696523703,23634.889253702466,0.8,1165.2777777777778
Italy,2022-12-01,5,2023-05-01,18970.0,20936.807645697605,2827.713716308335,17312.94670565072,24560.66858574449,0.8,1165.2777777777778
Italy,2022-12-01,6,2023-06-01,21200.0,22306.40514476287,3055.721462791566,18390.340520254103,26222.469769271636,0.8,1165.2777777777778
Italy,2022-12-01,7,2023-07-01,24710.0,23769.522057154627,3256.634170211717,19595.97743791376,27943.066676395494,0.8,1165.2777777777778
Italy,2022-12-01,8,2023-08-01,21630.0,22102.854408290794,3435.8860492116733,17699.589262890724,26506.119553690864,0.8,1165.2777777777778
Italy,2022-12-01,9,2023-09-01,21570.0,21688.188645096903,3597.3189105815613,17078.038963477906,26298.3383267159,0.8,1165.2777777777778
Italy,2022-12-01,10,2023-10-01,20120.0,20906.883615869294,3743.777183832669,16109.040104878382,25704.727126860205,0.8,1165.2777777777778
Italy,2022-12-01,11,2023-11-01,19760.0,21208.80798386716,3877.4421928370925,16239.665871328094,26177.950096406224,0.8,1165.2777777777778
Italy,2022-12-01,12,2023-12-01,19840.0,21821.087718478248,4000.033496679071,16694.838528578344,26947.33690837815,0.8,1165.2777777777778
Italy,2023-12-01,1,2024-01-01,20450.0,20378.172491251833,1309.6556847921297,18699.78119808209,22056.563784421574,0.8,1202.5
Italy,2023-12-01,2,2024-02-01,18450.0,18684.23157650831,1848.8745303251524,16314.803527674574,21053.659625342047,0.8,1202.5
Italy,2023-12-01,3,2024-03-01,19840.0,19664.233728142848,2265.6854013871935,16760.641054963544,22567.826401322152,0.8,1202.5
Italy,2023-12-01,4,2024-04-01,19440.0,18135.69408755976,2614.6646884321217,14784.866462725391,21486.521712394133,0.8,1202.5
Italy,2023-12-01,5,2024-05-01,20370.0,18970.108909005758,2924.288402777974,15222.482528321725,22717.73528968979,0.8,1202.5
Italy,2023-12-01,6,2024-06-01,21950.0,20009.778908616652,3202.2813485628867,15905.89023305161,24113.667584181694,0.8,1202.5
Italy,2023-12-01,7,2024-07-01,26310.0,21838.414444165035,3459.7102460173974,17404.617362050747,26272.211526279323,0.8,1202.5
Italy,2023-12-01,8,2024-08-01,23240.0,19991.198161080683,3697.666863867824,15252.447402828482,24729.948919332885,0.8,1202.5
Italy,2023-12-01,9,2024-09-01,21160.0,20001.84398500752,3922.719376833856,14974.676826433952,25029.011143581087,0.8,1202.5
Italy,2023-12-01,10,2024-10-01,20210.0,18987.528811830703,4134.111105825728,13689.45225202442,24285.605371636986,0.8,1202.5
Italy,2023-12-01,11,2024-11-01,20890.0,19375.426075274176,4336.572336718486,13817.885008055193,24932.96714249316,0.8,1202.5
Italy,2023-12-01,12,2024-12-01,20520.0,19570.420236468482,4528.687341035015,13766.673884703045,25374.166588233922,0.8,1202.5
Italy,2024-12-01,1,2025-01-01,20970.0,21141.23304364493,1255.2365019779709,19532.582739406334,22749.883347883526,0.8,1171.3541666666667
Italy,2024-12-01,2,2025-02-01,19660.0,19586.349908203116,1666.0902466629318,17451.169344253645,21721.530472152586,0.8,1171.3541666666667
Italy,2024-12-01,3,2025-03-01,20410.0,20450.1826409128,1940.6148421657076,17963.18465181625,22937.180630009352,0.8,1171.3541666666667
Italy,2024-12-01,4,2025-04-01,18650.0,19382.481502506187,2152.703845959606,16623.68051856277,22141.282486449603,0.8,1171.3541666666667
Italy,2024-12-01,5,2025-05-01,19810.0,20076.99841068333,2330.1418157871867,17090.80151872032,23063.195302646338,0.8,1171.3541666666667
Italy,2024-12-01,6,2025-06-01,22180.0,21477.44475503763,2486.124958228573,18291.3474226803,24663.542087394962,0.8,1171.3541666666667
Italy,2024-12-01,7,2025-07-01,24130.0,23589.977758023757,2627.7186457153207,20222.42081379655,26957.534702250963,0.8,1171.3541666666667
Italy,2024-12-01,8,2025-08-01,20740.0,21693.131335699112,2759.0121352095475,18157.315014464766,25228.94765693346,0.8,1171.3541666666667
Italy,2024-12-01,9,2025-09-01,20870.0,21082.649554563977,2882.516102027575,17388.55653130302,24776.742577824934,0.8,1171.3541666666667
Italy,2024-12-01,10,2025-10-01,20390.0,20276.943033337528,2999.8513898870165,16432.478788226676,24121.40727844838,0.8,1171.3541666666667
Italy,2024-12-01,11,2025-11-01,20600.0,20516.83678734625,3112.1137244272613,16528.502571653655,24505.171003038842,0.8,1171.3541666666667
Italy,2024-12-01,12,2025-12-01,21550.0,20811.554152522076,3220.0768183769883,16684.859664757172,24938.24864028698,0.8,1171.3541666666667
Latvia,2022-12-01,1,2023-01-01,890.0,584.7735506666515,104.10488453821488,451.3577729058624,718.1893284274406,0.8,112.61904761904762
Latvia,2022-12-01,2,2023-02-01,650.0,524.3868971150293,121.0755404417124,369.2223487127942,679.5514455172645,0.8,112.61904761904762
Latvia,2022-12-01,3,2023-03-01,820.0,592.3148225235412,126.55783596186511,430.1244297146763,754.5052153324061,0.8,112.61904761904762
Latvia,2022-12-01,4,2023-04-01,960.0,577.9260008480736,128.4701993465409,413.28481574968725,742.56718594646,0.8,112.61904761904762
Latvia,2022-12-01,5,2023-05-01,340.0,456.9237471076044,129.16243062089987,291.3954319358444,622.4520622793644,0.8,112.61904761904762
Latvia,2022-12-01,6,2023-06-01,190.0,374.2442144957687,129.421529136137,208.3838512161762,540.1045777753611,0.8,112.61904761904762
Latvia,2022-12-01,7,2023-07-01,130.0,322.1902554818334,129.52246653401275,156.20053572197125,488.1799752416955,0.8,112.61904761904762
Latvia,2022-12-01,8,2023-08-01,230.0,344.0455281078369,129.56357203565216,178.00312952799626,510.0879266876775,0.8,112.61904761904762
Latvia,2022-12-01,9,2023-09-01,270.0,349.70673902906896,129.58066463463138,183.6424354022473,515.7710426558906,0.8,112.61904761904762
Latvia,2022-12-01,10,2023-10-01,270.0,355.95281222990934,129.5868137917495,189.88062814115614,522.0249963186625,0.8,112.61904761904762
Latvia,2022-12-01,11,2023-11-01,470.0,490.88592347608227,129.58613188124164,324.814613290808,656.9572336613566,0.8,112.61904761904762
Latvia,2022-12-01,12,2023-12-01,570.0,568.2335129040052,129.5779007964074,402.1727512783864,734.2942745296241,0.8,112.61904761904762
Latvia,2023-12-01,1,2024-01-01,800.0,636.6253494591118,109.1759475445332,496.7107429636001,776.5399559546236,0.8,115.83333333333333
Latvia,2023-12-01,2,2024-02-01,750.0,535.0833320457698,126.57138886313041,372.87557049507063,697.291093596469,0.8,115.83333333333333
Latvia,2023-12-01,3,2024-03-01,920.0,662.2359591881755,132.08662776962956,492.9601345824998,831.5117837938511,0.8,115.83333333333333
Latvia,2023-12-01,4,2024-04-01,800.0,634.3233579814198,133.95987771224208,462.64686697913277,805.9998489837069,0.8,115.83333333333333
Latvia,2023-12-01,5,2024-05-01,480.0,452.86416707915043,134.61262611216384,280.35114534303693,625.3771888152639,0.8,115.83333333333333
Latvia,2023-12-01,6,2024-06-01,220.0,354.73095107660436,134.84379672793227,181.9216722759449,527.5402298772638,0.8,115.83333333333333
Latvia,2023-12-01,7,2024-07-01,290.0,312.1943290769316,134.9265452851809,139.27900373318357,485.1096544206796,0.8,115.83333333333333
Latvia,2023-12-01,8,2024-08-01,310.0,362.12823243316706,134.95513976679993,189.17626178673424,535.0802030795999,0.8,115.83333333333333
Latvia,2023-12-01,9,2024-09-01,300.0,362.3434122928419,134.96082663453095,189.38415363216535,535.3026709535184,0.8,115.83333333333333
Latvia,2023-12-01,10,2024-10-01,210.0,398.4038601101666,134.9495204308807,225.45909093247838,571.3486292878548,0.8,115.83333333333333
Latvia,2023-12-01,11,2024-11-01,350.0,534.9591829897404,134.908833619569,362.0665560587857,707.8518099206951,0.8,115.83333333333333
Latvia,2023-12-01,12,2024-12-01,370.0,574.6661330866348,134.79317203250463,401.92173244365586,747.4105337296137,0.8,115.83333333333333
Latvia,2024-12-01,1,2025-01-01,610.0,525.6877790912529,108.99634609858987,386.0033411099639,665.3722170725418,0.8,114.72222222222223
Latvia,2024-12-01,2,2025-02-01,720.0,473.7760906792055,129.39527593357028,307.9493722324629,639.602809125948,0.8,114.72222222222223
Latvia,2024-12-01,3,2025-03-01,550.0,635.5896390182888,136.9345936563395,460.1008961407932,811.0783818957844,0.8,114.72222222222223
Latvia,2024-12-01,4,2025-04-01,420.0,616.2564757345363,139.9354861832733,436.92193434111755,795.591017127955,0.8,114.72222222222223
Latvia,2024-12-01,5,2025-05-01,400.0,433.66494639145935,141.16229129978942,252.75819098035132,614.5717018025674,0.8,114.72222222222223
Latvia,2024-12-01,6,2025-06-01,480.0,326.94733643404294,141.67027034067772,145.38957968782066,508.50509318026525,0.8,114.72222222222223
Latvia,2024-12-01,7,2025-07-01,480.0,300.1999357234421,141.88162049563536,118.37132285525573,482.02854859162846,0.8,114.72222222222223
Latvia,2024-12-01,8,2025-08-01,440.0,350.7123521487147,141.9678004019422,168.77329528668227,532.6514090107471,0.8,114.72222222222223
Latvia,2024-12-01,9,2025-09-01,330.0,351.373742119096,141.9972195987462,169.3969830393424,533.3505011988495,0.8,114.72222222222223
Latvia,2024-12-01,10,2025-10-01,330.0,377.3857806279606,141.9928086892939,195.4146743561211,559.3568868998002,0.8,114.72222222222223
Latvia,2024-12-01,11,2025-11-01,470.0,515.3986243843751,141.95109650557603,333.4809744268815,697.3162743418687,0.8,114.72222222222223
Latvia,2024-12-01,12,2025-12-01,510.0,552.977660344237,141.83932065975586,371.20325689694437,734.7520637915297,0.8,114.72222222222223
Lithuania,2022-12-01,1,2023-01-01,360.0,332.1435058358862,47.2983445658005,271.5282383099166,392.75877336185573,0.8,58.80952380952381
Lithuania,2022-12-01,2,2023-02-01,320.0,313.17764800854684,54.236521562589154,243.6707488903172,382.68454712677647,0.8,58.80952380952381
Lithuania,2022-12-01,3,2023-03-01,420.0,298.5725829110227,56.68097181902474,225.9329947397622,371.21217108228325,0.8,58.80952380952381
Lithuania,2022-12-01,4,2023-04-01,360.0,298.8078769747419,57.84960094925716,224.67063031209096,372.9451236373928,0.8,58.80952380952381
Lithuania,2022-12-01,5,2023-05-01,330.0,291.6631911111907,58.57485021781005,216.59650011301576,366.7298821093657,0.8,58.80952380952381
Lithuania,2022-12-01,6,2023-06-01,350.0,296.00680655897366,59.122979091931356,220.23766014404836,371.77595297389894,0.8,58.80952380952381
Lithuania,2022-12-01,7,2023-07-01,380.0,298.81143002910426,59.592959979550606,222.43997887187447,375.18288118633404,0.8,58.80952380952381
Lithuania,2022-12-01,8,2023-08-01,410.0,301.5879661426083,60.025824592201204,224.66177666336728,378.51415562184934,0.8,58.80952380952381
Lithuania,2022-12-01,9,2023-09-01,430.0,291.17835742157297,60.439775676365024,213.7216682823629,368.63504656078305,0.8,58.80952380952381
Lithuania,2022-12-01,10,2023-10-01,590.0,292.7052107987063,60.84307801342701,214.73166891804664,370.6787526793659,0.8,58.80952380952381
Lithuania,2022-12-01,11,2023-11-01,400.0,296.83959031969545,61.2390921081817,218.35853595592522,375.3206446834657,0.8,58.80952380952381
Lithuania,2022-12-01,12,2023-12-01,560.0,299.8869714809946,61.62746036089737,220.90820317494877,378.8657397870404,0.8,58.80952380952381
Lithuania,2023-12-01,1,2024-01-01,660.0,511.8092129905189,53.202492182454925,443.62747584321943,579.9909501378183,0.8,67.08333333333333
Lithuania,2023-12-01,2,2024-02-01,520.0,497.62639921864866,60.25115628278607,420.4114355585718,574.8413628787255,0.8,67.08333333333333
Lithuania,2023-12-01,3,2024-03-01,570.0,511.4879916676322,65.00561879187849,428.1799391357048,594.7960441995596,0.8,67.08333333333333
Lithuania,2023-12-01,4,2024-04-01,580.0,503.43561248556074,69.22579611492144,414.71918509841186,592.1520398727096,0.8,67.08333333333333
Lithuania,2023-12-01,5,2024-05-01,580.0,500.5105842946806,73.17267011740056,406.7360343506473,594.2851342387139,0.8,67.08333333333333
Lithuania,2023-12-01,6,2024-06-01,550.0,504.3693717134728,76.912793762768,405.8016604563885,602.9370829705571,0.8,67.08333333333333
Lithuania,2023-12-01,7,2024-07-01,560.0,506.3342404716564,80.47862256026102,403.1967357366809,609.4717452066319,0.8,67.08333333333333
Lithuania,2023-12-01,8,2024-08-01,550.0,510.8501801929189,83.8929248691261,403.3370709887748,618.363289397063,0.8,67.08333333333333
Lithuania,2023-12-01,9,2024-09-01,560.0,517.1239651581263,87.17358775279195,405.4065172993962,628.8414130168564,0.8,67.08333333333333
Lithuania,2023-12-01,10,2024-10-01,560.0,537.8361750829923,90.33518448942603,422.0669779768081,653.6053721891766,0.8,67.08333333333333
Lithuania,2023-12-01,11,2024-11-01,600.0,510.83483406658996,93.38981019915343,391.15097659995183,630.5186915332281,0.8,67.08333333333333
Lithuania,2023-12-01,12,2024-12-01,730.0,530.7898714708679,96.34763998963332,407.31540260562576,654.26434033611,0.8,67.08333333333333
Lithuania,2024-12-01,1,2025-01-01,810.0,681.9397398259607,52.97147812680742,614.0540591033391,749.8254205485823,0.8,79.72222222222223
Lithuania,2024-12-01,2,2025-02-01,620.0,651.1230517793832,60.5731708199279,573.4954098851041,728.7506936736623,0.8,79.72222222222223
Lithuania,2024-12-01,3,2025-03-01,810.0,665.2591991111007,66.01581590274843,580.6565268902293,749.861871331972,0.8,79.72222222222223
Lithuania,2024-12-01,4,2025-04-01,850.0,650.1045821679245,70.88976612943065,559.255691403662,740.953472932187,0.8,79.72222222222223
Lithuania,2024-12-01,5,2025-05-01,810.0,642.8254678752622,75.43054114632189,546.157339779317,739.4935959712075,0.8,79.72222222222223
Lithuania,2024-12-01,6,2025-06-01,770.0,640.4000472596721,79.71068597216312,538.2466928614124,742.5534016579318,0.8,79.72222222222223
Lithuania,2024-12-01,7,2025-07-01,610.0,641.7351478330088,83.77212985219525,534.3768436719224,749.0934519940952,0.8,79.72222222222223
Lithuania,2024-12-01,8,2025-08-01,600.0,639.3425204229204,87.64553304035674,527.0202503420602,751.6647905037806,0.8,79.72222222222223
Lithuania,2024-12-01,9,2025-09-01,620.0,653.6968696916324,91.35485573136056,536.6209113090061,770.7728280742587,0.8,79.72222222222223
Lithuania,2024-12-01,10,2025-10-01,740.0,667.0188906592673,94.91938737973655,545.3748011622315,788.6629801563031,0.8,79.72222222222223
Lithuania,2024-12-01,11,2025-11-01,550.0,655.4507358803928,98.35521122503694,529.4034609554769,781.4980108053087,0.8,79.72222222222223
Lithuania,2024-12-01,12,2025-12-01,730.0,692.3136867277416,101.67764824640847,562.0085374366636,822.6188360188196,0.8,79.72222222222223
Luxembourg,2022-12-01,1,2023-01-01,100.0,88.61901604281752,12.368347952477702,72.76834036111937,104.46969172451567,0.8,12.708333333333334
Luxembourg,2022-12-01,2,2023-02-01,100.0,103.08399548248165,14.156948859012601,84.94113550887921,121.2268554560841,0.8,12.708333333333334
Luxembourg,2022-12-01,3,2023-03-01,120.0,105.46950309384003,16.751863157904957,84.00112663803802,126.93787954964205,0.8,12.708333333333334
Luxembourg,2022-12-01,4,2023-04-01,110.0,100.41594724711621,18.64037976756846,76.52733937364295,124.30455512058947,0.8,12.708333333333334
Luxembourg,2022-12-01,5,2023-05-01,110.0,101.08944765139961,20.474453854069232,74.85037926104651,127.3285160417527,0.8,12.708333333333334
Luxembourg,2022-12-01,6,2023-06-01,80.0,91.41732983281861,22.11500030009325,63.0758165762148,119.75884308942241,0.8,12.708333333333334
Luxembourg,2022-12-01,7,2023-07-01,80.0,91.52728323728468,23.656832902244517,61.20983199558621,121.84473447898316,0.8,12.708333333333334
Luxembourg,2022-12-01,8,2023-08-01,90.0,87.56084620409145,25.098859465791968,55.39536356232184,119.72632884586105,0.8,12.708333333333334
Luxembourg,2022-12-01,9,2023-09-01,70.0,78.82223669308658,26.46431343584338,44.90685437831849,112.73761900785468,0.8,12.708333333333334
Luxembourg,2022-12-01,10,2023-10-01,90.0,89.34723444437452,27.762009958861267,53.76878711893108,124.92568176981797,0.8,12.708333333333334
Luxembourg,2022-12-01,11,2023-11-01,110.0,92.44418502410302,29.001946024876556,55.27669569208247,129.61167435612356,0.8,12.708333333333334
Luxembourg,2022-12-01,12,2023-12-01,90.0,90.61942711992188,30.1909071460024,51.92822280175084,129.3106314380929,0.8,12.708333333333334
Luxembourg,2023-12-01,1,2024-01-01,110.0,98.81573646572282,11.992311066916578,83.44697144341805,114.18450148802759,0.8,11.833333333333334
Luxembourg,2023-12-01,2,2024-02-01,110.0,103.23955572241339,13.40298947670964,86.06293357555833,120.41617786926844,0.8,11.833333333333334
Luxembourg,2023-12-01,3,2024-03-01,100.0,112.92594390708759,15.738422000200874,92.75634455352858,133.0955432606466,0.8,11.833333333333334
Luxembourg,2023-12-01,4,2024-04-01,120.0,106.13619745659223,17.389645335987208,83.85047025199246,128.42192466119198,0.8,11.833333333333334
Luxembourg,2023-12-01,5,2024-05-01,110.0,106.43968067112598,19.025394382901702,82.05765671461486,130.8217046276371,0.8,11.833333333333334
Luxembourg,2023-12-01,6,2024-06-01,100.0,89.42299512010922,20.485932810533154,63.16921585512897,115.67677438508947,0.8,11.833333333333334
Luxembourg,2023-12-01,7,2024-07-01,110.0,89.53324413366252,21.86500151386117,61.512117212938676,117.55437105438637,0.8,11.833333333333334
Luxembourg,2023-12-01,8,2024-08-01,120.0,91.5011197526595,23.156421077898376,61.824972067868856,121.17726743745015,0.8,11.833333333333334
Luxembourg,2023-12-01,9,2024-09-01,120.0,78.93530300031865,24.381563858583657,47.689071666925116,110.1815343337122,0.8,11.833333333333334
Luxembourg,2023-12-01,10,2024-10-01,120.0,93.4065508627324,25.547286136979718,60.66638631847018,126.14671540699462,0.8,11.833333333333334
Luxembourg,2023-12-01,11,2024-11-01,100.0,101.87598341500671,26.6623655718022,67.70678707534114,136.0451797546723,0.8,11.833333333333334
Luxembourg,2023-12-01,12,2024-12-01,100.0,94.45769575422948,27.732517900847185,58.91704402190511,129.99834748655383,0.8,11.833333333333334
Luxembourg,2024-12-01,1,2025-01-01,120.0,105.30248848457379,12.636996613094633,89.10752569128054,121.49745127786703,0.8,13.055555555555555
Luxembourg,2024-12-01,2,2025-02-01,80.0,107.97150975082639,14.447533284313492,89.45625085205671,126.48676864959606,0.8,13.055555555555555
Luxembourg,2024-12-01,3,2025-03-01,140.0,107.32621602934648,16.91726945373742,85.64586287616945,129.00656918252352,0.8,13.055555555555555
Luxembourg,2024-12-01,4,2025-04-01,120.0,112.00948678480178,18.811690322123322,87.90133560194442,136.11763796765914,0.8,13.055555555555555
Luxembourg,2024-12-01,5,2025-05-01,130.0,108.77064509792777,20.606184448238626,82.36275715838676,135.17853303746878,0.8,13.055555555555555
Luxembourg,2024-12-01,6,2025-06-01,120.0,100.24566594951158,22.234415141440582,71.75111641602983,128.74021548299334,0.8,13.055555555555555
Luxembourg,2024-12-01,7,2025-07-01,110.0,103.5441808247742,23.757860538234436,73.09725745800958,133.99110419153882,0.8,13.055555555555555
Luxembourg,2024-12-01,8,2025-08-01,110.0,107.60986854273025,25.187355451433593,75.33097373201721,139.8887633534433,0.8,13.055555555555555
Luxembourg,2024-12-01,9,2025-09-01,100.0,103.78480235828602,26.54056627472619,69.77169809847044,137.7979066181016,0.8,13.055555555555555
Luxembourg,2024-12-01,10,2025-10-01,100.0,107.95026048567229,27.827868638645995,72.28741186604603,143.61310910529855,0.8,13.055555555555555
Luxembourg,2024-12-01,11,2025-11-01,100.0,104.30603284586921,29.05825423990779,67.06638163272237,141.54568405901605,0.8,13.055555555555555
Luxembourg,2024-12-01,12,2025-12-01,120.0,101.59393387407121,30.23860032301739,62.841608290230816,140.3462594579116,0.8,13.055555555555555
Malta,2022-12-01,1,2023-01-01,290.0,259.3745356348813,19.336363806642915,234.5939883265381,284.15508294322444,0.8,26.11111111111111
Malta,2022-12-01,2,2023-02-01,280.0,244.43902144584152,23.296881029583343,214.58286709007268,274.29517580161036,0.8,26.11111111111111
Malta,2022-12-01,3,2023-03-01,290.0,248.93795388045146,24.897421325243453,217.0306246030622,280.84528315784075,0.8,26.11111111111111
Malta,2022-12-01,4,2023-04-01,290.0,241.59364074092645,25.604739559843658,208.77984667264704,274.4074348092058,0.8,26.11111111111111
Malta,2022-12-01,5,2023-05-01,290.0,236.01166372383955,25.931725445765405,202.77882038154615,269.24450706613294,0.8,26.11111111111111
Malta,2022-12-01,6,2023-06-01,300.0,258.2117283400823,26.088281864474173,224.7782498742966,291.645206805868,0.8,26.11111111111111
Malta,2022-12-01,7,2023-07-01,330.0,281.933093622612,26.16581972248781,248.40024639349994,315.465940851724,0.8,26.11111111111111
Malta,2022-12-01,8,2023-08-01,330.0,292.68274333379765,26.20547971563253,259.0990697783815,326.2664168892138,0.8,26.11111111111111
Malta,2022-12-01,9,2023-09-01,310.0,251.87103935360975,26.226189176790257,218.26082555582533,285.4812531513942,0.8,26.11111111111111
Malta,2022-12-01,10,2023-10-01,280.0,251.00680196560717,26.23676081701265,217.38304006574538,284.63056386546896,0.8,26.11111111111111
Malta,2022-12-01,11,2023-11-01,250.0,247.191917191782,26.241206346234133,213.56245811698676,280.82137626657726,0.8,26.11111111111111
Malta,2022-12-01,12,2023-12-01,240.0,248.60195654591288,26.241024123212522,214.97273099931624,282.2311820925095,0.8,26.11111111111111
Malta,2023-12-01,1,2024-01-01,270.0,262.45387872546337,18.435222269335778,238.8281907650334,286.0795666858933,0.8,28.958333333333332
Malta,2023-12-01,2,2024-02-01,260.0,252.40684462742124,23.246368301958235,222.6154249368203,282.1982643180222,0.8,28.958333333333332
Malta,2023-12-01,3,2024-03-01,280.0,259.29313384183064,25.750088443293404,226.29306768441606,292.2931999992452,0.8,28.958333333333332
Malta,2023-12-01,4,2024-04-01,240.0,258.3709804380853,27.20880181579645,223.5014978744586,293.24046300171204,0.8,28.958333333333332
Malta,2023-12-01,5,2024-05-01,270.0,259.942564893181,28.118442726787357,223.90733059599046,295.9777991903715,0.8,28.958333333333332
Malta,2023-12-01,6,2024-06-01,290.0,278.8173481913372,28.718176518988177,242.01352411384173,315.62117226883265,0.8,28.958333333333332
Malta,2023-12-01,7,2024-07-01,320.0,303.64233206570736,29.135008223825192,266.3043166643094,340.98034746710533,0.8,28.958333333333332
Malta,2023-12-01,8,2024-08-01,340.0,310.59785223920295,29.440523082013545,272.8683037929965,348.3274006854094,0.8,28.958333333333332
Malta,2023-12-01,9,2024-09-01,270.0,278.99808905081704,29.676921723570963,240.9655835554301,317.030594546204,0.8,28.958333333333332
Malta,2023-12-01,10,2024-10-01,270.0,269.93075784158157,29.870016883631102,231.65079094152048,308.21072474164265,0.8,28.958333333333332
Malta,2023-12-01,11,2024-11-01,270.0,254.85437286805623,30.035975597033648,216.36172131901833,293.34702441709413,0.8,28.958333333333332
Malta,2023-12-01,12,2024-12-01,250.0,259.3046615310431,30.18472456595741,220.62138050800783,297.98794255407836,0.8,28.958333333333332
Malta,2024-12-01,1,2025-01-01,260.0,274.9077451846647,18.133572852606168,251.6686365064902,298.1468538628392,0.8,27.0
Malta,2024-12-01,2,2025-02-01,250.0,265.5447428501394,22.179307271460125,237.12081689370495,293.9686688065739,0.8,27.0
Malta,2024-12-01,3,2025-03-01,250.0,275.84376653204504,24.02474627368272,245.05481533319514,306.6327177308949,0.8,27.0
Malta,2024-12-01,4,2025-04-01,250.0,264.8156594574081,24.98940875825615,232.790443541231,296.8408753735852,0.8,27.0
Malta,2024-12-01,5,2025-05-01,270.0,273.22311712894935,25.545610899069008,240.48509948845427,305.96113476944447,0.8,27.0
Malta,2024-12-01,6,2025-06-01,300.0,291.7468408910503,25.896599224788865,258.559013612241,324.93466816985955,0.8,27.0
Malta,2024-12-01,7,2025-07-01,340.0,317.30711985716187,26.138393720666222,283.80942046362094,350.8048192507028,0.8,27.0
Malta,2024-12-01,8,2025-08-01,320.0,327.23907882149183,26.319569243808303,293.5091936526298,360.96896399035387,0.8,27.0
Malta,2024-12-01,9,2025-09-01,300.0,286.35883834375966,26.466289000966288,252.44092424041548,320.27675244710383,0.8,27.0
Malta,2024-12-01,10,2025-10-01,270.0,279.47976928308333,26.593573238124918,245.39873386633934,313.5608046998273,0.8,27.0
Malta,2024-12-01,11,2025-11-01,260.0,268.5043915337669,26.710591267798904,234.2733914778973,302.73539158963655,0.8,27.0
Malta,2024-12-01,12,2025-12-01,260.0,266.168686112577,26.8230630092059,231.79354772042774,300.5438245047263,0.8,27.0
Netherlands,2022-12-01,1,2023-01-01,10270.0,11219.538939739665,604.7457772451659,10444.526042154637,11994.551837324692,0.8,666.547619047619
Netherlands,2022-12-01,2,2023-02-01,9930.0,10323.727158175789,734.4549275016134,9382.48529601415,11264.969020337427,0.8,666.547619047619
Netherlands,2022-12-01,3,2023-03-01,11000.0,10688.575883636855,788.931550194644,9677.51942037738,11699.63234689633,0.8,666.547619047619
Netherlands,2022-12-01,4,2023-04-01,9840.0,9625.658315284945,813.8704950179252,8582.641308244165,10668.675322325726,0.8,666.547619047619
Netherlands,2022-12-01,5,2023-05-01,9960.0,9536.283320609029,825.7452414383,8478.048213702772,10594.518427515286,0.8,666.547619047619
Netherlands,2022-12-01,6,2023-06-01,10620.0,9660.545428253097,831.5544654123531,8594.865501268294,10726.2253552379,0.8,666.547619047619
Netherlands,2022-12-01,7,2023-07-01,10110.0,10010.052107364345,834.4683069000619,8940.637942259218,11079.466272469472,0.8,666.547619047619
Netherlands,2022-12-01,8,2023-08-01,10380.0,9794.472755622643,835.9691650043901,8723.135163464254,10865.810347781031,0.8,666.547619047619
Netherlands,2022-12-01,9,2023-09-01,9650.0,9565.111827176584,836.7643510783869,8492.755163060167,10637.468491293002,0.8,666.547619047619
Netherlands,2022-12-01,10,2023-10-01,9380.0,9825.228548635008,837.1969316462332,8752.317510214642,10898.139587055375,0.8,666.547619047619
Netherlands,2022-12-01,11,2023-11-01,9650.0,9920.232846499472,837.435793975593,8847.015693686964,10993.449999311979,0.8,666.547619047619
Netherlands,2022-12-01,12,2023-12-01,10550.0,10617.734731522914,837.5648640886362,9544.352168704972,11691.117294340856,0.8,666.547619047619
Netherlands,2023-12-01,1,2024-01-01,11750.0,10351.220261361465,586.5070627553168,9599.581216884422,11102.859305838507,0.8,615.2083333333334
Netherlands,2023-12-01,2,2024-02-01,10140.0,9910.461173485899,701.2627738762618,9011.756767766627,10809.165579205172,0.8,615.2083333333334
Netherlands,2023-12-01,3,2024-03-01,10730.0,10536.221711345066,745.5033036374803,9580.820785449781,11491.62263724035,0.8,615.2083333333334
Netherlands,2023-12-01,4,2024-04-01,10090.0,9710.049538919113,764.0874693720024,8730.83204633241,10689.267031505815,0.8,615.2083333333334
Netherlands,2023-12-01,5,2024-05-01,9410.0,9725.633705790655,772.2287896691652,8735.982691431524,10715.284720149786,0.8,615.2083333333334
Netherlands,2023-12-01,6,2024-06-01,9470.0,10097.19507259997,775.9162143084018,9102.818433421598,11091.571711778342,0.8,615.2083333333334
Netherlands,2023-12-01,7,2024-07-01,10010.0,9990.714439848889,777.6458490332639,8994.12118458105,10987.307695116728,0.8,615.2083333333334
Netherlands,2023-12-01,8,2024-08-01,10380.0,10017.57269329147,778.4901952728861,9019.89736477838,11015.248021804558,0.8,615.2083333333334
Netherlands,2023-12-01,9,2024-09-01,9770.0,9629.545025544601,778.9210773889619,8631.31749938109,10627.772551708113,0.8,615.2083333333334
Netherlands,2023-12-01,10,2024-10-01,9800.0,9585.197060940203,779.1512790921412,8586.674519423592,10583.719602456815,0.8,615.2083333333334
Netherlands,2023-12-01,11,2024-11-01,11570.0,9709.368939203594,779.279654304866,8710.681878232139,10708.05600017505,0.8,615.2083333333334
Netherlands,2023-12-01,12,2024-12-01,11640.0,10391.63980328704,779.3537894280626,9392.85773433239,11390.42187224169,0.8,615.2083333333334
Netherlands,2024-12-01,1,2025-01-01,12130.0,11635.055786991701,593.6478650468658,10874.265436158681,12395.846137824721,0.8,616.8518518518518
Netherlands,2024-12-01,2,2025-02-01,11780.0,10635.30557300733,697.4703338771038,9741.461374706212,11529.149771308448,0.8,616.8518518518518
Netherlands,2024-12-01,3,2025-03-01,11850.0,11026.660116082692,735.5722069180722,10083.98640273574,11969.333829429645,0.8,616.8518518518518
Netherlands,2024-12-01,4,2025-04-01,10620.0,10226.14865059491,752.0479425441214,9262.360432462896,11189.936868726925,0.8,616.8518518518518
Netherlands,2024-12-01,5,2025-05-01,11390.0,9986.978638853547,760.2914909639894,9012.625888338407,10961.331389368686,0.8,616.8518518518518
Netherlands,2024-12-01,6,2025-06-01,10840.0,10140.051747844751,765.0850874372142,9159.555756264761,11120.547739424741,0.8,616.8518518518518
Netherlands,2024-12-01,7,2025-07-01,11530.0,10330.32994614099,768.3066783720719,9345.70531965489,11314.95457262709,0.8,616.8518518518518
Netherlands,2024-12-01,8,2025-08-01,11700.0,10410.807649315415,770.7577131071079,9423.041895427425,11398.573403203405,0.8,616.8518518518518
Netherlands,2024-12-01,9,2025-09-01,10840.0,10026.350087025634,772.808162852372,9035.956576056531,11016.743597994737,0.8,616.8518518518518
Netherlands,2024-12-01,10,2025-10-01,10960.0,10081.77856870378,774.6410744344412,9089.03608702717,11074.521050380388,0.8,616.8518518518518
Netherlands,2024-12-01,11,2025-11-01,11860.0,10691.272470564272,776.3522007135798,9696.337092325788,11686.207848802756,0.8,616.8518518518518
Netherlands,2024-12-01,12,2025-12-01,11890.0,11095.587586024476,777.9937883746853,10098.548428548924,12092.626743500028,0.8,616.8518518518518
Poland,2022-12-01,1,2023-01-01,14000.0,14731.947045508608,539.8286083176857,14040.128847393315,15423.765243623902,0.8,693.3333333333334
Poland,2022-12-01,2,2023-02-01,12840.0,13573.220922265657,763.3275238305189,12594.977339077372,14551.464505453941,0.8,693.3333333333334
Poland,2022-12-01,3,2023-03-01,13560.0,14113.141056953293,934.8121947469899,12915.131025285104,15311.151088621482,0.8,693.3333333333334
Poland,2022-12-01,4,2023-04-01,11870.0,13162.77628435313,1079.3654296592117,11779.513828178648,14546.038740527614,0.8,693.3333333333334
Poland,2022-12-01,5,2023-05-01,11800.0,12986.92206715743,1206.7048497767942,11440.467577775717,14533.376556539142,0.8,693.3333333333334
Poland,2022-12-01,6,2023-06-01,10980.0,12836.306005732204,1321.8148291605855,11142.332142061387,14530.27986940302,0.8,693.3333333333334
Poland,2022-12-01,7,2023-07-01,11530.0,13253.214717483,1427.6565718087606,11423.599202821446,15082.830232144555,0.8,693.3333333333334
Poland,2022-12-01,8,2023-08-01,11850.0,13258.379600403843,1526.1596049346874,11302.527369428866,15214.23183137882,0.8,693.3333333333334
Poland,2022-12-01,9,2023-09-01,11890.0,13253.936722745855,1618.6642680438997,11179.534995943091,15328.338449548619,0.8,693.3333333333334
Poland,2022-12-01,10,2023-10-01,13310.0,13826.835089789332,1706.1465112013636,11640.320357310768,16013.349822267897,0.8,693.3333333333334
Poland,2022-12-01,11,2023-11-01,13580.0,14046.996666659015,1789.3431383586292,11753.861166399025,16340.132166919006,0.8,693.3333333333334
Poland,2022-12-01,12,2023-12-01,14430.0,14689.68034419657,1868.8266029483254,12294.682685456746,17084.678002936394,0.8,693.3333333333334
Poland,2023-12-01,1,2024-01-01,14610.0,14623.134732221144,415.9868910854102,14090.026080704605,15156.243383737683,0.8,712.2916666666666
Poland,2023-12-01,2,2024-02-01,12720.0,13410.16894937963,588.0579208260194,12656.542400314142,14163.795498445117,0.8,712.2916666666666
Poland,2023-12-01,3,2024-03-01,13130.0,13949.228474196845,720.1339028583421,13026.339743586994,14872.117204806696,0.8,712.2916666666666
Poland,2023-12-01,4,2024-04-01,12370.0,12770.713134774682,831.4969922911953,11705.106862558274,13836.31940699109,0.8,712.2916666666666
Poland,2023-12-01,5,2024-05-01,12120.0,12640.766566312936,929.621075446139,11449.409221711681,13832.12391091419,0.8,712.2916666666666
Poland,2023-12-01,6,2024-06-01,12470.0,12369.880532671923,1018.3403755419412,11064.824830138872,13674.936235204974,0.8,712.2916666666666
Poland,2023-12-01,7,2024-07-01,12640.0,12859.507955576384,1099.932985716622,11449.887115737101,14269.128795415667,0.8,712.2916666666666
Poland,2023-12-01,8,2024-08-01,12790.0,12917.199057952166,1175.8833687845888,11410.243885788417,14424.154230115915,0.8,712.2916666666666
Poland,2023-12-01,9,2024-09-01,12630.0,12931.183609449126,1247.2227096458378,11332.803393319724,14529.563825578529,0.8,712.2916666666666
Poland,2023-12-01,10,2024-10-01,13280.0,13744.685547871386,1314.7018444246355,12059.827340924621,15429.54375481815,0.8,712.2916666666666
Poland,2023-12-01,11,2024-11-01,14070.0,13958.473255867159,1378.8876129213938,12191.35767681769,15725.588834916627,0.8,712.2916666666666
Poland,2023-12-01,12,2024-12-01,14710.0,14631.891255035327,1440.2204035197278,12786.174542175344,16477.60796789531,0.8,712.2916666666666
Portugal,2023-12-01,1,2024-01-01,4340.0,3922.6988802528335,384.2527584903195,3430.2591560447336,4415.1386044609335,0.8,463.5416666666667
Portugal,2023-12-01,2,2024-02-01,4070.0000000000005,3481.1758836847835,456.22141009818625,2896.5046213384876,4065.8471460310793,0.8,463.5416666666667
Portugal,2023-12-01,3,2024-03-01,4850.0,3431.240751572591,484.8121306861522,2809.929006496739,4052.5524966484427,0.8,463.5416666666667
Portugal,2023-12-01,4,2024-04-01,3860.0,3042.3161481947136,498.3797562368084,2403.6167913536956,3681.0155050357316,0.8,463.5416666666667
Portugal,2023-12-01,5,2024-05-01,3130.0,3058.3254279864145,505.87202938238715,2410.0243367661924,3706.6265192066367,0.8,463.5416666666667
Portugal,2023-12-01,6,2024-06-01,2540.0,3160.8391714136433,510.6513565738887,2506.4131259489022,3815.2652168783843,0.8,463.5416666666667
Portugal,2023-12-01,7,2024-07-01,2900.0,3309.721904509486,514.118196637808,2650.8529247333367,3968.5908842856356,0.8,463.5416666666667
Portugal,2023-12-01,8,2024-08-01,2880.0,3155.4654209912555,516.9073509587554,2493.02199612855,3817.908845853961,0.8,463.5416666666667
Portugal,2023-12-01,9,2024-09-01,2840.0,3177.682945352028,519.3286710056561,2512.136473992533,3843.2294167115233,0.8,463.5416666666667
Portugal,2023-12-01,10,2024-10-01,3440.0,3296.1726213395505,521.5430600059123,2627.788296290052,3964.556946389049,0.8,463.5416666666667
Portugal,2023-12-01,11,2024-11-01,3470.0,3688.4698233176377,523.6382957247694,3017.4003456524533,4359.539300982822,0.8,463.5416666666667
Portugal,2023-12-01,12,2024-12-01,3330.0,3763.780595394204,525.6640475941762,3090.115012249376,4437.446178539031,0.8,463.5416666666667
Portugal,2024-12-01,1,2025-01-01,4420.0,3695.869658792458,389.7601774125157,3196.371893242507,4195.367424342408,0.8,466.2962962962963
Portugal,2024-12-01,2,2025-02-01,3970.0,3397.2589416496103,466.2452698459562,2799.7415861507607,3994.77629714846,0.8,466.2962962962963
Portugal,2024-12-01,3,2025-03-01,4590.0,3581.699357155854,497.28047698054246,2944.4087833666745,4218.989930945034,0.8,466.2962962962963
Portugal,2024-12-01,4,2025-04-01,3990.0,3132.6557988259774,511.90925465335044,2476.6176921082065,3788.6939055437483,0.8,466.2962962962963
Portugal,2024-12-01,5,2025-05-01,4010.0,3017.5452360215877,519.6944305413308,2351.5300249565357,3683.5604470866397,0.8,466.2962962962963
Portugal,2024-12-01,6,2025-06-01,3230.0,2993.3174650597234,524.365995477427,2321.315402637274,3665.319527482173,0.8,466.2962962962963
Portugal,2024-12-01,7,2025-07-01,3510.0,3191.6160144863024,527.5169605597102,2515.5758278296767,3867.6562011429282,0.8,466.2962962962963
Portugal,2024-12-01,8,2025-08-01,3330.0,3071.2458714681334,529.8785286768695,2392.179213493822,3750.312529442445,0.8,466.2962962962963
Portugal,2024-12-01,9,2025-09-01,3400.0,3085.530136299068,531.8094644252824,2403.988884593412,3767.071388004724,0.8,466.2962962962963
Portugal,2024-12-01,10,2025-10-01,3190.0,3272.2747135632058,533.4970850370071,2588.5706890205483,3955.978738105863,0.8,466.2962962962963
Portugal,2024-12-01,11,2025-11-01,3730.0,3564.767721429589,535.0447462409353,2879.080289248105,4250.455153611073,0.8,466.2962962962963
Portugal,2024-12-01,12,2025-12-01,4140.0,3599.0164499582947,536.5117890668615,2911.448926746524,4286.583973170065,0.8,466.2962962962963
Romania,2024-12-01,1,2025-01-01,4270.0,4736.446994751675,249.89253114127476,4416.196830249672,5056.697159253679,0.8,342.22222222222223
Romania,2024-12-01,2,2025-02-01,4140.0,4371.50007783559,304.18207885942945,3981.675058462677,4761.3250972085025,0.8,342.22222222222223
Romania,2024-12-01,3,2025-03-01,4360.0,4547.3144198560285,328.0322065349731,4126.924232022084,4967.704607689973,0.8,342.22222222222223
Romania,2024-12-01,4,2025-04-01,3820.0,4165.090654420738,339.93837782294713,3729.4420941330486,4600.739214708428,0.8,342.22222222222223
Romania,2024-12-01,5,2025-05-01,3920.0,3982.0981927307357,346.44911454562055,3538.105787603255,4426.090597858216,0.8,342.22222222222223
Romania,2024-12-01,6,2025-06-01,3940.0,4098.773707577977,350.3305868782232,3649.8069955060314,4547.740419649923,0.8,342.22222222222223
Romania,2024-12-01,7,2025-07-01,4230.0,4325.019106948574,352.85548877978624,3872.8166028918336,4777.221611005314,0.8,342.22222222222223
Romania,2024-12-01,8,2025-08-01,4110.0,4085.8951047081587,354.6458370874631,3631.3981769748452,4540.392032441472,0.8,342.22222222222223
Romania,2024-12-01,9,2025-09-01,3850.0,3971.943935295805,356.02254113014016,3515.682690341307,4428.205180250303,0.8,342.22222222222223
Romania,2024-12-01,10,2025-10-01,4430.0,4159.502549415329,357.1603174855415,3701.7831853913267,4617.221913439331,0.8,342.22222222222223
Romania,2024-12-01,11,2025-11-01,4480.0,4347.0788164005835,358.1595089865023,3888.078936944246,4806.078695856921,0.8,342.22222222222223
Romania,2024-12-01,12,2025-12-01,4720.0,4687.636904835823,359.0801684736828,4227.457152772356,5147.81665689929,0.8,342.22222222222223
Slovakia,2023-12-01,1,2024-01-01,3000.0,2822.611403627702,127.70463974020355,2658.951322641335,2986.2714846140693,0.8,168.75
Slovakia,2023-12-01,2,2024-02-01,2790.0,2571.2945443676167,148.59373366982044,2380.864012352941,2761.7250763822926,0.8,168.75
Slovakia,2023-12-01,3,2024-03-01,2770.0,2597.953448259049,155.35772269988018,2398.8545155135735,2797.0523810045242,0.8,168.75
Slovakia,2023-12-01,4,2024-04-01,2290.0,2223.717646562363,157.70452576430642,2021.6111646756472,2425.8241284490787,0.8,168.75
Slovakia,2023-12-01,5,2024-05-01,2029.9999999999998,2241.2239299927455,158.5390526644928,2038.0479588506068,2444.399901134884,0.8,168.75
Slovakia,2023-12-01,6,2024-06-01,1940.0,2084.220416756577,158.84012588005297,1880.6586047636936,2287.78222874946,0.8,168.75
Slovakia,2023-12-01,7,2024-07-01,2090.0,2215.935830482094,158.95000858726956,2012.2331981337509,2419.6384628304368,0.8,168.75
Slovakia,2023-12-01,8,2024-08-01,2160.0,2304.1514757334917,158.98987103191092,2100.3977576068123,2507.905193860171,0.8,168.75
Slovakia,2023-12-01,9,2024-09-01,2270.0,2091.0857678164143,159.00207064944945,1887.3164152507793,2294.8551203820493,0.8,168.75
Slovakia,2023-12-01,10,2024-10-01,2470.0,2237.6072027996647,158.9989831120791,2033.8418070723803,2441.3725985269493,0.8,168.75
Slovakia,2023-12-01,11,2024-11-01,2420.0,2387.8595538318023,158.9770621646069,2184.122250929069,2591.5968567345353,0.8,168.75
Slovakia,2023-12-01,12,2024-12-01,2570.0,2524.6060025351526,158.91270792833086,2320.9511729046685,2728.2608321656367,0.8,168.75
Slovenia,2022-12-01,1,2023-01-01,1130.0,1018.7356059340377,158.5718372960571,815.5176195959921,1221.9535922720834,0.8,174.30555555555554
Slovenia,2022-12-01,2,2023-02-01,1020.0,951.8718840521884,166.92544138138277,737.9483233206539,1165.7954447837228,0.8,174.30555555555554
Slovenia,2022-12-01,3,2023-03-01,1150.0,1041.635496499807,169.7331117970128,824.1137613515886,1259.1572316480256,0.8,174.30555555555554
Slovenia,2022-12-01,4,2023-04-01,1130.0,1075.1133952071002,171.7766312758032,854.972784471617,1295.2540059425833,0.8,174.30555555555554
Slovenia,2022-12-01,5,2023-05-01,1250.0,985.9190625130807,173.66536021283915,763.3579482514497,1208.4801767747117,0.8,174.30555555555554
Slovenia,2022-12-01,6,2023-06-01,1350.0,1029.1574418601003,175.50814781725967,804.2347002590581,1254.0801834611425,0.8,174.30555555555554
Slovenia,2022-12-01,7,2023-07-01,1410.0,1050.2658826974116,177.32667900911096,823.0125996004606,1277.5191657943626,0.8,174.30555555555554
Slovenia,2022-12-01,8,2023-08-01,1400.0,1010.0310685366129,179.12569681025832,780.4722513601589,1239.589885713067,0.8,174.30555555555554
Slovenia,2022-12-01,9,2023-09-01,1190.0,1072.3520071566472,180.90645841320583,840.5110521600742,1304.1929621532204,0.8,174.30555555555554
Slovenia,2022-12-01,10,2023-10-01,850.0,1030.2579773833827,182.6689962259818,796.158239293515,1264.3577154732504,0.8,174.30555555555554
Slovenia,2022-12-01,11,2023-11-01,1060.0,933.409239827184,184.41004005944131,697.0782642868645,1169.7402153675034,0.8,174.30555555555554
Slovenia,2022-12-01,12,2023-12-01,1320.0,1018.0734534991497,186.09745450057272,779.5799693400756,1256.5669376582237,0.8,174.30555555555554
Slovenia,2024-12-01,1,2025-01-01,1240.0,1241.3236596378686,160.50587878775312,1035.6270993983117,1447.0202198774255,0.8,181.25
Slovenia,2024-12-01,2,2025-02-01,1140.0,1215.950343523281,170.0624376174037,998.0065603543662,1433.8941266921956,0.8,181.25
Slovenia,2024-12-01,3,2025-03-01,1410.0,1272.6321815165152,171.2989026981883,1053.1038045875798,1492.1605584454505,0.8,181.25
Slovenia,2024-12-01,4,2025-04-01,1250.0,1175.579599675635,171.49576754118723,955.7989302989538,1395.3602690523164,0.8,181.25
Slovenia,2024-12-01,5,2025-05-01,1240.0,1196.495870768388,171.5369607943638,976.6624101136083,1416.3293314231676,0.8,181.25
Slovenia,2024-12-01,6,2025-06-01,1140.0,1256.1645722296294,171.54811387651097,1036.3168183249634,1476.0123261342953,0.8,181.25
Slovenia,2024-12-01,7,2025-07-01,1090.0,1224.2540184076079,171.5517672004889,1004.4015825798785,1444.1064542353372,0.8,181.25
Slovenia,2024-12-01,8,2025-08-01,950.0,1160.0051228679915,171.5533699601929,940.1506330210543,1379.8596127149287,0.8,181.25
Slovenia,2024-12-01,9,2025-09-01,980.0,1261.1597733909464,171.55487522326592,1041.3033544717614,1481.0161923101314,0.8,181.25
Slovenia,2024-12-01,10,2025-10-01,790.0,1354.0485921679362,171.55791395745925,1134.1882789541885,1573.908905381684,0.8,181.25
Slovenia,2024-12-01,11,2025-11-01,1310.0,1205.3159667325,171.56523491182898,985.4462713382186,1425.1856621267816,0.8,181.25
Slovenia,2024-12-01,12,2025-12-01,1250.0,1189.7941922446764,171.57804202703932,969.9080838718469,1409.680300617506,0.8,181.25
Spain,2022-12-01,1,2023-01-01,22090.0,22143.81250445537,1154.7231760009904,20663.97521048067,23623.649798430073,0.8,1270.357142857143
Spain,2022-12-01,2,2023-02-01,20210.0,20682.01296931659,1405.5135599412204,18880.774866179756,22483.251072453426,0.8,1270.357142857143
Spain,2022-12-01,3,2023-03-01,22430.0,21386.413486764202,1516.75875320344,19442.60893204286,23330.218041485547,0.8,1270.357142857143
Spain,2022-12-01,4,2023-04-01,19930.0,20238.865542019244,1573.5160260148775,18222.32361547036,22255.40746856813,0.8,1270.357142857143
Spain,2022-12-01,5,2023-05-01,20150.0,20424.34981768347,1605.6545632601412,18366.620698413604,22482.078936953334,0.8,1270.357142857143
Spain,2022-12-01,6,2023-06-01,19880.0,20765.251201434097,1625.7284932224225,18681.796305794436,22848.70609707376,0.8,1270.357142857143
Spain,2022-12-01,7,2023-07-01,22310.0,22400.7450363986,1639.5160153090292,20299.620720243867,24501.86935255333,0.8,1270.357142857143
Spain,2022-12-01,8,2023-08-01,22160.0,21784.060424406875,1649.8589405947955,19669.68111615986,23898.43973265389,0.8,1270.357142857143
Spain,2022-12-01,9,2023-09-01,19390.0,21052.894644337888,1658.2392250165144,18927.77556947051,23178.013719205268,0.8,1270.357142857143
Spain,2022-12-01,10,2023-10-01,19340.0,20860.671686786027,1665.4721543683274,18726.283239984357,22995.060133587696,0.8,1270.357142857143
Spain,2022-12-01,11,2023-11-01,19950.0,21166.20771280531,1672.0238982138158,19023.42286842141,23308.99255718921,0.8,1270.357142857143
Spain,2022-12-01,12,2023-12-01,20790.0,21570.13429964148,1678.153374451561,19419.494215389128,23720.77438389383,0.8,1270.357142857143
Spain,2023-12-01,1,2024-01-01,21540.0,21842.481751690386,1085.810384450586,20450.95975361315,23234.00374976762,0.8,1276.0416666666667
Spain,2023-12-01,2,2024-02-01,20530.0,20219.017746440346,1301.9454335579305,18550.507537810536,21887.527955070156,0.8,1276.0416666666667
Spain,2023-12-01,3,2024-03-01,20900.0,21029.93926103172,1386.4713161550278,19253.10477523056,22806.773746832878,0.8,1276.0416666666667
Spain,2023-12-01,4,2024-04-01,19820.0,19655.566252389304,1422.3773283701883,17832.716360421342,21478.416144357267,0.8,1276.0416666666667
Spain,2023-12-01,5,2024-05-01,20510.0,19800.265224477087,1438.20190378864,17957.13532310753,21643.395125846644,0.8,1276.0416666666667
Spain,2023-12-01,6,2024-06-01,20470.0,20016.968751114582,1445.3557871957532,18164.670779264918,21869.266722964247,0.8,1276.0416666666667
Spain,2023-12-01,7,2024-07-01,23210.0,21704.925665129515,1448.6644242257878,19848.38750431419,23561.46382594484,0.8,1276.0416666666667
Spain,2023-12-01,8,2024-08-01,22030.0,21158.809876870746,1450.2223957542933,19300.27509520399,23017.344658537502,0.8,1276.0416666666667
Spain,2023-12-01,9,2024-09-01,20270.0,20143.079437501983,1450.9498850182397,18283.6123408301,22002.546534173867,0.8,1276.0416666666667
Spain,2023-12-01,10,2024-10-01,20000.0,19970.771615336907,1451.2463912006604,18110.92453070275,21830.618699971066,0.8,1276.0416666666667
Spain,2023-12-01,11,2024-11-01,18860.0,20304.82620842529,1451.2648065016201,18444.955523633358,22164.69689321722,0.8,1276.0416666666667
Spain,2023-12-01,12,2024-12-01,20990.0,20752.611383176678,1451.013460689067,18893.062811004314,22612.15995534904,0.8,1276.0416666666667
Spain,2024-12-01,1,2025-01-01,22840.0,22053.251526185402,1043.6014188274848,20715.822494082473,23390.68055828833,0.8,1202.037037037037
Spain,2024-12-01,2,2025-02-01,20170.0,20622.524808663697,1244.1704390119287,19028.056234743646,22216.993382583747,0.8,1202.037037037037
Spain,2024-12-01,3,2025-03-01,22500.0,21359.59767135574,1322.5252339271526,19664.713387344156,23054.481955367322,0.8,1202.037037037037
Spain,2024-12-01,4,2025-04-01,19410.0,20093.322349964124,1357.2864767194285,18353.889740831826,21832.754959096423,0.8,1202.037037037037
Spain,2024-12-01,5,2025-05-01,19940.0,20318.36638907257,1374.2929396425827,18557.139120756725,22079.593657388414,0.8,1202.037037037037
Spain,2024-12-01,6,2025-06-01,22450.0,20502.851823663794,1383.5018012483943,18729.82292434014,22275.880722987447,0.8,1202.037037037037
Spain,2024-12-01,7,2025-07-01,23990.0,22278.74982428258,1389.0643972973858,20498.592171283846,24058.90747728131,0.8,1202.037037037037
Spain,2024-12-01,8,2025-08-01,22240.0,21661.717088266276,1392.8211887969708,19876.744913239825,23446.689263292727,0.8,1202.037037037037
Spain,2024-12-01,9,2025-09-01,20300.0,20591.925418139304,1395.6394745882874,18803.341464544843,22380.509371733766,0.8,1202.037037037037
Spain,2024-12-01,10,2025-10-01,20240.0,20422.810506648148,1397.9543092970505,18631.25997300869,22214.361040287604,0.8,1202.037037037037
Spain,2024-12-01,11,2025-11-01,20870.0,20537.132230685733,1399.9944140882499,18742.967197557242,22331.297263814224,0.8,1202.037037037037
Spain,2024-12-01,12,2025-12-01,21080.0,21195.321044435892,1401.8715514225873,19398.750363017836,22991.891725853948,0.8,1202.037037037037
Sweden,2023-12-01,1,2024-01-01,16880.0,16198.834376030967,727.0591003524197,15267.070647730874,17130.59810433106,0.8,825.2083333333334
Sweden,2023-12-01,2,2024-02-01,15340.0,15276.461684432154,1029.063267015586,13957.664043543888,16595.259325320418,0.8,825.2083333333334
Sweden,2023-12-01,3,2024-03-01,15170.0,15749.025038988648,1259.9806870245843,14134.294816976331,17363.755261000966,0.8,825.2083333333334
Sweden,2023-12-01,4,2024-04-01,13120.0,14103.331485982342,1455.3016779454135,12238.287342271713,15968.375629692971,0.8,825.2083333333334
Sweden,2023-12-01,5,2024-05-01,12620.0,13149.701570564255,1626.8029105303358,11064.86975374159,15234.53338738692,0.8,825.2083333333334
Sweden,2023-12-01,6,2024-06-01,10940.0,12011.536018048497,1782.3677361422772,9727.339855419177,14295.732180677816,0.8,825.2083333333334
Sweden,2023-12-01,7,2024-07-01,11060.0,12247.095298063114,1924.9478095875884,9780.17541909449,14714.015177031737,0.8,825.2083333333334
Sweden,2023-12-01,8,2024-08-01,12390.0,12473.727868214595,2058.0977932419137,9836.169419241534,15111.286317187656,0.8,825.2083333333334
Sweden,2023-12-01,9,2024-09-01,11820.0,12307.101499603421,2182.741489864959,9509.805726087829,15104.397273119013,0.8,825.2083333333334
Sweden,2023-12-01,10,2024-10-01,13640.0,14114.436932205215,2301.021145697085,11165.559680585886,17063.314183824543,0.8,825.2083333333334
Sweden,2023-12-01,11,2024-11-01,14900.0,15034.984068503984,2413.1507900790702,11942.40689558296,18127.561241425006,0.8,825.2083333333334
Sweden,2023-12-01,12,2024-12-01,16040.0,15880.163887859093,2520.6408125772014,12649.832708325168,19110.495067393018,0.8,825.2083333333334
Sweden,2024-12-01,1,2025-01-01,16590.0,16596.89464519499,655.9538710637231,15756.255934808234,17437.533355581745,0.8,808.2407407407408
Sweden,2024-12-01,2,2025-02-01,15310.0,15417.638536043985,844.8781378278667,14334.883635816277,16500.393436271694,0.8,808.2407407407408
Sweden,2024-12-01,3,2025-03-01,15780.0,15589.305425612625,950.1128642954592,14371.686796930715,16806.924054294534,0.8,808.2407407407408
Sweden,2024-12-01,4,2025-04-01,13430.0,13832.600327494923,1014.9820991225843,12531.84842936463,15133.352225625216,0.8,808.2407407407408
Sweden,2024-12-01,5,2025-05-01,11970.0,13041.905943504818,1057.1294217387133,11687.140078092312,14396.671808917325,0.8,808.2407407407408
Sweden,2024-12-01,6,2025-06-01,10940.0,11742.151080851481,1085.5451158828475,10350.969038122523,13133.33312358044,0.8,808.2407407407408
Sweden,2024-12-01,7,2025-07-01,11690.0,11910.133835753817,1105.306711699026,10493.626288968975,13326.641382538659,0.8,808.2407407407408
Sweden,2024-12-01,8,2025-08-01,11440.0,12442.195639410233,1119.452698367865,11007.559281263768,13876.831997556697,0.8,808.2407407407408
Sweden,2024-12-01,9,2025-09-01,11180.0,12141.76015036555,1129.8703009746207,10693.773097289175,13589.747203441924,0.8,808.2407407407408
Sweden,2024-12-01,10,2025-10-01,12640.0,13818.930457258512,1137.7636050440956,12360.827727994583,15277.03318652244,0.8,808.2407407407408
Sweden,2024-12-01,11,2025-11-01,14690.0,14793.451802002926,1143.917557093926,13327.462465855251,16259.441138150602,0.8,808.2407407407408
Sweden,2024-12-01,12,2025-12-01,16820.0,15649.550117804063,1148.8535858112198,14177.235006326166,17121.86522928196,0.8,808.2407407407408
