resource,model,metric,contrast,family,n_boundary_regions,gat_weighted,unweighted,mean_diff,cohen_d,raw_p,equal_weight_neighbour,random_control_calibrated,fdr_p,verdict
electricity,SARIMA,RMSE,gat_weighted vs unweighted,PRIMARY,51,734.5451,677.7157,56.8294,0.2656,0.1740982074547522,,,0.232130943273003,no significant difference
electricity,SARIMA,MAE,gat_weighted vs unweighted,PRIMARY,51,633.6468,579.1069,54.5399,0.2554,0.1958249022919976,,,0.2610998697226635,no significant difference
electricity,SARIMA,MASE,gat_weighted vs unweighted,PRIMARY,51,2.2524,1.0231,1.2293,0.1687,0.4820495081438054,,,0.5258721907023332,no significant difference
electricity,SARIMA,BIAS,gat_weighted vs unweighted,PRIMARY,51,455.3682,384.582,70.7861,0.3122,0.0501063957409002,,,0.2469452569471201,no significant difference
electricity,xLSTM,RMSE,gat_weighted vs unweighted,PRIMARY,51,860.9637,810.3246,50.6392,0.239,0.388490021471327,,,0.4661880257655924,no significant difference
electricity,xLSTM,MAE,gat_weighted vs unweighted,PRIMARY,51,718.5075,668.9532,49.5543,0.2336,0.5423419454494496,,,0.5423419454494496,no significant difference
electricity,xLSTM,MASE,gat_weighted vs unweighted,PRIMARY,51,2.3486,1.1265,1.2221,0.1654,0.8439505534380651,,,0.8439505534380651,no significant difference
electricity,xLSTM,BIAS,gat_weighted vs unweighted,PRIMARY,51,472.4931,415.6463,56.8467,0.2439,0.2567150712366082,,,0.4030449241341173,no significant difference
electricity,TimesFM,RMSE,gat_weighted vs unweighted,PRIMARY,51,720.7652,664.3297,56.4355,0.2655,0.0933762743722089,,,0.1979962738004301,no significant difference
electricity,TimesFM,MAE,gat_weighted vs unweighted,PRIMARY,51,622.1545,565.6989,56.4556,0.2645,0.1436697475648359,,,0.2155046213472538,no significant difference
electricity,TimesFM,MASE,gat_weighted vs unweighted,PRIMARY,51,2.1682,0.9375,1.2307,0.1672,0.4646994977256343,,,0.5258721907023332,no significant difference
electricity,TimesFM,BIAS,gat_weighted vs unweighted,PRIMARY,51,489.1933,426.9265,62.2668,0.2795,0.1028938570613,,,0.2469452569471201,no significant difference
electricity,Nexus,RMSE,gat_weighted vs unweighted,PRIMARY,51,689.482,631.526,57.956,0.2713,0.0582993394164122,,,0.1979962738004301,no significant difference
electricity,Nexus,MAE,gat_weighted vs unweighted,PRIMARY,51,590.4519,533.6905,56.7614,0.2653,0.0734005272659743,,,0.1258294753130988,no significant difference
electricity,Nexus,MASE,gat_weighted vs unweighted,PRIMARY,51,2.1131,0.8744,1.2387,0.168,0.3113781819395105,,,0.4151709092526806,no significant difference
electricity,Nexus,BIAS,gat_weighted vs unweighted,PRIMARY,51,459.6739,393.0014,66.6725,0.2966,0.051214139351291,,,0.2469452569471201,no significant difference
carbon,SARIMA,RMSE,gat_weighted vs unweighted,PRIMARY,51,37.0043,36.8519,0.1525,0.0777,0.4704439222187588,,,0.4704439222187588,no significant difference
carbon,SARIMA,MAE,gat_weighted vs unweighted,PRIMARY,51,30.3489,30.1685,0.1804,0.0871,0.3343109133157289,,,0.3647028145262497,no significant difference
carbon,SARIMA,MASE,gat_weighted vs unweighted,PRIMARY,51,0.9501,0.9394,0.0108,0.1314,0.2125181221355464,,,0.3643167808037938,no significant difference
carbon,SARIMA,BIAS,gat_weighted vs unweighted,PRIMARY,51,19.2732,18.976,0.2973,0.1246,0.9402244705136732,,,0.9402244705136732,no significant difference
carbon,xLSTM,RMSE,gat_weighted vs unweighted,PRIMARY,51,40.7637,40.7379,0.0258,0.0275,0.4704439222187588,,,0.4704439222187588,no significant difference
carbon,xLSTM,MAE,gat_weighted vs unweighted,PRIMARY,51,33.6557,33.7044,-0.0487,-0.0547,0.3158797004925487,,,0.3647028145262497,no significant difference
carbon,xLSTM,MASE,gat_weighted vs unweighted,PRIMARY,51,1.0033,1.0009,0.0024,0.0448,0.2937970663611158,,,0.4151709092526806,no significant difference
carbon,xLSTM,BIAS,gat_weighted vs unweighted,PRIMARY,51,15.7327,15.7156,0.017,0.0066,0.2686966160894115,,,0.4030449241341173,no significant difference
carbon,TimesFM,RMSE,gat_weighted vs unweighted,PRIMARY,51,34.5444,34.9245,-0.3801,-0.2232,0.098998136900215,,,0.1979962738004301,no significant difference
carbon,TimesFM,MAE,gat_weighted vs unweighted,PRIMARY,51,28.3754,28.7787,-0.4033,-0.2837,0.0534911932681023,,,0.1069823865362046,no significant difference
carbon,TimesFM,MASE,gat_weighted vs unweighted,PRIMARY,51,0.8159,0.8302,-0.0143,-0.275,0.0534911932681023,,,0.1069823865362046,no significant difference
carbon,TimesFM,BIAS,gat_weighted vs unweighted,PRIMARY,51,16.3246,16.852,-0.5275,-0.2096,0.0719071302946628,,,0.2469452569471201,no significant difference
carbon,Nexus,RMSE,gat_weighted vs unweighted,PRIMARY,51,32.4738,32.6318,-0.1581,-0.1753,0.1336779558569811,,,0.2143592834472656,no significant difference
carbon,Nexus,MAE,gat_weighted vs unweighted,PRIMARY,51,26.8116,27.0288,-0.2172,-0.2468,0.0448645802558568,,,0.1069823865362046,no significant difference
carbon,Nexus,MASE,gat_weighted vs unweighted,PRIMARY,51,0.7981,0.8002,-0.002,-0.0389,0.0469030099173163,,,0.1069823865362046,no significant difference
carbon,Nexus,BIAS,gat_weighted vs unweighted,PRIMARY,51,14.1496,14.5571,-0.4075,-0.2095,0.0880134847133604,,,0.2469452569471201,no significant difference
water,SARIMA,RMSE,gat_weighted vs unweighted,PRIMARY,20,36.0648,36.339,-0.2742,-0.4075,0.0399894714355468,,,0.1979962738004301,no significant difference
water,SARIMA,MAE,gat_weighted vs unweighted,PRIMARY,20,29.6813,29.939,-0.2577,-0.3111,0.0440540313720703,,,0.1069823865362046,no significant difference
water,SARIMA,MASE,gat_weighted vs unweighted,PRIMARY,20,0.6299,0.6358,-0.0059,-0.3045,0.0440540313720703,,,0.1069823865362046,no significant difference
water,SARIMA,BIAS,gat_weighted vs unweighted,PRIMARY,20,22.7821,22.686,0.0961,0.0598,0.7285060882568359,,,0.7947339144620028,no significant difference
water,xLSTM,RMSE,gat_weighted vs unweighted,PRIMARY,20,53.8938,54.1316,-0.2378,-0.3852,0.069580078125,,,0.1979962738004301,no significant difference
water,xLSTM,MAE,gat_weighted vs unweighted,PRIMARY,20,44.0624,44.3061,-0.2437,-0.4308,0.0295753479003906,,,0.1069823865362046,no significant difference
water,xLSTM,MASE,gat_weighted vs unweighted,PRIMARY,20,0.92,0.9242,-0.0043,-0.3758,0.0440540313720703,,,0.1069823865362046,no significant difference
water,xLSTM,BIAS,gat_weighted vs unweighted,PRIMARY,20,31.178,31.3322,-0.1542,-0.153,0.4304332733154297,,,0.5739110310872395,no significant difference
water,TimesFM,RMSE,gat_weighted vs unweighted,PRIMARY,20,45.6968,45.8078,-0.1111,-0.2697,0.1429061889648437,,,0.2143592834472656,no significant difference
water,TimesFM,MAE,gat_weighted vs unweighted,PRIMARY,20,36.4023,36.5602,-0.1579,-0.3988,0.021484375,,,0.1069823865362046,no significant difference
water,TimesFM,MASE,gat_weighted vs unweighted,PRIMARY,20,0.7355,0.7384,-0.0029,-0.3232,0.0295753479003906,,,0.1069823865362046,no significant difference
water,TimesFM,BIAS,gat_weighted vs unweighted,PRIMARY,20,20.9449,20.8609,0.0839,0.0684,0.6215133666992188,,,0.7458160400390624,no significant difference
water,Nexus,RMSE,gat_weighted vs unweighted,PRIMARY,20,42.0524,42.2535,-0.2011,-0.4393,0.069580078125,,,0.1979962738004301,no significant difference
water,Nexus,MAE,gat_weighted vs unweighted,PRIMARY,20,33.7311,33.9903,-0.2591,-0.6709,0.0019855499267578,,,0.0238265991210937,significant: first better
water,Nexus,MASE,gat_weighted vs unweighted,PRIMARY,20,0.6847,0.6895,-0.0048,-0.6944,0.004220962524414,,,0.0506515502929687,no significant difference
water,Nexus,BIAS,gat_weighted vs unweighted,PRIMARY,20,20.9045,20.8895,0.0149,0.0097,0.2305126190185547,,,0.4030449241341173,no significant difference
