zone_id,timestamp,actual,mean,mase_scale,lo,hi,sigma,h
AUT,2025-01-01,165.26,150.35214233398438,32.4912962962963,,,,1
AUT,2025-02-01,163.81,132.08901977539062,32.4912962962963,,,,2
AUT,2025-03-01,119.77,110.12901306152344,32.4912962962963,,,,3
AUT,2025-04-01,78.4,86.65278625488281,32.4912962962963,,,,4
AUT,2025-05-01,46.02,62.07047653198242,32.4912962962963,,,,5
AUT,2025-06-01,43.85,52.00028991699219,32.4912962962963,,,,6
AUT,2025-07-01,42.55,53.23624801635742,32.4912962962963,,,,7
AUT,2025-08-01,41.74,54.36301040649414,32.4912962962963,,,,8
AUT,2025-09-01,55.67,66.57339477539062,32.4912962962963,,,,9
AUT,2025-10-01,100.37,92.196533203125,32.4912962962963,,,,10
AUT,2025-11-01,114.99,112.74958038330078,32.4912962962963,,,,11
AUT,2025-12-01,156.78,125.44278717041016,32.4912962962963,,,,12
BEL,2025-01-01,178.46,162.2064666748047,40.944629629629624,,,,1
BEL,2025-02-01,193.04,160.66021728515625,40.944629629629624,,,,2
BEL,2025-03-01,185.12,159.1907501220703,40.944629629629624,,,,3
BEL,2025-04-01,186.22,159.0758819580078,40.944629629629624,,,,4
BEL,2025-05-01,147.06,159.8957061767578,40.944629629629624,,,,5
BEL,2025-06-01,148.35,160.2832794189453,40.944629629629624,,,,6
BEL,2025-07-01,183.43,159.55490112304688,40.944629629629624,,,,7
BEL,2025-08-01,156.44,159.4605712890625,40.944629629629624,,,,8
BEL,2025-09-01,144.51,159.16964721679688,40.944629629629624,,,,9
BEL,2025-10-01,208.57,160.1453399658203,40.944629629629624,,,,10
BEL,2025-11-01,198.23,159.6708526611328,40.944629629629624,,,,11
BEL,2025-12-01,220.76,159.78172302246094,40.944629629629624,,,,12
BGR,2025-01-01,460.53,377.1826477050781,72.36092592592593,,,,1
BGR,2025-02-01,473.55,332.4096984863281,72.36092592592593,,,,2
BGR,2025-03-01,291.54,282.6600646972656,72.36092592592593,,,,3
BGR,2025-04-01,243.42,263.5662841796875,72.36092592592593,,,,4
BGR,2025-05-01,244.73,290.247314453125,72.36092592592593,,,,5
BGR,2025-06-01,219.86,203.6386108398437,72.36092592592593,,,,6
BGR,2025-07-01,243.33,264.5367126464844,72.36092592592593,,,,7
BGR,2025-08-01,216.5,270.0724182128906,72.36092592592593,,,,8
BGR,2025-09-01,208.79,309.7289428710937,72.36092592592593,,,,9
BGR,2025-10-01,314.88,380.5013732910156,72.36092592592593,,,,10
BGR,2025-11-01,432.0,371.0354919433594,72.36092592592593,,,,11
BGR,2025-12-01,387.39,355.9489440917969,72.36092592592593,,,,12
BIH,2025-01-01,682.54,636.8582153320312,98.8486666666667,,,,1
BIH,2025-02-01,686.87,595.0025634765625,98.8486666666667,,,,2
BIH,2025-03-01,591.3,581.9375610351562,98.8486666666667,,,,3
BIH,2025-04-01,586.96,582.2615966796875,98.8486666666667,,,,4
BIH,2025-05-01,600.0,592.983642578125,98.8486666666667,,,,5
BIH,2025-06-01,636.36,644.7401123046875,98.8486666666667,,,,6
BIH,2025-07-01,632.91,707.9965209960938,98.8486666666667,,,,7
BIH,2025-08-01,712.64,741.9881591796875,98.8486666666667,,,,8
BIH,2025-09-01,734.18,748.1105346679688,98.8486666666667,,,,9
BIH,2025-10-01,730.34,717.0882568359375,98.8486666666667,,,,10
BIH,2025-11-01,629.63,658.9471435546875,98.8486666666667,,,,11
BIH,2025-12-01,584.75,618.8948364257812,98.8486666666667,,,,12
CHE,2025-01-01,56.67,55.09794616699219,5.443809523809524,,,,1
CHE,2025-02-01,57.47,56.48397064208984,5.443809523809524,,,,2
CHE,2025-03-01,60.0,53.86263275146485,5.443809523809524,,,,3
CHE,2025-04-01,58.18,52.43348693847656,5.443809523809524,,,,4
CHE,2025-05-01,56.57,51.75414276123047,5.443809523809524,,,,5
CHE,2025-06-01,52.63,50.20700073242188,5.443809523809524,,,,6
CHE,2025-07-01,57.99,48.22247314453125,5.443809523809524,,,,7
CHE,2025-08-01,56.39,48.19898986816406,5.443809523809524,,,,8
CHE,2025-09-01,54.2,49.638275146484375,5.443809523809524,,,,9
CHE,2025-10-01,60.08,53.10576629638672,5.443809523809524,,,,10
CHE,2025-11-01,62.5,54.86066436767578,5.443809523809524,,,,11
CHE,2025-12-01,66.1,55.36165618896485,5.443809523809524,,,,12
CYP,2025-01-01,563.64,577.9130249023438,19.23547619047619,,,,1
CYP,2025-02-01,563.64,563.060302734375,19.23547619047619,,,,2
CYP,2025-03-01,510.64,529.593017578125,19.23547619047619,,,,3
CYP,2025-04-01,500.0,506.24407958984375,19.23547619047619,,,,4
CYP,2025-05-01,460.0,513.0020751953125,19.23547619047619,,,,5
CYP,2025-06-01,475.41,542.289306640625,19.23547619047619,,,,6
CYP,2025-07-01,506.67,560.7001342773438,19.23547619047619,,,,7
CYP,2025-08-01,527.03,562.3751831054688,19.23547619047619,,,,8
CYP,2025-09-01,515.63,552.7075805664062,19.23547619047619,,,,9
CYP,2025-10-01,538.46,545.314208984375,19.23547619047619,,,,10
CYP,2025-11-01,530.61,548.6866455078125,19.23547619047619,,,,11
CYP,2025-12-01,555.56,564.3187866210938,19.23547619047619,,,,12
CZE,2025-01-01,522.92,462.5724182128906,38.13833333333335,,,,1
CZE,2025-02-01,519.58,451.5670776367188,38.13833333333335,,,,2
CZE,2025-03-01,458.58,440.17816162109375,38.13833333333335,,,,3
CZE,2025-04-01,390.63,407.4668273925781,38.13833333333335,,,,4
CZE,2025-05-01,299.07,369.2057189941406,38.13833333333335,,,,5
CZE,2025-06-01,248.87,371.69189453125,38.13833333333335,,,,6
CZE,2025-07-01,379.58,392.1260986328125,38.13833333333335,,,,7
CZE,2025-08-01,290.32,407.8363342285156,38.13833333333335,,,,8
CZE,2025-09-01,332.02,426.2811584472656,38.13833333333335,,,,9
CZE,2025-10-01,418.53,449.4674072265625,38.13833333333335,,,,10
CZE,2025-11-01,455.11,467.033935546875,38.13833333333335,,,,11
CZE,2025-12-01,453.4,472.9543151855469,38.13833333333335,,,,12
DEU,2025-01-01,380.32,383.2698974609375,48.53851851851852,,,,1
DEU,2025-02-01,439.78,374.2007141113281,48.53851851851852,,,,2
DEU,2025-03-01,405.47,364.9290161132813,48.53851851851852,,,,3
DEU,2025-04-01,349.1,357.411376953125,48.53851851851852,,,,4
DEU,2025-05-01,262.95,354.0258483886719,48.53851851851852,,,,5
DEU,2025-06-01,242.85,358.7107849121094,48.53851851851852,,,,6
DEU,2025-07-01,332.88,359.482666015625,48.53851851851852,,,,7
DEU,2025-08-01,295.18,369.3455810546875,48.53851851851852,,,,8
DEU,2025-09-01,295.35,377.8097229003906,48.53851851851852,,,,9
DEU,2025-10-01,315.22,381.6275329589844,48.53851851851852,,,,10
DEU,2025-11-01,395.69,385.8119812011719,48.53851851851852,,,,11
DEU,2025-12-01,356.53,384.9859619140625,48.53851851851852,,,,12
DNK,2025-01-01,189.35,180.21292114257807,68.38342592592593,,,,1
DNK,2025-02-01,242.96,174.09539794921875,68.38342592592593,,,,2
DNK,2025-03-01,178.34,176.14976501464844,68.38342592592593,,,,3
DNK,2025-04-01,196.26,168.39346313476562,68.38342592592593,,,,4
DNK,2025-05-01,116.94,157.9039306640625,68.38342592592593,,,,5
DNK,2025-06-01,93.5,155.1731719970703,68.38342592592593,,,,6
DNK,2025-07-01,128.57,156.76531982421875,68.38342592592593,,,,7
DNK,2025-08-01,122.17,159.18588256835938,68.38342592592593,,,,8
DNK,2025-09-01,108.95,153.56375122070312,68.38342592592593,,,,9
DNK,2025-10-01,133.33,154.49688720703125,68.38342592592593,,,,10
DNK,2025-11-01,189.71,163.8198699951172,68.38342592592593,,,,11
DNK,2025-12-01,183.49,165.7742156982422,68.38342592592593,,,,12
ESP,2025-01-01,126.53,157.2395782470703,52.780092592592595,,,,1
ESP,2025-02-01,137.33,148.6822052001953,52.780092592592595,,,,2
ESP,2025-03-01,101.78,140.7919158935547,52.780092592592595,,,,3
ESP,2025-04-01,116.95,141.1634063720703,52.780092592592595,,,,4
ESP,2025-05-01,130.39,144.48548889160156,52.780092592592595,,,,5
ESP,2025-06-01,156.79,153.85879516601562,52.780092592592595,,,,6
ESP,2025-07-01,132.97,159.62164306640625,52.780092592592595,,,,7
ESP,2025-08-01,138.94,162.06068420410156,52.780092592592595,,,,8
ESP,2025-09-01,138.42,161.35150146484375,52.780092592592595,,,,9
ESP,2025-10-01,176.38,161.92860412597656,52.780092592592595,,,,10
ESP,2025-11-01,142.31,158.96011352539062,52.780092592592595,,,,11
ESP,2025-12-01,162.71,152.1577606201172,52.780092592592595,,,,12
EST,2025-01-01,347.83,353.942138671875,56.75861111111111,,,,1
EST,2025-02-01,489.36,354.16534423828125,56.75861111111111,,,,2
EST,2025-03-01,313.73,350.91796875,56.75861111111111,,,,3
EST,2025-04-01,340.0,350.4916076660156,56.75861111111111,,,,4
EST,2025-05-01,272.73,353.46368408203125,56.75861111111111,,,,5
EST,2025-06-01,263.16,356.8278503417969,56.75861111111111,,,,6
EST,2025-07-01,166.67,357.8343811035156,56.75861111111111,,,,7
EST,2025-08-01,160.0,360.7980041503906,56.75861111111111,,,,8
EST,2025-09-01,225.81,369.8189086914063,56.75861111111111,,,,9
EST,2025-10-01,411.77,382.2346496582031,56.75861111111111,,,,10
EST,2025-11-01,432.43,394.1728820800781,56.75861111111111,,,,11
EST,2025-12-01,342.11,402.4866333007813,56.75861111111111,,,,12
FIN,2025-01-01,99.28,100.81716918945312,33.03595238095239,,,,1
FIN,2025-02-01,99.34,103.3611297607422,33.03595238095239,,,,2
FIN,2025-03-01,103.79,95.5458526611328,33.03595238095239,,,,3
FIN,2025-04-01,86.88,76.67636108398438,33.03595238095239,,,,4
FIN,2025-05-01,64.41,52.8892822265625,33.03595238095239,,,,5
FIN,2025-06-01,52.54,37.92105865478516,33.03595238095239,,,,6
FIN,2025-07-01,49.3,31.847347259521484,33.03595238095239,,,,7
FIN,2025-08-01,50.09,37.76520538330078,33.03595238095239,,,,8
FIN,2025-09-01,52.82,50.44615936279297,33.03595238095239,,,,9
FIN,2025-10-01,60.27,64.43810272216797,33.03595238095239,,,,10
FIN,2025-11-01,75.4,76.79066467285156,33.03595238095239,,,,11
FIN,2025-12-01,69.31,87.10684967041016,33.03595238095239,,,,12
FRA,2025-01-01,45.22,42.657814025878906,16.29888888888889,,,,1
FRA,2025-02-01,49.54,37.85053253173828,16.29888888888889,,,,2
FRA,2025-03-01,36.3,36.85702133178711,16.29888888888889,,,,3
FRA,2025-04-01,24.67,27.500629425048828,16.29888888888889,,,,4
FRA,2025-05-01,22.41,23.63735580444336,16.29888888888889,,,,5
FRA,2025-06-01,26.14,22.71745681762696,16.29888888888889,,,,6
FRA,2025-07-01,27.64,27.494461059570312,16.29888888888889,,,,7
FRA,2025-08-01,27.52,24.06531524658203,16.29888888888889,,,,8
FRA,2025-09-01,21.81,28.316307067871094,16.29888888888889,,,,9
FRA,2025-10-01,28.25,33.364112854003906,16.29888888888889,,,,10
FRA,2025-11-01,39.66,43.086212158203125,16.29888888888889,,,,11
FRA,2025-12-01,39.57,39.39802932739258,16.29888888888889,,,,12
GBR,2025-01-01,260.34,212.54042053222656,40.67314814814816,,,,1
GBR,2025-02-01,226.59,210.88270568847656,40.67314814814816,,,,2
GBR,2025-03-01,225.67,211.50067138671875,40.67314814814816,,,,3
GBR,2025-04-01,206.97,209.6937255859375,40.67314814814816,,,,4
GBR,2025-05-01,170.83,209.7629547119141,40.67314814814816,,,,5
GBR,2025-06-01,154.06,209.90451049804688,40.67314814814816,,,,6
GBR,2025-07-01,209.0,211.376220703125,40.67314814814816,,,,7
GBR,2025-08-01,196.53,212.8564910888672,40.67314814814816,,,,8
GBR,2025-09-01,179.46,215.41632080078125,40.67314814814816,,,,9
GBR,2025-10-01,211.84,215.6903686523437,40.67314814814816,,,,10
GBR,2025-11-01,201.13,216.4424743652344,40.67314814814816,,,,11
GBR,2025-12-01,191.73,214.399169921875,40.67314814814816,,,,12
GRC,2025-01-01,414.1,348.1752014160156,63.509074074074064,,,,1
GRC,2025-02-01,415.18,336.9808959960937,63.509074074074064,,,,2
GRC,2025-03-01,277.05,332.7652893066406,63.509074074074064,,,,3
GRC,2025-04-01,262.46,328.56915283203125,63.509074074074064,,,,4
GRC,2025-05-01,253.6,325.4884338378906,63.509074074074064,,,,5
GRC,2025-06-01,267.9,329.8613586425781,63.509074074074064,,,,6
GRC,2025-07-01,306.54,331.5738830566406,63.509074074074064,,,,7
GRC,2025-08-01,252.99,328.5971374511719,63.509074074074064,,,,8
GRC,2025-09-01,274.23,328.3672790527344,63.509074074074064,,,,9
GRC,2025-10-01,347.71,328.0567321777344,63.509074074074064,,,,10
GRC,2025-11-01,322.25,325.5084533691406,63.509074074074064,,,,11
GRC,2025-12-01,405.23,328.56256103515625,63.509074074074064,,,,12
HRV,2025-01-01,138.46,184.250228881836,55.8327868852459,,,,1
HRV,2025-02-01,161.91,183.6703948974609,55.8327868852459,,,,2
HRV,2025-03-01,98.49,168.2171630859375,55.8327868852459,,,,3
HRV,2025-04-01,111.11,141.29730224609375,55.8327868852459,,,,4
HRV,2025-05-01,46.51,143.92135620117188,55.8327868852459,,,,5
HRV,2025-06-01,72.29,196.8057403564453,55.8327868852459,,,,6
HRV,2025-07-01,180.95,236.96697998046875,55.8327868852459,,,,7
HRV,2025-08-01,180.95,252.92657470703125,55.8327868852459,,,,8
HRV,2025-09-01,265.06,252.4261779785156,55.8327868852459,,,,9
HRV,2025-10-01,259.26,241.76304626464844,55.8327868852459,,,,10
HRV,2025-11-01,185.84,209.1510162353516,55.8327868852459,,,,11
HRV,2025-12-01,248.0,180.5704498291016,55.8327868852459,,,,12
HUN,2025-01-01,233.23,226.85617065429688,26.62092592592593,,,,1
HUN,2025-02-01,240.26,220.82086181640625,26.62092592592593,,,,2
HUN,2025-03-01,176.1,205.4335174560547,26.62092592592593,,,,3
HUN,2025-04-01,135.95,177.49586486816406,26.62092592592593,,,,4
HUN,2025-05-01,123.46,170.78121948242188,26.62092592592593,,,,5
HUN,2025-06-01,133.33,164.8264617919922,26.62092592592593,,,,6
HUN,2025-07-01,148.69,165.1195526123047,26.62092592592593,,,,7
HUN,2025-08-01,136.65,174.87094116210938,26.62092592592593,,,,8
HUN,2025-09-01,137.71,183.509994506836,26.62092592592593,,,,9
HUN,2025-10-01,185.29,196.53770446777344,26.62092592592593,,,,10
HUN,2025-11-01,245.73,220.50938415527344,26.62092592592593,,,,11
HUN,2025-12-01,259.65,221.526596069336,26.62092592592593,,,,12
IRL,2025-01-01,303.14,265.2157287597656,48.998511904761905,,,,1
IRL,2025-02-01,215.69,249.9691925048828,48.998511904761905,,,,2
IRL,2025-03-01,274.19,278.8511657714844,48.998511904761905,,,,3
IRL,2025-04-01,331.88,298.02301025390625,48.998511904761905,,,,4
IRL,2025-05-01,333.33,314.9858703613281,48.998511904761905,,,,5
IRL,2025-06-01,268.66,326.11236572265625,48.998511904761905,,,,6
IRL,2025-07-01,314.41,331.2176513671875,48.998511904761905,,,,7
IRL,2025-08-01,297.67,312.7823486328125,48.998511904761905,,,,8
IRL,2025-09-01,250.0,307.33306884765625,48.998511904761905,,,,9
IRL,2025-10-01,252.03,281.50390625,48.998511904761905,,,,10
IRL,2025-11-01,264.59,272.8473205566406,48.998511904761905,,,,11
IRL,2025-12-01,261.03,249.3770446777344,48.998511904761905,,,,12
ITA,2025-01-01,333.33,345.0538024902344,35.58385416666667,,,,1
ITA,2025-02-01,356.05,334.8638610839844,35.58385416666667,,,,2
ITA,2025-03-01,295.93,312.3890075683594,35.58385416666667,,,,3
ITA,2025-04-01,242.36,284.4130859375,35.58385416666667,,,,4
ITA,2025-05-01,202.42,269.7660522460937,35.58385416666667,,,,5
ITA,2025-06-01,242.56,281.1819152832031,35.58385416666667,,,,6
ITA,2025-07-01,268.96,301.4370422363281,35.58385416666667,,,,7
ITA,2025-08-01,263.74,316.92987060546875,35.58385416666667,,,,8
ITA,2025-09-01,291.81,337.5688171386719,35.58385416666667,,,,9
ITA,2025-10-01,299.17,347.5929870605469,35.58385416666667,,,,10
ITA,2025-11-01,345.15,353.4074401855469,35.58385416666667,,,,11
ITA,2025-12-01,374.01,364.5458068847656,35.58385416666667,,,,12
LTU,2025-01-01,209.88,171.38644409179688,56.58712962962962,,,,1
LTU,2025-02-01,274.19,167.85617065429688,56.58712962962962,,,,2
LTU,2025-03-01,185.19,165.36692810058594,56.58712962962962,,,,3
LTU,2025-04-01,176.47,165.1702423095703,56.58712962962962,,,,4
LTU,2025-05-01,197.53,164.68580627441406,56.58712962962962,,,,5
LTU,2025-06-01,77.92,164.27796936035156,56.58712962962962,,,,6
LTU,2025-07-01,147.54,159.66921997070312,56.58712962962962,,,,7
LTU,2025-08-01,150.0,159.18087768554688,56.58712962962962,,,,8
LTU,2025-09-01,161.29,157.8170928955078,56.58712962962962,,,,9
LTU,2025-10-01,162.16,157.4976806640625,56.58712962962962,,,,10
LTU,2025-11-01,181.82,156.127685546875,56.58712962962962,,,,11
LTU,2025-12-01,150.69,154.3239288330078,56.58712962962962,,,,12
LUX,2025-01-01,166.67,108.01162719726562,58.45986111111112,,,,1
LUX,2025-02-01,125.0,114.5240478515625,58.45986111111112,,,,2
LUX,2025-03-01,142.86,118.70448303222656,58.45986111111112,,,,3
LUX,2025-04-01,83.33,125.56497192382812,58.45986111111112,,,,4
LUX,2025-05-01,76.92,128.9771728515625,58.45986111111112,,,,5
LUX,2025-06-01,83.33,130.0142364501953,58.45986111111112,,,,6
LUX,2025-07-01,90.91,133.34359741210938,58.45986111111112,,,,7
LUX,2025-08-01,90.91,134.68325805664062,58.45986111111112,,,,8
LUX,2025-09-01,100.0,134.1802520751953,58.45986111111112,,,,9
LUX,2025-10-01,0.0,135.9328155517578,58.45986111111112,,,,10
LUX,2025-11-01,100.0,133.0218963623047,58.45986111111112,,,,11
LUX,2025-12-01,83.33,132.47525024414062,58.45986111111112,,,,12
LVA,2025-01-01,163.93,172.8751983642578,67.84648148148149,,,,1
LVA,2025-02-01,250.0,148.4023895263672,67.84648148148149,,,,2
LVA,2025-03-01,145.46,101.57577514648438,67.84648148148149,,,,3
LVA,2025-04-01,95.24,68.51582336425781,67.84648148148149,,,,4
LVA,2025-05-01,75.0,89.77700805664062,67.84648148148149,,,,5
LVA,2025-06-01,41.67,135.05010986328125,67.84648148148149,,,,6
LVA,2025-07-01,104.17,159.4053955078125,67.84648148148149,,,,7
LVA,2025-08-01,113.64,174.8312530517578,67.84648148148149,,,,8
LVA,2025-09-01,121.21,188.62887573242188,67.84648148148149,,,,9
LVA,2025-10-01,181.82,185.02273559570312,67.84648148148149,,,,10
LVA,2025-11-01,212.77,184.9747467041016,67.84648148148149,,,,11
LVA,2025-12-01,137.26,183.7288360595703,67.84648148148149,,,,12
MDA,2023-09-01,720.93,714.7374267578125,14.626562500000013,,,,1
MDA,2023-10-01,708.33,715.0188598632812,14.626562500000013,,,,2
MDA,2023-11-01,702.13,713.7885131835938,14.626562500000013,,,,3
MDA,2023-12-01,702.13,717.5718383789062,14.626562500000013,,,,4
MDA,2024-01-01,717.39,718.4429931640625,14.626562500000013,,,,5
MDA,2024-02-01,711.11,718.7596435546875,14.626562500000013,,,,6
MDA,2024-03-01,714.29,713.8051147460938,14.626562500000013,,,,7
MDA,2024-04-01,704.55,708.2844848632812,14.626562500000013,,,,8
MDA,2024-05-01,697.67,704.807373046875,14.626562500000013,,,,9
MDA,2024-06-01,720.93,705.0556640625,14.626562500000013,,,,10
MDA,2024-07-01,714.29,706.1512451171875,14.626562500000013,,,,11
MDA,2024-08-01,702.13,713.7725219726562,14.626562500000013,,,,12
MKD,2024-03-01,555.56,625.4310302734375,118.73324324324322,,,,1
MKD,2024-04-01,617.02,619.263671875,118.73324324324322,,,,2
MKD,2024-05-01,565.22,618.3781127929688,118.73324324324322,,,,3
MKD,2024-06-01,600.0,620.8990478515625,118.73324324324322,,,,4
MKD,2024-07-01,456.14,616.1553955078125,118.73324324324322,,,,5
MKD,2024-08-01,517.86,610.4553833007812,118.73324324324322,,,,6
MKD,2024-09-01,530.61,606.3892822265625,118.73324324324322,,,,7
MKD,2024-10-01,595.24,607.1050415039062,118.73324324324322,,,,8
MKD,2024-11-01,639.34,603.7186889648438,118.73324324324322,,,,9
MKD,2024-12-01,571.43,604.2886352539062,118.73324324324322,,,,10
MKD,2025-01-01,515.15,607.3764038085938,118.73324324324322,,,,11
MKD,2025-02-01,608.7,612.759765625,118.73324324324322,,,,12
MLT,2025-01-01,538.46,534.189453125,33.61149999999999,,,,1
MLT,2025-02-01,520.0,531.37353515625,33.61149999999999,,,,2
MLT,2025-03-01,480.0,529.4268188476562,33.61149999999999,,,,3
MLT,2025-04-01,480.0,528.2091064453125,33.61149999999999,,,,4
MLT,2025-05-01,481.48,528.7025146484375,33.61149999999999,,,,5
MLT,2025-06-01,466.67,529.8107299804688,33.61149999999999,,,,6
MLT,2025-07-01,500.0,531.9788818359375,33.61149999999999,,,,7
MLT,2025-08-01,500.0,533.8182373046875,33.61149999999999,,,,8
MLT,2025-09-01,500.0,535.1103515625,33.61149999999999,,,,9
MLT,2025-10-01,518.52,537.426513671875,33.61149999999999,,,,10
MLT,2025-11-01,538.46,539.687744140625,33.61149999999999,,,,11
MLT,2025-12-01,538.46,540.66650390625,33.61149999999999,,,,12
NLD,2025-01-01,351.2,289.1990051269531,45.02601851851852,,,,1
NLD,2025-02-01,341.26,275.3342590332031,45.02601851851852,,,,2
NLD,2025-03-01,306.33,264.5795288085937,45.02601851851852,,,,3
NLD,2025-04-01,249.53,252.49008178710932,45.02601851851852,,,,4
NLD,2025-05-01,156.28,246.13784790039065,45.02601851851852,,,,5
NLD,2025-06-01,159.59,245.9204864501953,45.02601851851852,,,,6
NLD,2025-07-01,225.5,246.06396484375,45.02601851851852,,,,7
NLD,2025-08-01,237.61,247.49151611328125,45.02601851851852,,,,8
NLD,2025-09-01,203.88,245.47743225097656,45.02601851851852,,,,9
NLD,2025-10-01,253.65,247.04556274414065,45.02601851851852,,,,10
NLD,2025-11-01,292.58,245.76242065429688,45.02601851851852,,,,11
NLD,2025-12-01,269.98,247.3001708984375,45.02601851851852,,,,12
NOR,2025-01-01,26.71,26.61461067199707,3.146111111111111,,,,1
NOR,2025-02-01,26.64,26.746978759765625,3.146111111111111,,,,2
NOR,2025-03-01,27.16,27.017004013061523,3.146111111111111,,,,3
NOR,2025-04-01,27.03,27.23760414123535,3.146111111111111,,,,4
NOR,2025-05-01,24.15,27.45436668395996,3.146111111111111,,,,5
NOR,2025-06-01,25.94,27.63155174255371,3.146111111111111,,,,6
NOR,2025-07-01,26.22,27.921857833862305,3.146111111111111,,,,7
NOR,2025-08-01,26.78,28.058971405029297,3.146111111111111,,,,8
NOR,2025-09-01,28.34,27.97657585144043,3.146111111111111,,,,9
NOR,2025-10-01,26.58,27.92021369934082,3.146111111111111,,,,10
NOR,2025-11-01,27.05,27.6328182220459,3.146111111111111,,,,11
NOR,2025-12-01,27.29,27.53715705871582,3.146111111111111,,,,12
POL,2025-01-01,681.1,694.0225219726562,37.36083333333334,,,,1
POL,2025-02-01,746.76,683.4338989257812,37.36083333333334,,,,2
POL,2025-03-01,648.38,677.9978637695312,37.36083333333334,,,,3
POL,2025-04-01,597.92,670.317626953125,37.36083333333334,,,,4
POL,2025-05-01,581.57,670.1349487304688,37.36083333333334,,,,5
POL,2025-06-01,535.89,678.052978515625,37.36083333333334,,,,6
POL,2025-07-01,623.19,683.7106323242188,37.36083333333334,,,,7
POL,2025-08-01,598.8,689.34326171875,37.36083333333334,,,,8
POL,2025-09-01,608.77,694.4451904296875,37.36083333333334,,,,9
POL,2025-10-01,617.56,690.4210205078125,37.36083333333334,,,,10
POL,2025-11-01,711.88,689.9606323242188,37.36083333333334,,,,11
POL,2025-12-01,707.98,689.152099609375,37.36083333333334,,,,12
PRT,2025-01-01,108.6,121.94154357910156,81.61703703703704,,,,1
PRT,2025-02-01,103.28,114.5539093017578,81.61703703703704,,,,2
PRT,2025-03-01,80.61,120.1490478515625,81.61703703703704,,,,3
PRT,2025-04-01,77.69,125.4545440673828,81.61703703703704,,,,4
PRT,2025-05-01,119.7,132.3761749267578,81.61703703703704,,,,5
PRT,2025-06-01,145.51,152.80442810058594,81.61703703703704,,,,6
PRT,2025-07-01,145.3,159.79881286621094,81.61703703703704,,,,7
PRT,2025-08-01,153.15,161.08033752441406,81.61703703703704,,,,8
PRT,2025-09-01,141.18,155.0035858154297,81.61703703703704,,,,9
PRT,2025-10-01,163.01,149.5988311767578,81.61703703703704,,,,10
PRT,2025-11-01,128.69,140.3837890625,81.61703703703704,,,,11
PRT,2025-12-01,108.7,124.97996520996094,81.61703703703704,,,,12
ROU,2025-01-01,316.16,278.25006103515625,40.26805555555555,,,,1
ROU,2025-02-01,328.5,267.9599609375,40.26805555555555,,,,2
ROU,2025-03-01,254.59,245.2294311523437,40.26805555555555,,,,3
ROU,2025-04-01,183.25,224.27325439453125,40.26805555555555,,,,4
ROU,2025-05-01,214.29,227.8438720703125,40.26805555555555,,,,5
ROU,2025-06-01,238.58,244.46099853515625,40.26805555555555,,,,6
ROU,2025-07-01,264.78,277.21051025390625,40.26805555555555,,,,7
ROU,2025-08-01,245.74,290.8619689941406,40.26805555555555,,,,8
ROU,2025-09-01,254.55,289.57928466796875,40.26805555555555,,,,9
ROU,2025-10-01,268.62,294.1209716796875,40.26805555555555,,,,10
ROU,2025-11-01,285.71,300.7162780761719,40.26805555555555,,,,11
ROU,2025-12-01,266.95,294.4679870605469,40.26805555555555,,,,12
SRB,2025-01-01,712.61,718.2891845703125,69.39571428571428,,,,1
SRB,2025-02-01,738.32,703.1524658203125,69.39571428571428,,,,2
SRB,2025-03-01,683.87,688.2764282226562,69.39571428571428,,,,3
SRB,2025-04-01,600.75,665.1150512695312,69.39571428571428,,,,4
SRB,2025-05-01,650.66,642.0503540039062,69.39571428571428,,,,5
SRB,2025-06-01,761.91,664.4863891601562,69.39571428571428,,,,6
SRB,2025-07-01,843.87,717.5177001953125,69.39571428571428,,,,7
SRB,2025-08-01,797.67,760.5618286132812,69.39571428571428,,,,8
SRB,2025-09-01,792.53,774.4459838867188,69.39571428571428,,,,9
SRB,2025-10-01,804.78,764.5531616210938,69.39571428571428,,,,10
SRB,2025-11-01,748.3,733.2131958007812,69.39571428571428,,,,11
SRB,2025-12-01,730.65,702.2352294921875,69.39571428571428,,,,12
SVK,2025-01-01,104.48,108.65373229980467,25.02342592592593,,,,1
SVK,2025-02-01,107.44,103.77655029296876,25.02342592592593,,,,2
SVK,2025-03-01,108.33,98.44329833984376,25.02342592592593,,,,3
SVK,2025-04-01,100.0,95.4103546142578,25.02342592592593,,,,4
SVK,2025-05-01,79.07,83.40267944335938,25.02342592592593,,,,5
SVK,2025-06-01,67.27,88.55029296875,25.02342592592593,,,,6
SVK,2025-07-01,85.71,83.61251831054688,25.02342592592593,,,,7
SVK,2025-08-01,81.34,81.08863830566406,25.02342592592593,,,,8
SVK,2025-09-01,90.09,89.71209716796875,25.02342592592593,,,,9
SVK,2025-10-01,89.49,95.85140991210938,25.02342592592593,,,,10
SVK,2025-11-01,104.48,96.17906188964844,25.02342592592593,,,,11
SVK,2025-12-01,105.84,99.63412475585938,25.02342592592593,,,,12
SVN,2025-01-01,258.07,284.1159973144531,74.96635416666668,,,,1
SVN,2025-02-01,307.02,289.2279663085937,74.96635416666668,,,,2
SVN,2025-03-01,262.41,263.8700866699219,74.96635416666668,,,,3
SVN,2025-04-01,168.0,252.32069396972656,74.96635416666668,,,,4
SVN,2025-05-01,40.32,197.0873870849609,74.96635416666668,,,,5
SVN,2025-06-01,43.86,213.99102783203125,74.96635416666668,,,,6
SVN,2025-07-01,45.87,240.1725616455078,74.96635416666668,,,,7
SVN,2025-08-01,42.11,247.8644561767578,74.96635416666668,,,,8
SVN,2025-09-01,40.82,243.1577911376953,74.96635416666668,,,,9
SVN,2025-10-01,392.41,283.2818603515625,74.96635416666668,,,,10
SVN,2025-11-01,229.01,255.952865600586,74.96635416666668,,,,11
SVN,2025-12-01,312.0,254.0627593994141,74.96635416666668,,,,12
SWE,2025-01-01,24.11,23.58457565307617,2.0722222222222224,,,,1
SWE,2025-02-01,26.13,25.478513717651367,2.0722222222222224,,,,2
SWE,2025-03-01,23.45,26.61690330505371,2.0722222222222224,,,,3
SWE,2025-04-01,25.32,26.64771270751953,2.0722222222222224,,,,4
SWE,2025-05-01,25.06,26.10311317443848,2.0722222222222224,,,,5
SWE,2025-06-01,21.94,24.327192306518555,2.0722222222222224,,,,6
SWE,2025-07-01,23.1,22.196754455566406,2.0722222222222224,,,,7
SWE,2025-08-01,21.85,20.802431106567383,2.0722222222222224,,,,8
SWE,2025-09-01,21.47,20.693084716796875,2.0722222222222224,,,,9
SWE,2025-10-01,23.73,21.59434127807617,2.0722222222222224,,,,10
SWE,2025-11-01,24.51,23.09992790222168,2.0722222222222224,,,,11
SWE,2025-12-01,23.78,24.505460739135746,2.0722222222222224,,,,12
TUR,2025-01-01,515.89,507.143310546875,38.00555555555557,,,,1
TUR,2025-02-01,504.08,490.70208740234375,38.00555555555557,,,,2
TUR,2025-03-01,446.11,448.5716857910156,38.00555555555557,,,,3
TUR,2025-04-01,386.81,398.28125,38.00555555555557,,,,4
TUR,2025-05-01,386.75,406.0442199707031,38.00555555555557,,,,5
TUR,2025-06-01,428.26,449.4623718261719,38.00555555555557,,,,6
TUR,2025-07-01,462.65,470.8585510253906,38.00555555555557,,,,7
TUR,2025-08-01,472.3,493.4234313964844,38.00555555555557,,,,8
TUR,2025-09-01,490.85,518.3783569335938,38.00555555555557,,,,9
TUR,2025-10-01,534.24,534.724853515625,38.00555555555557,,,,10
TUR,2025-11-01,530.21,539.9410400390625,38.00555555555557,,,,11
TUR,2025-12-01,532.04,527.4471435546875,38.00555555555557,,,,12
