resource,model,class,n_series,RMSE,MASE,WMAPE_pct
carbon,sarima_dcf,simple: hierarchical/bottom-up SARIMA,66,37.19154213517279,0.7985867870764461,7.86835157919633
carbon,chronos_2,complex: foundation model (Chronos-2),66,38.56288634617761,0.7901500011263904,8.094552377839166
carbon,sarima_dcf,simple: hierarchical/bottom-up SARIMA,94,40.324593165777856,0.8197269264457876,8.204567089067018
carbon,timesfm_2p5,complex: foundation model (TimesFM),66,40.573265618258176,0.8349093498502012,8.410309072955481
carbon,chronos_2,complex: foundation model (Chronos-2),95,41.40063282763087,0.7892891236304969,8.31043546176755
carbon,seasonal_naive,simple: seasonal-naive,66,41.65642686903126,0.8252833150145763,8.426433035461612
carbon,sarima_core,simple: classical SARIMA,66,42.43603549541656,0.8723284539801208,8.764020557857737
carbon,timesfm_2p5,complex: foundation model (TimesFM),95,43.38303082584926,0.8306178616727595,8.638879529071342
carbon,seasonal_naive,simple: seasonal-naive,95,44.97414255153304,0.8754339611620131,8.989184861788955
carbon,sarima_core,simple: classical SARIMA,95,45.71624203487154,0.9116725601452552,9.207155258858773
carbon,xlstm,complex: deep net (xLSTM),66,45.774230635564486,0.9571747152815588,9.701259201609536
carbon,xlstm,complex: deep net (xLSTM),66,46.31981805920118,0.9878692709213072,9.7883770997015
carbon,xlstm,complex: deep net (xLSTM),66,46.43476712791493,0.9822942692050216,9.815935754827448
carbon,xlstm,complex: deep net (xLSTM),66,46.59020010849992,1.0012390632580392,9.799647683000249
carbon,xlstm,complex: deep net (xLSTM),66,46.60567033142864,0.9980523934348758,9.884552705492736
carbon,xlstm,complex: deep net (xLSTM),95,49.9623787253584,1.0085555112933056,10.190005205708763
carbon,xlstm,complex: deep net (xLSTM),95,50.09855237226019,0.9798942470229582,10.236846569873594
carbon,xlstm,complex: deep net (xLSTM),95,51.05785973142785,1.0085255174930812,10.370985618566426
carbon,xlstm,complex: deep net (xLSTM),95,51.208373982293466,1.0043041401166195,10.38456310385305
carbon,xlstm,complex: deep net (xLSTM),95,51.42833314327975,1.0115554042839967,10.427894316362543
electricity,seasonal_naive,simple: seasonal-naive,95,759.7425155856562,0.9282805611240076,6.077680997169336
electricity,chronos_2,complex: foundation model (Chronos-2),95,781.710752739698,0.8171858672606197,5.783796111882373
electricity,timesfm_2p5,complex: foundation model (TimesFM),95,803.6310492637562,0.858504896342587,5.985422019598526
electricity,seasonal_naive,simple: seasonal-naive,66,821.8823777527292,0.9390149612343096,5.762748301867875
electricity,sarima_core,simple: classical SARIMA,95,831.6591743439158,0.9486665217467144,6.330642247380412
electricity,sarima_dcf,simple: hierarchical/bottom-up SARIMA,68,856.7429710392846,0.9045656194153808,6.906514674045827
electricity,chronos_2,complex: foundation model (Chronos-2),66,879.0011648711503,0.8364303978037958,5.66391157895308
electricity,timesfm_2p5,complex: foundation model (TimesFM),66,898.8693591871834,0.8794288735323857,5.829691790091853
electricity,sarima_core,simple: classical SARIMA,66,907.2621693268215,0.9579899185587528,5.981634637075299
electricity,xlstm,complex: deep net (xLSTM),95,930.1666771618784,1.015098208732502,6.929797156308013
electricity,xlstm,complex: deep net (xLSTM),95,965.8259776312756,1.0834188422074231,7.210740063738527
electricity,xlstm,complex: deep net (xLSTM),95,966.2387875862818,1.0799544770590226,7.347404464001604
electricity,sarima_dcf,simple: hierarchical/bottom-up SARIMA,47,976.8015806318792,0.9224086666020402,6.907342872598663
electricity,xlstm,complex: deep net (xLSTM),66,1007.128663769527,1.0145582708252412,6.559560118881658
electricity,xlstm,complex: deep net (xLSTM),95,1008.015454621306,1.085014520002153,7.467197948430646
electricity,xlstm,complex: deep net (xLSTM),66,1044.757201848489,1.0625588785967808,6.841999953348582
electricity,xlstm,complex: deep net (xLSTM),66,1053.2758958865363,1.085861268455547,7.0882338959855975
electricity,xlstm,complex: deep net (xLSTM),66,1054.796685592295,1.0837116447197757,7.053385629403556
electricity,xlstm,complex: deep net (xLSTM),95,1181.844062266661,1.1244710426070867,8.00588082816752
electricity,xlstm,complex: deep net (xLSTM),66,1286.653361404387,1.087507213990562,7.457950320792694
