facility_id,operator,city,state,basin_id,carbon_tco2_yr,water_phys_m3_yr,water_scarcity_m3eq_yr,capacity_mw
in-ntt-bengaluru-4-campus,NTT GDC India,Bengaluru,Karnataka,7686,286920.35363550927,2106867.979029154,159823480.04773593,67.2
in-techno-digital-chennai-dc,Techno Digital,Chennai,Tamil Nadu,7584,153707.33230473706,1128679.2744799037,59707338.20244839,36.0
in-adaniconnex-chennai-1-maa,AdaniConneX,Chennai,Tamil Nadu,7584,140898.387946009,1034622.6682732453,54731726.68557768,33.0
in-pdg-mu1,Princeton Digital Group,Mumbai,Maharashtra,7217,204943.10973964946,1504905.6993065388,48419649.207265295,48.0
in-nxtra-bangalore-dc2,Nxtra by Airtel,Bengaluru,Karnataka,7686,85392.9623915206,627044.0413777245,47566511.91896903,20.0
in-nxtra-siruseri-dc3,Nxtra by Airtel,Chennai,Tamil Nadu,7584,115280.49922855281,846509.4558599278,44780503.65183629,27.0
in-yotta-d1-shakti-greater-noida,Yotta,Greater Noida,Uttar Pradesh,6891,128089.44358728091,940566.0620665867,44605346.689549714,30.0
in-stt-chennai-2-ambattur,STT GDC India,Chennai,Tamil Nadu,7584,111010.8511089768,815157.2537910419,43121966.479546055,26.0
in-stt-bengaluru-3-whitefield,STT GDC India,Bengaluru,Karnataka,7686,76853.66615236853,564339.6372399519,42809860.72707212,18.0
in-ctrls-mumbai-dc1-dc2-nine-zone,CtrlS,Mumbai,Maharashtra,7217,170785.9247830412,1254088.082755449,40349707.67272108,40.0
in-sify-noida-02-campus,Sify,Noida,Uttar Pradesh,6891,110669.27925941073,812649.077625531,38539019.53977097,25.92
in-ctrls-mumbai-dc4,CtrlS,Mumbai,Maharashtra,7217,157123.0508003979,1153761.0361350132,37121731.058903374,36.8
in-nxtra-hinjewadi-3-pun4,Nxtra by Airtel,Pune,Maharashtra,7461,102471.55486982473,752452.8496532694,33534403.88314602,24.0
in-nxtra-hoskote-1-blr2,Nxtra by Airtel,Bengaluru,Karnataka,7686,59775.07367406442,438930.8289644071,33296558.343278322,14.0
in-digital-connexion-maa10-chennai,Digital Connexion,Chennai,Tamil Nadu,7584,85392.9623915206,627044.0413777245,33170743.44580466,20.0
in-ctrls-mumbai-dc5,CtrlS,Mumbai,Maharashtra,7217,136628.73982643298,1003270.4662043592,32279766.138176862,32.0
in-l-t-cloudfiniti-mumbai-chennai,L&T Cloudfiniti,Mumbai,Maharashtra,7217,128089.44358728091,940566.0620665867,30262280.754540805,30.0
in-ntt-chennai-2-ambattur,NTT GDC India,Chennai,Tamil Nadu,7584,74291.87728062292,545528.3159986202,28858546.79785006,17.4
in-ntt-bengaluru-3-bidrahalli,NTT GDC India,Bengaluru,Karnataka,7686,51235.777434912365,376226.4248266347,28539907.15138142,12.0
in-nxtra-ncr-hyperscale-ncr4,Nxtra by Airtel,Noida,Uttar Pradesh,6891,76853.66615236853,564339.6372399519,26763208.01372983,18.0
in-nxtra-siruseri-2-che3,Nxtra by Airtel,Chennai,Tamil Nadu,7584,68314.36991321649,501635.2331021796,26536594.756643727,16.0
in-ntt-mumbai-7-andheri,NTT GDC India,Mumbai,Maharashtra,7217,109302.9918611464,802616.3729634874,25823812.910541493,25.6
in-stt-noida-1,STT GDC India,Noida,Uttar Pradesh,6891,72584.01803279252,532987.4351710659,25276363.124078177,17.0
in-stt-chennai-3-ambattur,STT GDC India,Chennai,Tamil Nadu,7584,64044.721793640456,470283.03103329334,24878057.584353495,15.0
in-nxtra-hinjewadi-1-pun2,Nxtra by Airtel,Pune,Maharashtra,7461,72584.01803279252,532987.4351710659,23753536.0838951,17.0
in-stt-pune-2,STT GDC India,Pune,Maharashtra,7461,64044.721793640456,470283.03103329334,20959002.42696626,15.0
in-stt-pune-3,STT GDC India,Pune,Maharashtra,7461,64044.721793640456,470283.03103329334,20959002.42696626,15.0
in-ctrls-ahmedabad-edge-dc,CtrlS,Ahmedabad,Gujarat,6992,39280.762700099476,288440.2590337533,19654240.12861626,9.2
in-ntt-mumbai-6-andheri,NTT GDC India,Mumbai,Maharashtra,7217,81977.24389585979,601962.2797226155,19367859.682906114,19.2
in-ctrls-hyderabad-dc3,CtrlS,Hyderabad,Telangana,7461,55505.4255544884,407578.62689552095,18164468.770037428,13.0
in-iron-mountain-ncr-1-noida,Iron Mountain,Noida,Uttar Pradesh,6891,51235.777434912365,376226.4248266347,17842138.67581989,12.0
in-stt-delhi-3-gk,STT GDC India,Delhi,Delhi,6891,43123.4460077179,316657.2408957508,15017133.38548174,10.1
in-nxtra-hoskote-2-blr3,Nxtra by Airtel,Bengaluru,Karnataka,7686,25617.888717456182,188113.21241331735,14269953.57569071,6.0
in-nxtra-kokapet-hyd1,Nxtra by Airtel,Hyderabad,Telangana,7461,42696.4811957603,313522.02068886225,13972668.284644175,10.0
in-nxtra-whitefield-blr1,Nxtra by Airtel,Bengaluru,Karnataka,7686,23056.099845710567,169301.89117198563,12842958.21812164,5.4
in-ntt-mumbai-5-chandivali,NTT GDC India,Mumbai,Maharashtra,7217,53370.60149470038,391902.5258610777,12609283.647725336,12.5
in-stt-pune-1-dighi,STT GDC India,Pune,Maharashtra,7461,38426.833076184266,282169.81861997594,12575401.456179759,9.0
in-stt-chennai-7-siruseri,STT GDC India,Chennai,Tamil Nadu,7584,30741.46646094742,225735.85489598077,11941467.640489677,7.2
in-ntt-bengaluru-2-electronic-city,NTT GDC India,Bengaluru,Karnataka,7686,19213.416538092133,141084.90930998797,10702465.18176803,4.5
in-ctrls-hyderabad-dc2,CtrlS,Hyderabad,Telangana,7461,31595.396084862623,232006.29530975802,10339774.530636689,7.4
in-ctrls-mumbai-dc3,CtrlS,Mumbai,Maharashtra,7217,42696.4811957603,313522.02068886225,10087426.91818027,10.0
in-iron-mountain-blr-1,Iron Mountain,Bengaluru,Karnataka,7686,17078.592478304123,125408.8082755449,9513302.383793807,4.0
in-stt-bengaluru-2-kiadb,STT GDC India,Bengaluru,Karnataka,7686,17078.592478304123,125408.8082755449,9513302.383793807,4.0
in-stt-mumbai-3-bkc,STT GDC India,Mumbai,Maharashtra,7217,38426.833076184266,282169.81861997594,9078684.226362241,9.0
in-ctrls-hyderabad-dc1,CtrlS,Hyderabad,Telangana,7461,25617.888717456182,188113.21241331735,8383600.970786505,6.0
in-iron-mountain-hyd-1,Iron Mountain,Hyderabad,Telangana,7461,23910.029469625773,175572.33158576282,7824694.239400739,5.6
in-nxtra-noida-sec-62-ncr1,Nxtra by Airtel,Noida,Uttar Pradesh,6891,19213.416538092133,141084.90930998797,6690802.003432457,4.5
in-nxtra-siruseri-1-che2,Nxtra by Airtel,Chennai,Tamil Nadu,7584,17078.592478304123,125408.8082755449,6634148.689160932,4.0
in-nxtra-kharadi-pun1,Nxtra by Airtel,Pune,Maharashtra,7461,19213.416538092133,141084.90930998797,6287700.728089879,4.5
in-nxtra-hinjewadi-2-pun3,Nxtra by Airtel,Pune,Maharashtra,7461,17078.592478304123,125408.8082755449,5589067.31385767,4.0
in-stt-hyderabad-1-hitec,STT GDC India,Hyderabad,Telangana,7461,17078.592478304123,125408.8082755449,5589067.31385767,4.0
in-nxtra-noida-sec-81-ncr2,Nxtra by Airtel,Noida,Uttar Pradesh,6891,14943.768418516105,109732.70724110177,5203957.113780802,3.5
in-stt-chennai-1-vsb,STT GDC India,Chennai,Tamil Nadu,7584,12808.944358728091,94056.60620665867,4975611.5168707,3.0
in-cyfuture-noida-dc,Cyfuture,Noida,Uttar Pradesh,6891,12808.944358728091,94056.60620665867,4460534.668954972,3.0
in-iron-mountain-ncr-2-noida,Iron Mountain,Noida,Uttar Pradesh,6891,11955.014734812887,87786.16579288141,4163165.6910246406,2.8
in-stt-mumbai-1-prabhadevi,STT GDC India,Mumbai,Maharashtra,7217,17078.592478304123,125408.8082755449,4034970.767272108,4.0
in-nxtra-chandivali-mum1,Nxtra by Airtel,Mumbai,Maharashtra,7217,17078.592478304123,125408.8082755449,4034970.767272108,4.0
in-nxtra-santhome-che1,Nxtra by Airtel,Chennai,Tamil Nadu,7584,8539.296239152061,62704.40413777245,3317074.344580466,2.0
in-ntt-mumbai-vikhroli-iv,NTT GDC India,Mumbai,Maharashtra,7217,12808.944358728091,94056.60620665867,3026228.075454081,3.0
in-iron-mountain-pun-1-hinjewadi,Iron Mountain,Pune,Maharashtra,7461,8539.296239152061,62704.40413777245,2794533.656928835,2.0
in-ntt-mumbai-vikhroli,NTT GDC India,Mumbai,Maharashtra,7217,10247.155486982474,75245.28496532694,2420982.460363264,2.4
in-ntt-noida-1,NTT GDC India,Noida,Uttar Pradesh,6891,6404.472179364046,47028.30310332934,2230267.334477486,1.5
in-stt-delhi-2-gk1,STT GDC India,Delhi,Delhi,6891,4269.648119576031,31352.202068886225,1486844.8896516573,1.0
in-stt-bengaluru-1-sanjay-nagar,STT GDC India,Bengaluru,Karnataka,7686,2561.7888717456185,18811.321241331734,1426995.3575690708,0.6
in-stt-delhi-1,STT GDC India,Delhi,Delhi,6891,3842.6833076184275,28216.981861997596,1338160.4006864915,0.9
in-stt-mumbai-2-andheri,STT GDC India,Mumbai,Maharashtra,7217,4269.648119576031,31352.202068886225,1008742.691818027,1.0
in-ntt-kolkata-1,NTT GDC India,Kolkata,West Bengal,7037,106741.20298940076,783805.0517221554,988725.3320717461,25.0
in-nxtra-kolkata-kol1,Nxtra by Airtel,Kolkata,West Bengal,7037,42696.4811957603,313522.02068886225,395490.13282869844,10.0
in-nxtra-bhubaneshwar-bbr1,Nxtra by Airtel,Bhubaneswar,Odisha,7149,7685.366615236855,56433.96372399519,249412.09900089336,1.8
in-stt-kolkata-2-new-town,STT GDC India,Kolkata,West Bengal,7037,25617.888717456182,188113.21241331735,237294.0796972191,6.0
in-stt-kolkata-1-ultadanga,STT GDC India,Kolkata,West Bengal,7037,12808.944358728091,94056.60620665867,118647.03984860955,3.0
