id,instrument,jurisdiction,region,status,in_force,doc_type,topic,nearest_axis,mandates_axis,closest_for,closest_note,type,rule,effect,param,in_corpus,url,source
eu_cada_proposal_2026,Cloud and AI Development Act (CADA) COM(2026) 502 final,EU,EU,PROPOSED - not yet in force,False,legislative proposal,siting_general,perimeter_siting,,,,,,,,True,https://digital-strategy.ec.europa.eu/en/library/proposal-cloud-and-ai-development-act-cada,
eu_deleg_reg_2024_1364,Commission Delegated Regulation (EU) 2024/1364 on data centre sustainability rating,EU,EU-wide,IN FORCE,True,regulation,electricity_consumption,perimeter_efficiency_rate,,,,soft,EED/2024-1364 PUE+WUE reporting >=500kW,disclosure,,True,https://eur-lex.europa.eu/eli/reg_del/2024/1364/oj/eng,Reg (EU) 2024/1364
ie_cru_2025236_leu_connection,CRU Large Energy Users Connection Policy Decision CRU/2025236,EU,Ireland,IN FORCE,True,regulatory decision,electricity_consumption,perimeter_efficiency_rate,,,,hard,>=80% additional RE; locational test,re_share_min,0.8,True,https://www.cru.ie/about-us/news/the-cru-publishes-its-decision-on-new-electricity-connection-policy-for-data-centres/,POLICY_DEEP_DIVE; CRU/2025236
de_enefg_amendment_2026,Entwurf eines Gesetzes zur Beschleunigung der Umsetzung der Energieeffizienzrichtlinie (EnEfG amendment - data centre PUE rules),EU,Germany,PROPOSED - cabinet draft not yet passed,False,draft statute,electricity_consumption,perimeter_efficiency_rate,,,,hard,PUE<=1.2 new (2026),pue_cap_new,1.2,True,https://www.bundeswirtschaftsministerium.de/Redaktion/DE/Artikel/Service/Gesetzesvorhaben/20260504-gesetz-zur-beschleunigung-der-umsetzung-der-energieeffizienzrichtlinie.html,POLICY_DEEP_DIVE; EnEfG
nl_noordholland_datacenterstrategie_2025,Datacenterstrategie Noord-Holland 2025-2027,EU,Netherlands,IN FORCE,True,provincial strategy,siting_general,perimeter_siting,,,,hard,hyperscale ban (>10ha & >=70MW),ban_new_above_mw,70.0,True,https://www.noord-holland.nl/Onderwerpen/Economie_Werk/Projecten/Datacenters,POLICY_DEEP_DIVE; Noord-Holland strategy
us_eo_14318_permitting,Executive Order 14318 - Accelerating Federal Permitting of Data Center Infrastructure,US,USA,IN FORCE,True,executive order,siting_general,perimeter_siting,,,,,,,,True,https://www.govinfo.gov/app/details/DCPD-202500788,
us_va_hb153_chap567,Virginia HB 153 Chapter 567 - siting of data centers; site assessment; high energy use facility,US,USA-Virginia,IN FORCE,True,statute,siting_general,perimeter_siting,,,,,,,,True,https://lis.virginia.gov/bill-details/20261/HB153/text/CHAP0567,
us_tx_sb6,Texas SB 6 (89R) - large load interconnection and grid access for data centers,US,USA-Texas,IN FORCE,True,statute,electricity_consumption,perimeter_efficiency_rate,,,,,,,,True,https://capitol.texas.gov/BillLookup/history.aspx?LegSess=89R&Bill=SB6,
in_meity_draft_dc_policy_2020,MeitY Draft National Data Centre Policy 2020,India,India,DRAFT - never notified,False,draft policy,siting_general,perimeter_siting,,,,,,,,True,https://www.nitiforstates.gov.in/public-assets/Policy/policy_files/PNC510C000384.pdf,
in_rajasthan_dc_policy_2025,Rajasthan Data Centre Policy 2025 (PARTIALLY SCANNED - most pages are images; only a few pages have extractable text - see README),India,Rajasthan,IN FORCE,True,state policy,siting_general,perimeter_siting,,,,hard,ZLD + recharge mandatory,zld_mandate,0.92,True,https://rising.rajasthan.gov.in/storage/app/public/files/pdf/rajasthan-data-centre-policy-2025.pdf,POLICY_DEEP_DIVE; Rajasthan Data Centre Policy 2025
watttime_moer_methodology_2022,Marginal Emissions Modeling: WattTime's Approach to Modeling and Validation,Global,Global,IN FORCE,True,methodology,carbon_intensity,carbon_intensity,,,,,,,,True,https://www.watttime.org/wp-content/uploads/2023/11/WattTime-MOER-modeling-20221004.pdf,
wri_aqueduct_water_risk_framework,Aqueduct Water Risk Framework (World Resources Institute) - note: this is the original framework paper; WRI has since released updated indicator versions (Aqueduct 4.0),Global,Global,IN FORCE,True,methodology,water_stress,scarcity_weighted_water,,,,,,,,True,https://www.wri.org/data/aqueduct-water-risk-atlas,
eu_jrc_datacentre_efficiency_guidelines_2024,2024 Best Practice Guidelines for the EU Code of Conduct on Data Centre Energy Efficiency (JRC136986),EU,EU,IN FORCE,True,guidance,temperature,perimeter_efficiency,,,,,,,,True,https://e3p.jrc.ec.europa.eu/publications/2024-best-practice-guidelines-eu-code-conduct-data-centre-energy-efficiency,
eli_datacenters_and_water_factsheet_2026,Data Centers and Water Fact Sheet (Environmental Law Institute),US,USA,IN FORCE,True,fact sheet,water_storage,scarcity_weighted_water,,,,,,,,True,https://www.eli.org/sites/default/files/files-pdf/Data%20Centers%20and%20Water%20Fact%20Sheet%20ELI%20January%202026%20(1).pdf,
us_pnnl_datacenter_atlas,IM3 Data Center Atlas - PNNL public tool for data center location and infrastructure mapping,US,USA,IN FORCE,True,research article,datacenter_mapping,perimeter_siting,,,,,,,,True,https://im3.pnnl.gov/datacenter-atlas,
constraint_gujarat,>=51% renewable energy,India,Gujarat,IN FORCE,True,policy,,,,,,hard,>=51% renewable energy,re_share_min,0.51,False,,POLICY_DEEP_DIVE
constraint_minnesota,RE/carbon-free supply; >100Mgal water permit,US,Minnesota,IN FORCE,True,policy,,,,,,hard,RE/carbon-free supply; >100Mgal water permit,water_permit_mgal,100.0,False,,POLICY_DEEP_DIVE
eu_csrd_esrs_e1,EU CSRD / ESRS E1 (entity GHG + intensity per revenue),EU,EU-wide,IN FORCE (narrowed by Omnibus 2026/470),True,directive+standard,,,,carbon_intensity,"per-revenue, entity-level - not a per-DC measured intensity; MN HF16 / German EnEfG mandate renewable SUPPLY (an input, not an intensity)",,,,,False,https://eur-lex.europa.eu/legal-content/EN/TXT/?uri=CELEX:32022L2464,POLICY_DEEP_DIVE 1
cfe_247,Voluntary 24/7 CFE tariffs (NV/Google-Fervo; Xcel/Google); CNDCP hourly-CFE,US,multi,voluntary,False,utility tariff/program,,,,marginal_carbon,"consumption-based and voluntary, not a marginal-carbon mandate",,,,,False,,POLICY_DEEP_DIVE 1
eu_esrs_e3,EU ESRS E3-4 (water use in high water-stress areas),EU,EU-wide,IN FORCE (materiality-gated),True,standard,,,,scarcity_weighted_water,"entity-level location-flagged VOLUME; CA AB2619 (proposed) indirect water; India CGWA aquifer tiers = permit gate, not weighted accounting",,,,,False,,POLICY_DEEP_DIVE 1
eu_ai_act_annex_xi,EU AI Act Annex XI 1(2)(e) (GPAI model energy documentation),EU,EU-wide,IN FORCE (GPAI duties from Aug 2025),True,regulation,,,,inference_attribution,"model-level, training-oriented, no water/carbon; decoupled from DC reporting",,,,,False,https://artificialintelligenceact.eu/annex/11/,POLICY_DEEP_DIVE 1
us_eo_14141_revoked,EO 14141 (federal carbon-matching) - REVOKED,US,federal,REVOKED (2025),False,executive order,,carbon_intensity,,,,,,,,False,,POLICY_DEEP_DIVE 2.1
us_hr9825,Data Center Water & Energy Transparency Act (H.R.9825/S.4213),US,federal,PROPOSED,False,bill,,perimeter_disclosure,,,,,,,,False,https://www.congress.gov/bill/119th-congress/house-bill/9825,POLICY_DEEP_DIVE 2.1
us_ca_ab2619,California AB 2619 (indirect/embedded water use),US,California,PROPOSED,False,bill,,scarcity_weighted_water,,,,,,,,False,,POLICY_DEEP_DIVE 2.2
in_cgwa_noc,India CGWA groundwater NOC (aquifer stress tiers),India,national,IN FORCE,True,guideline,,scarcity_weighted_water,,,,,,,,False,,POLICY_DEEP_DIVE 4.1
in_bis_30134,India BIS IS/ISO/IEC 30134 (PUE/WUE/CUE) - voluntary,India,national,IN FORCE (voluntary),True,standard,,perimeter_efficiency,,,,,,,,False,,POLICY_DEEP_DIVE 4.1
