rank,state,basin_id,n_plants,n_existing_dc,cf_mean,ci_mean,grid_fossil_share,legal_flags,excluded,new_scarcity_m3eq,new_carbon_tco2,basin_pressure_m3,overdraft_months,state_generation_twh,small_grid,ws_baseline,ws_bau30,ws_opt30,ws_pes30,ws_bau50,ws_opt50,ws_pes50,ws_scored_share_min,max_regret,worst_scenario,max_regret_baseline,max_regret_bau30,max_regret_opt30,max_regret_pes30,max_regret_bau50,max_regret_opt50,max_regret_pes50,mean_rank,rank_p10,rank_p90,rank_nolegal,recommendation,rank_headline
1,Karnataka,48720,1,0,6.76875,396.4358333333333,0.3420636861832581,,False,31109955.17520552,125322.53472,0.0,0,95.78,False,2.3016208302267462,2.324178326,2.375338863,2.290680911,2.271890404,2.275331519,2.244187483,0.7487999143252413,0.33624682890360924,opt50,0.33428719284496733,0.33507523362300556,0.33624376115423754,0.3348884557548653,0.3331872800573345,0.33624682890360924,0.33279796484477064,7.914571428571429,2.0,16.0,1,preferable,2
2,Karnataka,48334,8,0,18.377,396.4358333333333,0.3420636861832581,,False,35517590.64120552,125322.53472,31806.0,1,95.78,False,1.4081045920549995,1.4169256019006227,1.4446218390417405,1.4056733028847872,1.3924076756244927,1.3922116655164192,1.3712325837877244,0.876916498592068,0.33866228203156407,opt50,0.3384543185044397,0.3385080094806483,0.3385824514998837,0.3385270140224009,0.3383671405102774,0.33866228203156407,0.33834383487487923,6.618285714285714,1.0,16.0,2,preferable,3
3,Karnataka,48527,4,0,19.165333333333333,396.4358333333333,0.3420636861832581,,False,35717476.98720552,125322.53472,61560.0,2,95.78,False,2.6145425042934796,2.6261590111975215,2.677845559412161,2.6133636148526986,2.5815047632442973,2.5799293590573664,2.5361706349276307,0.5629105109547913,0.35031161579247444,opt50,0.3484949864354394,0.349095056774766,0.35027262138299026,0.3492639476286534,0.3473382526944575,0.35031161579247444,0.34708233013997064,14.42142857142857,6.900000000000034,26.0,3,preferable,4
4,Karnataka,48907,3,0,33.840250000000005,396.4358333333333,0.3420636861832581,,False,41239042.70520552,125322.53472,124146.0,4,95.78,False,2.3016208302267462,2.324178326,2.375338863,2.290680911,2.271890404,2.275331519,2.244187483,0.539949353950522,0.3612466372159931,opt50,0.3610560454567001,0.36113268932004333,0.3612463388505148,0.36111452353750995,0.36094541826540316,0.3612466372159931,0.3609112049985477,16.87485714285714,6.0,30.0,4,preferable,5
5,Karnataka,49090,5,0,35.658833333333334,396.4358333333333,0.3420636861832581,,False,41932735.669205524,125322.53472,124146.0,4,95.78,False,2.3016208302267462,2.324178326,2.375338863,2.290680911,2.271890404,2.275331519,2.244187483,0.6293189923545549,0.36125075040354726,opt50,0.3610601586442543,0.3611368025075975,0.361250452038069,0.3611186367250641,0.3609495314529574,0.36125075040354726,0.36091531818610184,17.979714285714287,7.0,31.0,5,preferable,6
6,Gujarat,45051,74,0,4.2740833333333335,493.0325,0.48474950421306723,re>=51%,False,15537952.99158792,76375.646928,0.0,0,153.61,False,3.4578398253557703,3.2457496058182116,3.413366064249323,3.4222592142412895,3.367284161406894,3.1828021369466173,3.360364635919646,0.9961793103337238,0.44630059273192446,baseline,0.44630059273192446,0.4183381394462114,0.4315975804869566,0.4356738822530122,0.41908281145596055,0.41851767247607874,0.41854796208872286,10.249428571428572,1.0,21.0,9,preferable,13
7,Tamil Nadu,50051,13,0,22.211416666666665,498.325,0.45429456721404354,,False,61710276.804205656,157497.88608000003,62586.0,2,129.68,False,3.1339751233466577,3.1084662070626843,3.1804746730295888,3.044201776915341,3.131931062546424,3.0576110571042285,3.107569111175575,0.9069057589084205,0.4627242735716441,opt30,0.46123532937466527,0.4611975705225512,0.4627242735716441,0.46048220338298135,0.4606110790996047,0.46233466169100407,0.4602791630430423,35.4,24.0,46.0,6,preferable,41
8,Karnataka,47731,16,0,4.480416666666667,396.4358333333333,0.3420636861832581,,False,30307396.429205522,125322.53472,0.0,0,95.78,False,3.574340909522184,3.5340732137112583,3.5205533885240397,3.6396550262305705,3.6143500346742847,3.472545408055024,3.565265336137072,0.9934362133882797,0.46522002240021315,pes30,0.4592520259358349,0.4477843461798721,0.4445324324766933,0.46522002240021315,0.44205696910872744,0.428563005457048,0.43733019223943964,17.057142857142857,9.0,28.0,7,preferable,1
9,Tamil Nadu,50860,2,0,46.860749999999996,498.325,0.45429456721404354,,False,70992013.50620566,157497.88608000003,94392.0,4,129.68,False,3.1321730199066993,3.1063765550147275,3.1379109169173156,3.0328066787706818,3.1305040231727936,3.0715511396598343,3.143357626717217,0.6150518814710906,0.46716701895746854,opt50,0.4657972297708012,0.4657545307219058,0.4665858729413352,0.4648792924037693,0.4651794232420908,0.46716701895746854,0.4654868848750541,40.753142857142855,27.0,53.0,8,preferable,42
10,Gujarat,45830,1,0,39.29016666666667,493.0325,0.48474950421306723,re>=51%,False,28624979.02758792,76375.646928,92340.0,3,153.61,False,3.5687997497460255,3.5460616218901624,3.5906326018412122,3.5462561291739556,3.5460861590050596,3.449483468681022,3.503735769018616,0.732219979067645,0.4677310243863271,baseline,0.4677310243863271,0.4589681489054462,0.4646796197239923,0.46014261238676685,0.44085788133785825,0.4343385556719361,0.4371702051814081,20.788857142857143,8.0,34.0,11,preferable,21
11,Tamil Nadu,49847,3,0,41.95258333333333,498.325,0.45429456721404354,,False,69071111.68220566,157497.88608000003,125172.0,4,129.68,False,3.422020304534353,3.4095118821764023,3.456104201550171,3.3703454600473335,3.4616823398703134,3.450357165180062,3.4454986860709393,0.7089607349495523,0.47807263294644836,opt50,0.4751744980359429,0.47536009271941465,0.47645013649734075,0.47507591910671704,0.47526677469289796,0.47807263294644836,0.47507536496540703,48.119142857142855,36.0,62.09999999999991,10,preferable,43
12,Rajasthan,43947,143,0,51.28491666666667,438.7583333333334,0.23781852705920317,zld,False,26726091.948024176,138723.65856,15020.64,6,127.37,False,3.701489432708474,3.5161897519983,3.7304244152861896,3.653352198026269,3.646900456275414,3.686874529109168,3.765577516336978,0.9999539905590497,0.4788085142476608,baseline,0.4788085142476608,0.4449624659098415,0.4768529650531035,0.46727101935927234,0.44701701384372966,0.46157141993280765,0.46817579918661095,16.295428571428573,3.0,33.0,14,preferable,29
13,Tamil Nadu,50861,15,0,69.47083333333333,498.325,0.45429456721404354,,False,79556466.42620566,157497.88608000003,251370.0,8,129.68,False,2.9163601615912915,2.8292580299164505,2.9073469750784366,2.811630594506842,2.8883563674389965,2.9162434137087523,2.91885721848821,0.5971564814231292,0.49194747491573537,opt50,0.49171315029087365,0.49160655915035245,0.49176520452011735,0.4916149112015857,0.49160540820362264,0.49194747491573537,0.49166845013126803,56.27285714285714,27.0,89.0,12,preferable,49
14,Gujarat,45583,3,0,40.97083333333333,493.0325,0.48474950421306723,re>=51%,False,29296393.427587923,76375.646928,125172.0,4,153.61,False,3.7223579208549196,3.715194847305272,3.7598567256124285,3.7045269882028933,3.72178760792883,3.61860532497201,3.6747646112807932,0.775978106829285,0.4964030404136316,baseline,0.4964030404136316,0.49004338865053304,0.4957688850436297,0.4895417939931623,0.47294659495015384,0.4654120411663986,0.46853793773436153,26.360285714285713,10.0,43.0,15,preferable,23
15,Karnataka,49855,68,0,76.4275,396.4358333333333,0.3420636861832581,,False,57288082.51920552,125322.53472,281124.0,9,95.78,False,3.310751341291264,3.261083168480325,3.42317506702229,3.3164185965623028,3.6695145612594806,3.3932967009247403,3.4531825053615597,0.9893333596351066,0.49985132066030696,bau50,0.4678627672256753,0.45616146142036756,0.47878949271017335,0.4646272803968809,0.49985132066030696,0.46561745685174954,0.4693183534533539,45.77257142857143,22.0,82.0,13,preferable,12
16,Karnataka,43947,1,0,51.28491666666667,396.4358333333333,0.3420636861832581,,False,47884265.15520552,125322.53472,187757.99999999988,6,95.78,False,3.701489432708474,3.5161897519983,3.7304244152861896,3.653352198026269,3.646900456275414,3.686874529109168,3.765577516336978,0.9999539905590497,0.5116469918702132,baseline,0.5116469918702132,0.47780094353239394,0.5096914426756558,0.5001094969818247,0.4798554914662821,0.4944098975553601,0.5010142768091632,37.81314285714286,21.0,59.0,16,preferable,10
17,Tamil Nadu,49855,324,0,76.4275,498.325,0.45429456721404354,,False,82023709.14620566,157497.88608000003,281124.0,9,129.68,False,3.310751341291264,3.261083168480325,3.42317506702229,3.3164185965623028,3.6695145612594806,3.3932967009247403,3.4531825053615597,0.9893333596351066,0.5165513796015718,bau50,0.4991775496130962,0.49913350848990323,0.49943251801961813,0.499263777338457,0.5165513796015718,0.4995499979206897,0.49936667139202306,68.256,42.0,100.0,17,preferable,52
18,Karnataka,47940,407,0,40.74666666666666,396.4358333333333,0.3420636861832581,,False,44023544.11920552,125322.53472,126198.0,4,95.78,False,3.8440650700792682,3.7225965280231508,3.7568985367962324,3.751935334807143,3.8448560267543552,3.70868045446498,3.7545747607420674,0.9931852082853241,0.5234966037010381,baseline,0.5234966037010381,0.49949967070692997,0.5036266439945579,0.505171086200102,0.5002502015110879,0.48762479835417777,0.4891668132232569,32.17771428571429,19.0,47.0,18,preferable,8
19,Tamil Nadu,49285,6,0,61.34466666666666,498.325,0.45429456721404354,,False,76267877.87420566,157497.88608000003,125172.0,6,129.68,False,3.7390946443363497,3.506015054493323,3.593281622531597,3.325318855059252,3.6750047443222447,3.47415132108836,3.4672725159058286,0.9643468824173358,0.5262053724756762,baseline,0.5262053724756762,0.48498690612864764,0.4972862865569172,0.4743334498526753,0.492947883931871,0.47851253109747444,0.4754805531297127,52.17771428571429,40.0,67.0,19,preferable,46
20,Gujarat,45327,43,0,4.883333333333334,493.0325,0.48474950421306723,re>=51%,False,15774595.787587918,76375.646928,0.0,0,153.61,False,3.998890702839969,4.074993138488677,4.12628702035108,4.266521512071185,4.342328501489261,3.946344286283864,4.135772490926763,0.9878996474415105,0.5798970202759632,pes30,0.5387347713480071,0.5459168433629455,0.5533874229320332,0.5798970202759632,0.5715268138690147,0.5131754554540375,0.5393981871567042,17.270285714285713,3.0,36.0,20,preferable,14
21,Andhra Pradesh,47520,5,0,4.480416666666667,655.1041666666666,0.5561741613133476,,False,48443331.756589875,207145.34784,0.0,0,90.64,False,2.7261120375621206,2.5376933332499156,2.581182558806072,2.631290503376561,2.5925401294669976,2.455439220364336,2.606803412664636,0.8356652445450214,0.5998312412690602,baseline,0.5998312412690602,0.5969946289776312,0.598031360398399,0.5989913854508305,0.5969472914865446,0.5975922737663226,0.5972789719635289,39.398,17.0,63.0,21,preferable,58
22,Tamil Nadu,50662,85,0,88.22500000000001,498.325,0.45429456721404354,,False,86604870.96620566,157497.88608000003,313956.0,10,129.68,False,4.029850443345296,3.928566275054329,4.0330729060110935,3.907848773656983,4.008778465633059,4.015071574562829,4.007673654302341,0.7768136245363638,0.601723567862963,baseline,0.601723567862963,0.5808410744597099,0.5958005886690373,0.5787888246172169,0.5751037249499863,0.5844611737957419,0.5777802226147175,83.09628571428571,57.0,111.0,22,preferable,55
23,Tamil Nadu,49654,14,0,76.4275,498.325,0.45429456721404354,,False,82023709.14620566,157497.88608000003,281124.0,9,129.68,False,3.899350022516488,3.837826278288125,4.021046279991754,3.8343925330223003,4.2319363996577515,3.9757975957600675,4.011989654482496,0.9206297383898581,0.6033328106555921,bau50,0.5753833320326154,0.5606358537797236,0.5877408049015866,0.5612504795609683,0.6033328106555921,0.5721971360225913,0.5722420985552399,77.76771428571429,54.0,105.0,23,preferable,53
24,Karnataka,49464,47,11,75.4465,396.4358333333333,0.3420636861832581,,False,56914146.55920552,125322.53472,250344.0,8,95.78,False,4.216377803388421,4.083413687236932,4.220845941739016,4.0536477394365455,4.375030932679932,4.143192292206363,4.1840351399028775,0.9320684344560032,0.6041253648332614,bau50,0.6030137063761268,0.5772430115849574,0.5972829343675831,0.5737945906231001,0.6041253648332614,0.5767391942429858,0.5775017713758266,54.64714285714286,32.0,86.0,24,preferable,11
25,Rajasthan,43905,436,0,42.531666666666666,438.7583333333334,0.23781852705920317,zld,False,26465708.25074418,138723.65856,0.0,0,127.37,False,4.530689409546703,4.5073782812953835,4.490523619734383,4.484752440519203,4.567165419467025,4.39033771461616,4.559937920837397,0.9965365908059123,0.6044908984837151,baseline,0.6044908984837151,0.5956396093052903,0.5918731318830496,0.5932929035741291,0.5867506836009287,0.5678526750823013,0.5884824534307509,24.500285714285713,4.0,48.0,25,preferable,27
26,Andhra Pradesh,47083,23,0,37.83783333333333,655.1041666666666,0.5561741613133476,,False,60899828.466589876,207145.34784,124146.0,4,90.64,False,2.5969779126327888,2.391770353,2.43796551,2.484529595,2.4462097069999995,2.2901922760000004,2.476334874,0.670204937099442,0.615436894880719,baseline,0.615436894880719,0.6123118435333873,0.6133950639074575,0.6142942040758844,0.6122575060267434,0.6125774951123555,0.6128616998288728,53.715714285714284,21.0,76.0,26,preferable,66
27,Andhra Pradesh,47731,21,0,4.480416666666667,655.1041666666666,0.5561741613133476,,False,48443331.756589875,207145.34784,0.0,0,90.64,False,3.574340909522184,3.5340732137112583,3.5205533885240397,3.6396550262305705,3.6143500346742847,3.472545408055024,3.565265336137072,0.9934362133882797,0.6163154796445081,pes30,0.6144041427769809,0.6141128223596652,0.614170116143957,0.6163154796445081,0.6145023825718015,0.6150665531575235,0.6137457201155696,52.66285714285714,33.0,71.0,27,preferable,57
28,Andhra Pradesh,47303,4,0,42.217,655.1041666666666,0.5561741613133476,,False,62570997.786589876,207145.34784,155952.0,5,90.64,False,2.60795442006511,2.407175791312417,2.453283200806565,2.500215467349593,2.46009547542467,2.3079526628969953,2.488289095969674,0.6423040220625815,0.6201854429658054,baseline,0.6201854429658054,0.6171364823713762,0.618218195209211,0.6191236608795643,0.6170560363457576,0.6174425928817882,0.6176270454294963,58.83714285714286,23.0,83.0,28,preferable,71
29,Andhra Pradesh,47084,3,0,36.012,655.1041666666666,0.5561741613133476,,False,60201281.49658988,207145.34784,124146.0,4,90.64,False,2.880943648413551,2.6957411694440134,2.7445063790710376,2.7839642719081974,2.7393333149490373,2.594951099881983,2.7814312327969386,0.9999999999999999,0.6203125173195853,baseline,0.6203125173195853,0.6175311610288601,0.6186585359053787,0.6194355889321052,0.6172904642667623,0.6178103508817077,0.6181003545791768,58.57685714285714,30.0,77.0,29,preferable,64
30,Tamil Nadu,49464,33,0,75.4465,498.325,0.45429456721404354,,False,81649773.18620566,157497.88608000003,250344.0,8,129.68,False,4.216377803388421,4.083413687236932,4.220845941739016,4.0536477394365455,4.375030932679932,4.143192292206363,4.1840351399028775,0.9320684344560032,0.6208254237745262,bau50,0.6197137653173916,0.5939430705262221,0.613982993308848,0.5904946495643649,0.6208254237745262,0.5934392531842506,0.5942018303170913,78.19028571428571,55.0,102.0,30,middle,50
31,Gujarat,44472,10,0,22.19033333333333,493.0325,0.48474950421306723,re>=51%,False,22245087.359587923,76375.646928,0.0,0,153.61,False,4.481622260883563,4.3399741237166705,4.410951340821902,4.4832956778623005,4.466764724356601,4.305382234001748,4.435466844958018,0.6574255898126276,0.6217845133412283,baseline,0.6217845133412283,0.5917744652061001,0.6026069875698238,0.6175208460038385,0.5933791822674099,0.5750981457130473,0.5911849037739872,22.280571428571427,6.0,45.0,34,middle,18
32,Uttarakhand,43947,84,0,51.28491666666667,62.58083333333334,0.007879498643993257,,False,250882450.74012178,19762.1424,187757.99999999988,6,16.89,False,3.701489432708474,3.5161897519983,3.7304244152861896,3.653352198026269,3.646900456275414,3.686874529109168,3.765577516336978,0.9999539905590497,0.6271945313104674,baseline,0.6271945313104674,0.6145981700028095,0.6264667416446346,0.6229006635966107,0.6153628036711435,0.6207794643071667,0.6232373922301954,38.93228571428571,3.0,112.0,31,middle,56
33,Maharashtra,47063,4,0,2.0021666666666667,658.4083333333333,0.6482592503710815,,False,7115832.036757573,208136.72736000002,0.0,0,171.0,False,1.3716477591331362,1.365305286,1.360569431,1.393128852,1.417457646,1.397460097,1.382562124,0.7927434558828943,0.6283630218245824,opt50,0.6277468283035114,0.6278217071686584,0.6278415644540506,0.6279873791168777,0.6283024401479937,0.6283630218245824,0.6276611663972123,25.882571428571428,3.0,61.0,32,middle,74
34,Maharashtra,46827,5,0,2.6391666666666667,658.4083333333333,0.6482592503710815,,False,7350923.520757572,208136.72736000002,0.0,0,171.0,False,1.5203922825019958,1.5202636988427263,1.5184463554033734,1.5473571875345136,1.5815404979779035,1.5587413596860362,1.5432336367536283,0.5421645259297571,0.6289886115270593,opt50,0.6283247265947861,0.6284232439157202,0.6284542036043302,0.6285861385534895,0.6289386874659445,0.6289886115270593,0.6282844365304598,27.690857142857144,4.0,62.0,33,middle,75
35,Andhra Pradesh,48346,3,0,23.180000000000003,655.1041666666666,0.5561741613133476,,False,55469399.25058988,207145.34784,31806.0,2,90.64,False,4.196659531186166,3.9436102748945894,4.0228996552816385,4.010408817530409,4.043226124858545,3.8748816584202648,3.724094201194787,0.7504682815740576,0.6296789303849143,baseline,0.6296789303849143,0.6257319401052645,0.6273837320923076,0.6272682857484613,0.626892627483808,0.626561958176171,0.6210575736661591,66.12885714285714,50.0,79.0,35,middle,63
36,Maharashtra,46568,9,0,3.94225,658.4083333333333,0.6482592503710815,,False,7843078.278757572,208136.72736000002,0.0,0,171.0,False,1.7665863144160876,1.827637714677574,1.832502598911734,1.8569582352233425,1.944028902760844,1.8952504412391242,1.8832458660106504,0.6011134363968536,0.6303428768061912,bau50,0.6292865167898753,0.6296177708453531,0.6296741506100819,0.6297891374062613,0.6303428768061912,0.6302939720924897,0.6296031235321687,30.708571428571428,6.0,64.0,36,middle,76
37,Maharashtra,47284,8,0,4.2709166666666665,658.4083333333333,0.6482592503710815,,False,7962454.404757572,208136.72736000002,0.0,0,171.0,False,2.0438023941013435,1.9986828235921605,2.0056149013137694,2.009738716840458,2.0494067414279153,2.0327158337615083,2.0278370274203628,0.7691438880779772,0.6308230296903748,opt50,0.6303472044487072,0.6302745701168899,0.6303388137585129,0.6303764556246424,0.6307498691136793,0.6308230296903748,0.6301592884954971,32.908857142857144,8.0,65.0,37,middle,77
38,Gujarat,43905,59,0,42.531666666666666,493.0325,0.48474950421306723,re>=51%,False,29937058.607587922,76375.646928,0.0,0,153.61,False,4.530689409546703,4.5073782812953835,4.490523619734383,4.484752440519203,4.567165419467025,4.39033771461616,4.559937920837397,0.9965365908059123,0.6308767110332131,baseline,0.6308767110332131,0.6210787991826339,0.6169095066619169,0.6184811192933347,0.6112392256762149,0.5903201236240148,0.613156203846971,26.484285714285715,10.0,50.0,43,middle,19
39,Maharashtra,46321,12,15,34.83108333333333,658.4083333333333,0.6482592503710815,,False,19348703.83875757,208136.72736000002,94392.0,3,171.0,False,0.9837613210145006,1.3140353188587504,1.343495695306374,1.3713433860136837,1.7064000095142091,1.5152491558953534,1.512664949955408,0.7069073413557199,0.6324969377624479,bau50,0.6293665798156924,0.630721992169543,0.6308719364332372,0.6309998270520863,0.6324969377624479,0.6319064296761668,0.6312514174441005,37.52628571428571,6.0,70.0,38,middle,82
40,Maharashtra,47502,1,0,19.828916666666668,658.4083333333333,0.6482592503710815,,False,13719928.302757572,208136.72736000002,31806.0,2,171.0,False,2.3220384388518376,2.2854144254764206,2.2972137283570313,2.320549976107174,2.34462430796528,2.318684638335609,2.3068174685692866,0.6937421983834281,0.6330377448587382,opt50,0.6325325031779834,0.6324921870669097,0.6325749462755074,0.6326856747698405,0.63299976779338,0.6330377448587382,0.6323474190069326,39.92914285714286,13.0,69.0,39,middle,81
41,Maharashtra,46079,18,0,9.047416666666665,658.4083333333333,0.6482592503710815,,False,9752995.746757573,208136.72736000002,0.0,0,171.0,False,2.725636258334572,2.702085267509685,2.7582323521796512,2.7704222142626866,2.8785175447543576,2.707453850757433,2.7547070063329344,0.8681553856552199,0.6339957273869428,bau50,0.6330328018052217,0.6330422171975587,0.6332936812219548,0.6333620073938965,0.6339957273869428,0.6334816335073524,0.633016209176983,41.193714285714286,16.0,70.0,40,middle,80
42,Maharashtra,47731,264,0,4.480416666666667,658.4083333333333,0.6482592503710815,,False,8040564.810757572,208136.72736000002,0.0,0,171.0,False,3.574340909522184,3.5340732137112583,3.5205533885240397,3.6396550262305705,3.6143500346742847,3.472545408055024,3.565265336137072,0.9934362133882797,0.6367071251414606,bau50,0.636173580160237,0.6361194030002154,0.6361058449035384,0.6365808775822207,0.6367071251414606,0.6363043366163484,0.6360118738901716,50.78657142857143,25.0,75.0,41,middle,78
43,Andhra Pradesh,47940,86,0,40.74666666666666,655.1041666666666,0.5561741613133476,,False,62159479.44658987,207145.34784,126198.0,4,90.64,False,3.8440650700792682,3.7225965280231508,3.7568985367962324,3.751935334807143,3.8448560267543552,3.70868045446498,3.7545747607420674,0.9931852082853241,0.6372468428320399,opt50,0.637161506479965,0.6354751239823447,0.6363540154500792,0.6363678968126757,0.6365859629063699,0.6372468428320399,0.6351215274184429,75.78742857142858,61.0,86.0,42,middle,68
44,Gujarat,44473,79,0,22.10508333333333,493.0325,0.48474950421306723,re>=51%,False,22209189.67158792,76375.646928,0.0,0,153.61,False,4.578834625938001,4.463750033808785,4.521416758161101,4.580194223842441,4.566763351543225,4.435645227078216,4.541334823098468,0.7576787720343415,0.6383852088888449,baseline,0.6383852088888449,0.6129122535653606,0.6214713240647706,0.634067940789052,0.6104557755114133,0.5973439374481788,0.6092639908486841,24.62485714285714,7.0,49.0,49,middle,17
45,Maharashtra,45830,1,0,39.29016666666667,658.4083333333333,0.6482592503710815,,False,21050557.740757573,208136.72736000002,92340.0,3,171.0,False,3.5687997497460255,3.5460616218901624,3.5906326018412122,3.5462561291739556,3.5460861590050596,3.449483468681022,3.503735769018616,0.732219979067645,0.6395289567693009,bau50,0.639234017278683,0.6392465249090515,0.6394539519030603,0.6393070922709007,0.6395289567693009,0.6392981223764753,0.6388593237166623,64.74971428571429,42.900000000000034,83.0,44,middle,83
46,Rajasthan,44764,13,0,32.583333333333336,438.7583333333334,0.23781852705920317,zld,False,26160930.436344177,138723.65856,5006.879999999997,3,127.37,False,4.687064599452761,4.737266800257073,4.7993720285784915,4.712051567522223,4.844773746880581,4.608846336854746,4.7691716555723875,0.9928690276735298,0.6401597735763688,opt30,0.6292509926045927,0.6317427762968113,0.6401597735763688,0.6289965285770726,0.6302169950942182,0.6021999292421116,0.6213985967135025,28.967142857142857,7.0,55.0,53,middle,28
47,Karnataka,48539,47,0,64.50833333333334,396.4358333333333,0.3420636861832581,,False,52823115.19920552,125322.53472,93366.0,3,95.78,False,4.61482102441676,4.551962895004976,4.55395452615402,4.576184464942921,4.5642181476387576,4.531257605690256,4.49397429903785,0.9633792430217484,0.6404157474101683,baseline,0.6404157474101683,0.6254623741370469,0.62460387101413,0.6303442023378636,0.6092393003501382,0.6125399289148522,0.6012476763553483,43.742285714285714,25.0,68.0,45,middle,7
48,Andhra Pradesh,46850,1,0,42.71241666666666,655.1041666666666,0.5561741613133476,,False,62754757.46458987,207145.34784,155952.0,5,90.64,False,3.7349914211190987,3.630109566876743,3.7282300455777704,3.753112681592357,3.679630426594917,3.5299519959547303,3.7507214856002076,0.7903070626121198,0.6406497159300085,pes30,0.6395491706642843,0.6381477539062693,0.6401230714771344,0.6406497159300085,0.6380089147573145,0.6384378103314414,0.6393169184969641,78.50771428571429,60.0,90.0,46,middle,73
49,Maharashtra,45327,69,0,4.883333333333334,658.4083333333333,0.6482592503710815,,False,8200174.500757572,208136.72736000002,0.0,0,171.0,False,3.998890702839969,4.074993138488677,4.12628702035108,4.266521512071185,4.342328501489261,3.946344286283864,4.135772490926763,0.9878996474415105,0.6412055550641045,bau50,0.637796807719497,0.6381853179003123,0.6384183197006097,0.6389737445454795,0.6412055550641045,0.63811491419545,0.6381903425187259,61.25942857142857,34.0,85.0,47,middle,79
50,Andhra Pradesh,46849,4,0,42.472,655.1041666666666,0.5561741613133476,,False,62667335.08258987,207145.34784,155952.0,5,90.64,False,4.01727469844275,3.9278820622346067,3.976456376263078,3.9926994063670316,3.922622364728766,3.823604324757258,4.007894661195445,0.9215435924270426,0.644765531076861,pes30,0.6443985291690587,0.643263223193533,0.6443873184095166,0.644765531076861,0.6421832327924051,0.6434824935568391,0.6437348757002285,84.24714285714286,73.0,94.0,48,middle,72
51,Maharashtra,47940,192,8,40.74666666666666,658.4083333333333,0.6482592503710815,,False,21756712.50075757,208136.72736000002,126198.0,4,171.0,False,3.8440650700792682,3.7225965280231508,3.7568985367962324,3.751935334807143,3.8448560267543552,3.70868045446498,3.7545747607420674,0.9931852082853241,0.6466926665727282,opt50,0.6466073302206532,0.644920947723033,0.6457998391907674,0.645813720553364,0.6460317866470582,0.6466926665727282,0.6445673511591311,73.47514285714286,53.0,89.0,50,middle,84
52,Telangana,47731,145,0,4.480416666666667,681.7041666666667,0.634429036029098,,False,39319239.47701054,215521.87968,0.0,0,69.77,False,3.574340909522184,3.5340732137112583,3.5205533885240397,3.6396550262305705,3.6143500346742847,3.472545408055024,3.565265336137072,0.9934362133882797,0.6467935871464042,pes30,0.644882250278877,0.6445909298615614,0.6446482236458532,0.6467935871464042,0.6449804900736975,0.6455446606594195,0.6442238276174658,60.41028571428571,37.0,82.0,51,middle,85
53,Tamil Nadu,50458,79,0,85.83333333333333,498.325,0.45429456721404354,,False,85678290.36620566,157497.88608000003,282150.0,9,129.68,False,4.366542446226346,4.310055591119265,4.322326619661643,4.192610650101617,4.279329666963672,4.232971279620495,4.253009518942118,0.9757132162877861,0.6487658980957324,baseline,0.6487658980957324,0.6347956095182097,0.6355232126864478,0.6178183602191755,0.6119405599161541,0.6131739070970199,0.6107263427239169,85.46714285714286,59.0,110.0,52,middle,54
54,Karnataka,49101,14,0,49.06575,396.4358333333333,0.3420636861832581,,False,47012661.739205524,125322.53472,124146.0,5,95.78,False,4.673286147108828,4.537834947612982,4.533899217134611,4.437080357913053,4.569678599949423,4.4747518064402305,4.442060160636045,0.9325989882546903,0.6520843933232517,baseline,0.6520843933232517,0.62592994271565,0.6241568504191214,0.6115280069504411,0.6127293499957924,0.6064686144377959,0.5958848530358509,45.078,26.0,69.0,54,middle,9
55,Andhra Pradesh,47730,1,0,13.910833333333334,655.1041666666666,0.5561741613133476,,False,52026693.186589874,207145.34784,31806.0,1,90.64,False,4.504061825776995,4.249805089,4.241963937,4.334240807,4.464037425,4.363126733,4.317616911,0.6191153578239882,0.6525878501832024,baseline,0.6525878501832024,0.6324628897337269,0.6311324617463473,0.6344388977450235,0.6449737472671806,0.6404245508597276,0.6312396445700796,72.47114285714285,55.0,88.0,55,middle,61
56,Telangana,47940,175,6,40.74666666666666,681.7041666666667,0.634429036029098,,False,53035387.167010546,215521.87968,126198.0,4,69.77,False,3.8440650700792682,3.7225965280231508,3.7568985367962324,3.751935334807143,3.8448560267543552,3.70868045446498,3.7545747607420674,0.9931852082853241,0.667724950333936,opt50,0.667639613981861,0.6659532314842408,0.6668321229519752,0.6668460043145717,0.667064070408266,0.667724950333936,0.6655996349203389,83.948,67.0,94.0,56,middle,86
57,Tamil Nadu,49101,21,0,49.06575,498.325,0.45429456721404354,,False,71748288.36620566,157497.88608000003,124146.0,5,129.68,False,4.673286147108828,4.537834947612982,4.533899217134611,4.437080357913053,4.569678599949423,4.4747518064402305,4.442060160636045,0.9325989882546903,0.6687844522645167,baseline,0.6687844522645167,0.6426300016569146,0.6408569093603863,0.6282280658917059,0.6294294089370573,0.6231686733790608,0.6125849119771158,67.55114285714286,50.0,88.0,57,middle,44
58,Gujarat,44764,49,0,32.583333333333336,493.0325,0.48474950421306723,re>=51%,False,26127335.927587923,76375.646928,62586.0,3,153.61,False,4.687064599452761,4.737266800257073,4.7993720285784915,4.712051567522223,4.844773746880581,4.608846336854746,4.7691716555723875,0.9928690276735298,0.6698861399250381,opt30,0.6578106928117219,0.660568966377857,0.6698861399250381,0.6575290145092139,0.6588800067896067,0.6278665876144733,0.6491185033231796,35.059714285714286,15.0,64.0,61,middle,20
59,Rajasthan,44474,4,0,5.31,438.7583333333334,0.23781852705920317,zld,False,25345099.55954418,138723.65856,0.0,0,127.37,False,4.960196348425821,4.949319891602015,4.95476987952815,4.960324841803013,4.959055511999902,4.946663752224093,4.956652303311359,0.9708336638649028,0.671816697089845,baseline,0.671816697089845,0.6641426455248153,0.6637830201517164,0.6672891545145242,0.6468677437856608,0.6533421259817561,0.649343899335104,31.974,7.0,63.0,58,middle,26
60,Rajasthan,44763,3,0,71.96666666666667,438.7583333333334,0.23781852705920317,zld,False,27342087.901944175,138723.65856,17483.04,7,127.37,False,4.956100483323899,4.964593553822962,4.9802239711424585,4.961959926530834,4.989234311387092,4.950802009968074,4.9736601597935,0.9880476908341883,0.6729451505940746,baseline,0.6729451505940746,0.6690012346587388,0.670247189970584,0.6697393182754176,0.6546892385875235,0.657145577181942,0.6551331237029343,35.16571428571429,10.0,67.09999999999991,72,middle,30
61,Andhra Pradesh,48539,160,0,64.50833333333334,655.1041666666666,0.5561741613133476,,False,70959050.52658987,207145.34784,93366.0,3,90.64,False,4.61482102441676,4.551962895004976,4.55395452615402,4.576184464942921,4.5642181476387576,4.531257605690256,4.49397429903785,0.9633792430217484,0.6738245809718822,baseline,0.6738245809718822,0.6572719827858491,0.656321664956183,0.6626759099897941,0.6514712083405962,0.6498691812321539,0.6431631243827581,89.68885714285715,75.0,103.0,59,middle,67
62,Tamil Nadu,50459,95,0,76.79333333333334,498.325,0.45429456721404354,,False,82251737.64620566,157497.88608000003,250344.0,9,129.68,False,4.587729298852369,4.537461892183638,4.609551462706528,4.45409602371258,4.611014288125415,4.427471479557533,4.5737299309666,0.8515986540296661,0.677201894556091,baseline,0.677201894556091,0.6641912640128007,0.6741488407030802,0.6524723999375861,0.6574263112528789,0.637492165318431,0.6545203216322861,86.06885714285714,59.0,108.0,60,middle,51
63,Rajasthan,42203,4,0,73.92225,438.7583333333334,0.23781852705920317,zld,False,27403765.850904178,138723.65856,20027.51999999999,8,127.37,False,4.999999999999999,4.999999999999999,4.999999999999999,4.999999999999999,4.999999999999999,4.999999999999999,4.999999999999999,1.0000000000000002,0.6801076495060758,baseline,0.6801076495060758,0.6748532566979886,0.673687445804559,0.6759977077948575,0.6567392030648546,0.6651256280964218,0.659586172609905,36.82371428571429,11.0,70.0,81,middle,31
64,Andhra Pradesh,49101,17,0,49.06575,655.1041666666666,0.5561741613133476,,False,65148597.06658988,207145.34784,124146.0,5,90.64,False,4.673286147108828,4.537834947612982,4.533899217134611,4.437080357913053,4.569678599949423,4.4747518064402305,4.442060160636045,0.9325989882546903,0.6835569716761574,baseline,0.6835569716761574,0.6546053696679159,0.6526426496986404,0.647858148336477,0.6520275318356882,0.6501274401209947,0.6466519875245637,91.33371428571428,81.0,103.0,62,middle,69
65,Andhra Pradesh,47939,13,0,12.734166666666667,655.1041666666666,0.5561741613133476,,False,51590109.66658987,207145.34784,31806.0,1,90.64,False,4.712017767799064,4.605861774184602,4.679169200592464,4.618678152372777,4.688893799830293,4.622829735807162,4.610225967785245,0.9333158416961618,0.6880666518301223,baseline,0.6880666518301223,0.6641187143490188,0.6753492399107945,0.667574617920203,0.6582494020301182,0.6562488937830075,0.6479642655079442,78.274,60.0,97.0,63,middle,60
66,Madhya Pradesh,45051,44,0,4.2740833333333335,728.9525,0.6650853379118085,,False,32256011.99083682,230494.05792000002,0.0,0,165.16,False,3.4578398253557703,3.2457496058182116,3.413366064249323,3.4222592142412895,3.367284161406894,3.1828021369466173,3.360364635919646,0.9961793103337238,0.6896516851169323,pes30,0.6894737588651433,0.6862304607471341,0.6893997462449134,0.6896516851169323,0.6873288448663724,0.6871598011794955,0.6872965964618596,62.15971428571429,32.0,90.0,64,middle,90
67,Punjab,40652,38,0,60.13833333333333,686.0758333333333,0.7014196397499132,,False,89697436.12616308,216929.99232000002,155952.0,7,41.11,False,3.3664601752839705,3.340434140917211,3.4685834513664733,3.3793108742617837,3.266215234242928,3.2701911460101254,3.4934201488102805,1.0,0.6931528967999676,opt30,0.6926275268044707,0.6926275268044707,0.6931528967999676,0.692835246460278,0.6926275268044707,0.6927793066902954,0.69298331771144,91.80714285714286,65.0,107.0,65,middle,89
68,Punjab,43905,93,0,42.531666666666666,686.0758333333333,0.7014196397499132,,False,83158686.82616308,216929.99232000002,0.0,0,41.11,False,4.530689409546703,4.5073782812953835,4.490523619734383,4.484752440519203,4.567165419467025,4.39033771461616,4.559937920837397,0.9965365908059123,0.6931635477421944,bau50,0.6926434431976808,0.6926537710589095,0.6926275268044707,0.6926275268044707,0.6931635477421944,0.6926275268044708,0.6926275268044707,93.97742857142858,71.0,110.0,66,middle,88
69,Madhya Pradesh,47731,7,0,4.480416666666667,728.9525,0.6650853379118085,,False,32333045.096836824,230494.05792000002,0.0,0,165.16,False,3.574340909522184,3.5340732137112583,3.5205533885240397,3.6396550262305705,3.6143500346742847,3.472545408055024,3.565265336137072,0.9934362133882797,0.6933869625591256,pes30,0.6914756256915984,0.6911843052742828,0.6912415990585745,0.6933869625591256,0.691573865486419,0.692138036072141,0.6908172030301871,66.646,38.0,92.0,67,middle,91
70,Tamil Nadu,50057,2,0,51.745000000000005,498.325,0.45429456721404354,,False,72899326.98620565,157497.88608000003,156978.0,5,129.68,False,4.622068916823272,4.230664231,4.814181482,4.344183159,5.0,4.434649355,4.531532544,0.7102697794392955,0.7009562646733701,bau50,0.6660101187593646,0.6003621629030735,0.6892327955280925,0.6190225323924679,0.7009562646733701,0.622109345138984,0.6315189211666796,72.89057142857143,52.0,95.0,68,middle,47
71,Gujarat,44474,268,0,5.31,493.0325,0.48474950421306723,re>=51%,False,15929449.96758792,76375.646928,0.0,0,153.61,False,4.960196348425821,4.949319891602015,4.95476987952815,4.960324841803013,4.959055511999902,4.946663752224093,4.956652303311359,0.9708336638649028,0.7029415215127377,baseline,0.7029415215127377,0.6952674699477079,0.6949078445746091,0.6984139789374169,0.6768790231195592,0.6840458238833311,0.6796199971531389,29.746,8.0,66.0,74,middle,15
72,Tamil Nadu,50256,26,0,74.10000000000001,498.325,0.45429456721404354,,False,81247714.56620565,157497.88608000003,219564.0,8,129.68,False,4.612021516409818,4.290434008840724,4.780213424000186,4.374566425292307,4.93894926242888,4.444796864037338,4.547131994049744,0.771718344843179,0.7032421365123638,bau50,0.6761657820696109,0.6212905847148498,0.6956975123718759,0.635416628984726,0.7032421365123638,0.6353810736915351,0.6456318817105529,82.37171428571429,57.0,105.0,69,middle,48
73,Gujarat,44763,109,1,71.96666666666667,493.0325,0.48474950421306723,re>=51%,False,40891804.24758792,76375.646928,218538.0,7,153.61,False,4.956100483323899,4.964593553822962,4.9802239711424585,4.961959926530834,4.989234311387092,4.950802009968074,4.9736601597935,0.9880476908341883,0.7065664080022921,baseline,0.7065664080022921,0.7022007003746727,0.7035799074109739,0.7030177201408105,0.6863580730370177,0.6890771107430678,0.6868494305268601,58.798857142857145,25.0,96.0,76,middle,34
74,Tamil Nadu,48731,1,0,4.7725,498.325,0.45429456721404354,,False,55160474.40620566,157497.88608000003,0.0,0,129.68,False,4.948117050623396,4.848861733683031,4.844076212189408,4.845988523250458,4.807668205871439,4.834898867817335,4.805290689599206,0.7973727331632721,0.7077992353788483,baseline,0.7077992353788483,0.685029943688023,0.6829220781554866,0.6858060422991433,0.6579427229606589,0.6718770920033821,0.6606880852969743,55.779714285714284,33.0,85.0,70,middle,40
75,Andhra Pradesh,48147,2,0,21.346833333333336,655.1041666666666,0.5561741613133476,,False,54792236.172589876,207145.34784,31806.0,1,90.64,False,4.826026450749164,4.623889686258192,4.767893340882427,4.650240465029417,4.686679203122677,4.587127926119056,4.576454819896996,0.7356867541154944,0.707835678991785,baseline,0.707835678991785,0.6674940837747813,0.6907996297600693,0.6732616829990933,0.6581673209932039,0.6504471472014428,0.6424922788195498,80.32942857142856,61.0,99.0,71,middle,62
76,Madhya Pradesh,45327,7,0,4.883333333333334,728.9525,0.6650853379118085,,False,32492654.78683682,230494.05792000002,0.0,0,165.16,False,3.998890702839969,4.074993138488677,4.12628702035108,4.266521512071185,4.342328501489261,3.946344286283864,4.135772490926763,0.9878996474415105,0.7100734822998195,bau50,0.698770245906471,0.7004782095506685,0.7016490279984331,0.7041574621398237,0.7100734822998195,0.7002787746961943,0.700619427411104,77.19542857142856,50.0,97.0,73,middle,92
77,Gujarat,44186,9,0,17.268333333333334,493.0325,0.48474950421306723,re>=51%,False,20358499.07958792,76375.646928,0.0,0,153.61,False,5.0,5.0,5.0,5.0,5.0,5.0,5.0,0.7430492243746136,0.7101497016408161,baseline,0.7101497016408161,0.7043333650005621,0.7030428736226383,0.7056002122064757,0.6842820597978442,0.6935653914735369,0.687433505432643,32.38914285714286,11.0,69.0,77,middle,16
78,Tamil Nadu,48918,29,12,53.17641666666666,498.325,0.45429456721404354,,False,73249874.25020565,157497.88608000003,124146.0,6,129.68,False,4.943346226421216,4.816392768,4.811364178,4.817622097,4.761698024,4.811653713,4.781521711,0.8155567213929277,0.7109254661915557,baseline,0.7109254661915557,0.6860822131243678,0.6841404931061668,0.6874163491206711,0.6595287856415788,0.6756233505153968,0.6654345409754712,74.28485714285715,52.0,100.0,75,middle,45
79,Gujarat,45326,31,0,41.336666666666666,493.0325,0.48474950421306723,re>=51%,False,29377262.747587923,76375.646928,106135.55094752382,3,153.61,False,4.999999999999999,4.999999999999999,4.999999999999999,4.999999999999999,4.999999999999999,4.999999999999999,4.999999999999999,0.7348426685291509,0.7119627842693332,baseline,0.7119627842693332,0.7061464476290792,0.7048559562511554,0.7074132948349928,0.6860951424263613,0.6953784741020541,0.6892465880611601,43.984857142857145,17.0,81.0,78,middle,22
80,Gujarat,45581,15,0,44.900416666666665,493.0325,0.48474950421306723,re>=51%,False,30660660.497587923,76375.646928,154926.0,5,153.61,False,5.0,5.0,5.0,5.0,5.0,5.0,5.0,0.69048698064809,0.7125314930139828,baseline,0.7125314930139828,0.7067151563737287,0.7054246649958049,0.7079820035796424,0.6866638511710108,0.6959471828467036,0.6898152968058097,49.064,19.0,87.0,79,middle,24
81,Gujarat,45579,1,0,67.39583333333333,493.0325,0.48474950421306723,re>=51%,False,39216794.60958792,76375.646928,155952.0,7,153.61,False,5.0,5.0,5.0,5.0,5.0,5.0,5.0,0.10506161394654248,0.713332341371285,baseline,0.713332341371285,0.7075160047310309,0.7062255133531071,0.7087828519369446,0.687464699528313,0.6967480312040057,0.6906161451631119,51.80571428571429,22.0,90.0,80,middle,25
82,Gujarat,45050,5,0,59.227666666666664,493.0325,0.48474950421306723,re>=51%,False,36132110.21958792,76375.646928,218538.0,7,153.61,False,5.0,5.0,5.0,5.0,5.0,5.0,5.0,0.5412932886199974,0.7136242704574223,baseline,0.7136242704574223,0.7078079338171682,0.7065174424392444,0.7090747810230819,0.6877566286144503,0.6970399602901431,0.6909080742492492,57.25942857142857,24.0,96.0,82,middle,32
83,Gujarat,45325,11,0,61.931333333333335,493.0325,0.48474950421306723,re>=51%,False,37144630.63158792,76375.646928,218538.0,7,153.61,False,5.0,5.0,5.0,5.0,5.0,5.0,5.0,0.9125308812055605,0.7137179218468144,baseline,0.7137179218468144,0.7079015852065603,0.7066110938286365,0.709168432412474,0.6878502800038424,0.6971336116795352,0.6910017256386413,58.51285714285714,25.0,97.0,83,middle,33
84,Gujarat,45045,43,0,67.25791666666667,493.0325,0.48474950421306723,re>=51%,False,39096540.22758792,76375.646928,249318.0,8,153.61,False,5.0,5.0,5.0,5.0,5.0,5.0,5.0,0.9620614702573128,0.7146429386219525,baseline,0.7146429386219525,0.7093885458138651,0.7082227349204356,0.7105329969107341,0.6912744921807312,0.6996609172122985,0.6941214617257818,62.753142857142855,28.0,102.0,86,middle,35
85,Gujarat,45044,1,0,69.62091666666667,493.0325,0.48474950421306723,re>=51%,False,40066475.48358792,76375.646928,250344.0,8,153.61,False,5.0,5.0,5.0,5.0,5.0,5.0,5.0,0.19467375749591384,0.7150960762366085,baseline,0.7150960762366085,0.7098416834285213,0.7086758725350917,0.7109861345253902,0.6917276297953873,0.7001140548269545,0.6945745993404377,64.06142857142858,29.0,103.0,87,middle,36
86,Gujarat,45321,1,0,75.1195,493.0325,0.48474950421306723,re>=51%,False,42096934.61358792,76375.646928,281124.0,9,153.61,False,5.0,5.0,5.0,5.0,5.0,5.0,5.0,0.15615950759510028,0.7202023369255008,baseline,0.7202023369255008,0.7149479441174136,0.713782133223984,0.7160923952142825,0.6968338904842796,0.7052203155158469,0.69968086002933,67.66971428571429,30.0,107.0,89,middle,37
87,Gujarat,45580,12,0,75.13658333333333,493.0325,0.48474950421306723,re>=51%,False,42103252.72158792,76375.646928,281124.0,9,153.61,False,5.0,5.0,5.0,5.0,5.0,5.0,5.0,0.5249612551904449,0.7202043181601878,baseline,0.7202043181601878,0.7149499253521006,0.713784114458671,0.7160943764489694,0.6968358717189665,0.7052222967505338,0.699682841264017,68.67085714285714,31.0,108.0,90,middle,38
88,Gujarat,45322,5,0,75.15683333333334,493.0325,0.48474950421306723,re>=51%,False,42110925.14958792,76375.646928,281124.0,9,153.61,False,5.0,5.0,5.0,5.0,5.0,5.0,5.0,0.9566985434678736,0.7202067240830505,baseline,0.7202067240830505,0.7149523312749633,0.7137865203815337,0.7160967823718322,0.6968382776418293,0.7052247026733965,0.6996852471868797,69.67257142857143,32.0,109.0,91,avoid,39
89,Madhya Pradesh,43947,230,0,51.28491666666667,728.9525,0.6650853379118085,,False,49909913.822836824,230494.05792000002,187757.99999999988,6,165.16,False,3.701489432708474,3.5161897519983,3.7304244152861896,3.653352198026269,3.646900456275414,3.686874529109168,3.765577516336978,0.9999539905590497,0.7227721413918868,opt50,0.7206119344753762,0.7178289082209897,0.7217991125866733,0.7205741330567529,0.7190849421390961,0.7227721413918868,0.7212104918612899,92.67885714285714,72.0,105.0,84,avoid,95
90,Andhra Pradesh,48731,21,0,4.7725,655.1041666666666,0.5561741613133476,,False,48560783.106589876,207145.34784,0.0,0,90.64,False,4.948117050623396,4.848861733683031,4.844076212189408,4.845988523250458,4.807668205871439,4.834898867817335,4.805290689599206,0.7973727331632721,0.7278192138873931,baseline,0.7278192138873931,0.7050499221965678,0.7029420566640314,0.7058260208076883,0.6779627014692038,0.691897070511927,0.6807080638055192,76.82314285714286,51.0,102.0,85,avoid,59
91,Andhra Pradesh,48918,4,0,53.17641666666666,655.1041666666666,0.5561741613133476,,False,66650182.95058987,207145.34784,124146.0,6,90.64,False,4.943346226421216,4.816392768,4.811364178,4.817622097,4.761698024,4.811653713,4.781521711,0.8155567213929277,0.7298225196499109,baseline,0.7298225196499109,0.7023223443955243,0.7001729624023101,0.7037991628142838,0.6729290959587567,0.6907449332597768,0.6794664566760645,96.61657142857143,84.0,111.0,88,avoid,70
92,Madhya Pradesh,44764,13,0,32.583333333333336,728.9525,0.6650853379118085,,False,42845394.926836826,230494.05792000002,62586.0,3,165.16,False,4.687064599452761,4.737266800257073,4.7993720285784915,4.712051567522223,4.844773746880581,4.608846336854746,4.7691716555723875,0.9928690276735298,0.7336134400108856,bau50,0.7224253209336867,0.7257315316520394,0.722867033323765,0.722951701517752,0.7336134400108856,0.7232082281874646,0.7205048430411927,96.04742857142857,78.0,112.0,92,avoid,93
93,Andhra Pradesh,46592,1,0,36.098,655.1041666666666,0.5561741613133476,,False,60231250.95658988,207145.34784,124146.0,4,90.64,False,5.0,5.0,5.0,5.0,5.0,5.0,5.0,0.1071619674688807,0.7389053596102054,baseline,0.7389053596102054,0.7330890229699514,0.7317985315920276,0.734355870175865,0.7130377177672335,0.7223210494429262,0.7161891634020323,97.04571428571428,83.0,114.0,93,avoid,65
94,Himachal Pradesh,40652,44,0,60.13833333333333,24.065833333333334,0.0,,False,339534444.1355168,7610.17248,155952.0,7,42.84,False,3.3664601752839705,3.340434140917211,3.4685834513664733,3.3793108742617837,3.266215234242928,3.2701911460101254,3.4934201488102805,1.0,0.7831241916401933,pes50,0.7807835897075637,0.780386578721998,0.7830668290017059,0.7806095174884644,0.7778377116478917,0.7783212485025106,0.7831241916401933,42.39257142857143,2.0,114.0,94,avoid,96
95,Himachal Pradesh,43947,7,0,51.28491666666667,24.065833333333334,0.0,,False,336250491.05151683,7610.17248,187757.99999999988,6,42.84,False,3.701489432708474,3.5161897519983,3.7304244152861896,3.653352198026269,3.646900456275414,3.686874529109168,3.765577516336978,0.9999539905590497,0.7877374021163083,pes50,0.7866649056182818,0.7830553973331208,0.7874719609947207,0.785260726745077,0.784639893416715,0.7858495013940316,0.7877374021163083,48.15085714285714,4.0,116.0,95,avoid,94
96,Jammu and Kashmir,40652,13,0,60.13833333333333,23.999166666666667,0.0,,False,345158795.7,7589.125440000001,155952.0,7,15.94,False,3.3664601752839705,3.340434140917211,3.4685834513664733,3.3793108742617837,3.266215234242928,3.2701911460101254,3.4934201488102805,1.0,0.7953665202137858,pes50,0.7930259182811562,0.7926289072955905,0.7953091575752984,0.7928518460620569,0.7900800402214843,0.790563577076103,0.7953665202137858,44.059714285714286,3.0,115.0,96,avoid,97
97,Himachal Pradesh,43905,1,0,42.531666666666666,24.065833333333334,0.0,,False,332995694.83551687,7610.17248,0.0,0,42.84,False,4.530689409546703,4.5073782812953835,4.490523619734383,4.484752440519203,4.567165419467025,4.39033771461616,4.559937920837397,0.9965365908059123,0.7991819598755081,baseline,0.7991819598755081,0.7958878076182883,0.7944860513484236,0.7950144426399777,0.7925796483114319,0.7855464448804176,0.7932241548210371,43.83457142857143,1.0,114.0,97,avoid,87
98,Uttar Pradesh,43947,300,10,51.28491666666667,764.2533333333334,0.8537858133146418,,False,61080997.73560838,241699.54176,187757.99999999988,6,172.2,False,3.701489432708474,3.5161897519983,3.7304244152861896,3.653352198026269,3.646900456275414,3.686874529109168,3.765577516336978,0.9999539905590497,0.833838520586252,opt50,0.8333761176280817,0.8327702196533973,0.8336230696942902,0.8333518311338879,0.8335497989440015,0.833838520586252,0.8334927355668404,104.06057142857144,89.0,112.0,98,avoid,102
99,Odisha,45611,57,0,23.462416666666666,740.2983333333333,0.8782842882682488,,False,21018679.80511141,234100.77408,31806.0,1,75.82,False,1.630419731665225,1.5137444385407304,1.5648706622932547,1.5521066359472682,1.5472269699981238,1.571140200967667,1.5737906594404762,0.9923518860178384,0.8348402267333754,opt50,0.8345477339123821,0.8342028921664378,0.8344352561731545,0.8344086544596186,0.8346126026535947,0.8348402267333754,0.8342051278557068,55.706,9.0,98.0,99,avoid,100
100,Odisha,45858,92,1,4.8101666666666665,740.2983333333333,0.8782842882682488,,False,14127261.473111408,234100.77408,0.0,0,75.82,False,3.24265286370168,3.178970617485106,3.2749409135797025,3.2325044493332915,3.209727877451434,3.16259415084556,3.2203609921332506,0.9849053451143641,0.8397555932068907,opt30,0.8394958856300697,0.8393526364296031,0.8397555932068907,0.8396161136228435,0.8397519796242743,0.8397093316992963,0.8392839028171741,71.52857142857142,30.0,100.0,100,avoid,99
101,Odisha,47731,7,0,4.480416666666667,740.2983333333333,0.8782842882682488,,False,14012555.699111408,234100.77408,0.0,0,75.82,False,3.574340909522184,3.5340732137112583,3.5205533885240397,3.6396550262305705,3.6143500346742847,3.472545408055024,3.565265336137072,0.9934362133882797,0.841285334096507,bau50,0.8407517891152834,0.8406976119552618,0.8406840538585848,0.8411590865372671,0.841285334096507,0.8408825455713949,0.840590082845218,77.61971428571428,39.0,102.0,101,avoid,98
102,West Bengal,43666,4,0,4.665916666666667,782.9516666666667,0.8840065572090878,,False,14690598.571830874,247579.65792000003,0.0,0,97.15,False,0.3854525401533724,0.4195057382499968,0.42706124290051595,0.41208866432023755,0.536901121357362,0.4825495333902621,0.5184501944027867,1.0000000000000002,0.8428342011673148,bau50,0.8418767257853506,0.842105275116052,0.8421718903560044,0.8421368870182422,0.8428342011673148,0.8427640955449668,0.8422554848267595,44.97742857142857,1.0,98.0,102,avoid,104
103,Odisha,46849,6,0,42.472,740.2983333333333,0.8782842882682488,,False,28236559.025111407,234100.77408,155952.0,5,75.82,False,4.01727469844275,3.9278820622346067,3.976456376263078,3.9926994063670316,3.922622364728766,3.823604324757258,4.007894661195445,0.9215435924270426,0.8473091463528588,pes30,0.84724380010722,0.8470027451894745,0.8472254013947508,0.8473091463528588,0.8472650751237119,0.8470250524220032,0.8470809356164338,99.74228571428571,79.0,109.0,103,avoid,101
104,West Bengal,45082,86,4,1.3945,782.9516666666667,0.8840065572090878,,False,13473200.323830873,247579.65792000003,0.0,0,97.15,False,2.0892397614091562,1.9765784328367624,2.13719769887083,2.0893428904967415,2.2169612113031394,2.252732674163358,2.2180222007542327,0.9804512884915759,0.8494356828770584,opt50,0.8482957342753898,0.847966162180442,0.8486150521729917,0.8484549604926658,0.8491629485178884,0.8494356828770584,0.8486584580828977,61.38,15.0,100.0,104,avoid,103
105,West Bengal,45080,4,0,42.69075,782.9516666666667,0.8840065572090878,,False,28936508.023830872,247579.65792000003,124146.0,4,97.15,False,3.2464118075587645,3.0743707913435254,3.183520417617653,3.162584210508787,3.2789845913717173,3.193310888740758,3.237089785614224,0.98928283922959,0.8572419709415322,bau50,0.856736714784354,0.8561812545195412,0.8566343472084929,0.8565766574406137,0.8572419709415322,0.8570527118605088,0.8565740709914373,89.594,52.0,107.0,105,avoid,105
106,West Bengal,43947,14,0,51.28491666666667,782.9516666666667,0.8840065572090878,,False,32206272.553830873,247579.65792000003,187757.99999999988,6,97.15,False,3.701489432708474,3.5161897519983,3.7304244152861896,3.653352198026269,3.646900456275414,3.686874529109168,3.765577516336978,0.9999539905590497,0.8607612193868663,opt50,0.8602988164286961,0.8596929184540116,0.8605457684949046,0.8602745299345023,0.8604724977446159,0.8607612193868663,0.8604154343674548,101.41514285714285,77.0,112.0,106,avoid,106
107,Haryana,43905,51,0,42.531666666666666,769.2191666666666,0.9530667570315147,,False,55007871.3486144,243256.91903999998,0.0,0,32.46,False,4.530689409546703,4.5073782812953835,4.490523619734383,4.484752440519203,4.567165419467025,4.39033771461616,4.559937920837397,0.9965365908059123,0.9138755910475203,bau50,0.9133554865030067,0.9133658143642354,0.9133395701097966,0.9133395701097966,0.9138755910475203,0.9133395701097967,0.9133395701097966,104.2,81.0,116.0,107,avoid,107
108,Haryana,43947,23,0,51.28491666666667,769.2191666666666,0.9530667570315147,,False,58262667.5646144,243256.91903999998,187757.99999999988,6,32.46,False,3.701489432708474,3.5161897519983,3.7304244152861896,3.653352198026269,3.646900456275414,3.686874529109168,3.765577516336978,0.9999539905590497,0.9157397147999325,opt50,0.9152773118417623,0.9146714138670778,0.9155242639079708,0.9152530253475685,0.9154509931576821,0.9157397147999325,0.915393929780521,107.71057142857143,93.0,115.0,108,avoid,108
109,Chhattisgarh,45858,171,0,4.8101666666666665,805.8641666666666,0.9565986977502124,,False,5758988.697032339,254832.54912,0.0,0,167.86,False,3.24265286370168,3.178970617485106,3.2749409135797025,3.2325044493332915,3.209727877451434,3.16259415084556,3.2203609921332506,0.9849053451143641,0.9164157225243876,opt30,0.9161560149475666,0.9160127657471,0.9164157225243876,0.9162762429403404,0.9164121089417712,0.9163694610167932,0.915944032134671,79.48657142857142,31.0,107.0,109,avoid,110
110,Chhattisgarh,47731,1,0,4.480416666666667,805.8641666666666,0.9565986977502124,,False,5644282.923032339,254832.54912,0.0,0,167.86,False,3.574340909522184,3.5340732137112583,3.5205533885240397,3.6396550262305705,3.6143500346742847,3.472545408055024,3.565265336137072,0.9934362133882797,0.917945463414004,bau50,0.9174119184327804,0.9173577412727588,0.9173441831760818,0.9178192158547641,0.917945463414004,0.9175426748888919,0.917250212162715,85.188,41.0,110.0,110,avoid,109
111,Jharkhand,45611,3,0,23.462416666666666,814.4708333333333,0.963600794680506,,False,21849877.436021768,257552.48160000003,31806.0,1,39.25,False,1.630419731665225,1.5137444385407304,1.5648706622932547,1.5521066359472682,1.5472269699981238,1.571140200967667,1.5737906594404762,0.9923518860178384,0.9194140833866151,opt50,0.9191215905656218,0.9187767488196775,0.9190091128263942,0.9189825111128583,0.9191864593068344,0.9194140833866151,0.9187789845089465,66.55228571428572,13.0,107.0,111,avoid,113
112,Jharkhand,45082,24,0,1.3945,814.4708333333333,0.963600794680506,,False,13687549.826021766,257552.48160000003,0.0,0,39.25,False,2.0892397614091562,1.9765784328367624,2.13719769887083,2.0893428904967415,2.2169612113031394,2.252732674163358,2.2180222007542327,0.9804512884915759,0.9207567883783215,opt50,0.919616839776653,0.9192872676817051,0.9199361576742549,0.9197760659939289,0.9204840540191516,0.9207567883783215,0.9199795635841609,68.65914285714285,17.0,106.0,112,avoid,112
113,Chhattisgarh,43947,2,0,51.28491666666667,805.8641666666666,0.9565986977502124,,False,23221151.64903234,254832.54912,187757.99999999988,6,167.86,False,3.701489432708474,3.5161897519983,3.7304244152861896,3.653352198026269,3.646900456275414,3.686874529109168,3.765577516336978,0.9999539905590497,0.9241685975523868,opt50,0.9237061945942165,0.9231002966195321,0.923953146660425,0.9236819081000227,0.9238798759101363,0.9241685975523868,0.9238228125329753,103.85571428571428,76.90000000000003,114.0,113,avoid,111
114,Bihar,43947,45,0,51.28491666666667,815.09,0.9572845874357575,,False,61254275.0117123,257749.37856,187757.99999999988,6,60.98,False,3.701489432708474,3.5161897519983,3.7304244152861896,3.653352198026269,3.646900456275414,3.686874529109168,3.765577516336978,0.9999539905590497,0.9285288097416283,opt50,0.9280664067834581,0.9274605088087736,0.9283133588496666,0.9280421202892642,0.9282400880993779,0.9285288097416283,0.9281830247222168,110.64285714285714,96.0,116.0,114,avoid,114
115,Jharkhand,45080,24,0,42.69075,814.4708333333333,0.963600794680506,,False,29150857.526021767,257552.48160000003,124146.0,4,39.25,False,3.2464118075587645,3.0743707913435254,3.183520417617653,3.162584210508787,3.2789845913717173,3.193310888740758,3.237089785614224,0.98928283922959,0.9285630764427953,bau50,0.9280578202856171,0.9275023600208043,0.927955452709756,0.9278977629418769,0.9285630764427953,0.9283738173617719,0.9278951764927005,95.33342857142857,58.0,112.0,115,avoid,115
116,Jharkhand,43947,4,0,51.28491666666667,814.4708333333333,0.963600794680506,,False,32420622.056021765,257552.48160000003,187757.99999999988,6,39.25,False,3.701489432708474,3.5161897519983,3.7304244152861896,3.653352198026269,3.646900456275414,3.686874529109168,3.765577516336978,0.9999539905590497,0.9320823248881295,opt50,0.9316199219299592,0.9310140239552748,0.9318668739961677,0.9315956354357654,0.931793603245879,0.9320823248881295,0.931736539868718,106.63057142857143,83.0,115.0,116,avoid,116
117,Odisha,46104,2,0,100.0,740.2983333333333,0.8782842882682488,,False,49888836.20911141,234100.77408,751032.0,12,75.82,False,3.784942666891989,3.757369388095109,3.7565731925465315,3.778494700853183,3.913505812419495,3.78987070941245,3.9431601751838508,0.9050753889203661,0.9388925006845394,pes50,0.938354547006359,0.9370400195764079,0.9368618731115789,0.9376488447455356,0.9378663877855243,0.9363885314232204,0.9388925006845394,114.14457142857142,109.0,117.0,117,avoid,117
