rank,state,basin_id,n_plants,n_existing_dc,cf_mean,ci_mean,grid_fossil_share,legal_flags,excluded,new_scarcity_m3eq,new_carbon_tco2,basin_pressure,state_generation_twh,small_grid,max_regret,mean_rank,rank_p10,rank_p90,rank_nolegal,recommendation
1,Mizoram,6953,4,0,1.3945,25.21166666666667,0.0,,False,7736066.772044408,7972.6550400000015,0.014375651772538592,0.34,True,0.008077709747896256,1.388,1.0,2.0,1,preferable
2,Manipur,7465,3,0,1.8593333333333335,24.423333333333332,0.0,,False,10279643.639613368,7722.492480000001,0.005337841296320462,0.64,True,0.014092576438776027,2.102,1.0,3.0,2,preferable
3,Goa,7489,4,0,7.039083333333333,47.79,0.0,,False,3065029.210513274,15112.34496,1.337983401776119,0.07,True,0.02709388107145147,5.308,1.0,8.0,3,preferable
4,Chandigarh,6890,3,0,42.531666666666666,47.064166666666665,0.0,,False,17344540.8,14879.021760000001,0.11910837410031684,0.01,True,0.03266446818976425,6.326,4.0,8.0,4,preferable
5,Meghalaya,6865,5,0,4.665916666666667,24.005,0.0,,False,19776427.59052174,7591.026240000001,0.010057475184363172,1.02,True,0.03676874356409952,3.588,3.0,5.0,5,preferable
6,Arunachal Pradesh,6865,8,0,4.665916666666667,24.010833333333334,0.0,,False,26582597.80897417,7592.806080000001,0.010057475184363172,4.3,True,0.05303724138559039,5.894,5.0,7.0,6,preferable
7,Nagaland,6865,4,0,4.665916666666667,23.8575,0.0,,False,26596086.426,7543.66176,0.010057475184363172,0.31,True,0.053058815826258265,5.19,4.0,7.0,7,preferable
8,Sikkim,6865,10,0,4.665916666666667,24.015,0.0,,False,26596086.426,7594.00704,0.010057475184363172,1.99,True,0.0530697425357667,7.052,6.0,8.0,8,preferable
9,Dadra and Nagar Haveli and Daman and Diu,7148,6,0,39.29016666666667,129.9425,0.0,,False,31741271.785382453,41102.190720000006,7.674749206950547,0.03,True,0.14293103094849635,15.662,9.0,23.100000000000023,9,preferable
10,Kerala,7731,2,0,11.69225,29.290000000000003,0.21923414206372407,,False,121524276.5736667,9258.91776,2.18711391771599,9.25,True,0.2970321281224083,24.214,10.0,57.0,10,preferable
11,Kerala,7810,19,0,22.211416666666665,29.290000000000003,0.21923414206372407,,False,125618001.1836667,9258.91776,2.75955663215013,9.25,True,0.30748187349797046,26.624,11.0,62.30000000000007,11,preferable
12,Kerala,7881,6,0,26.846249999999998,29.290000000000003,0.21923414206372407,,False,127303780.74366671,9258.91776,3.3273244293933466,9.25,True,0.3121707172194287,28.65,12.0,68.10000000000002,12,preferable
13,Kerala,7842,8,0,25.711416666666665,29.290000000000003,0.21923414206372407,,False,126878740.7496667,9258.91776,4.786813233773888,9.25,True,0.3131176763794626,31.334,14.0,79.10000000000002,13,preferable
14,Kerala,7685,4,0,25.989333333333335,29.290000000000003,0.21923414206372407,,False,126983595.89766671,9258.91776,4.869896099752852,9.25,True,0.3135054722146534,32.422,15.0,80.10000000000002,14,preferable
15,Kerala,7920,2,0,26.04941666666667,29.290000000000003,0.21923414206372407,,False,127003276.6296667,9258.91776,9.672665903935245,9.25,True,0.3237020607488478,39.68,17.0,96.10000000000002,15,preferable
16,Kerala,7648,5,0,26.478583333333333,29.290000000000003,0.21923414206372407,,False,127165363.0836667,9258.91776,9.941095232488811,9.25,True,0.32493813838426266,41.068,18.0,98.0,16,preferable
17,Kerala,7773,7,0,41.95258333333333,29.290000000000003,0.21923414206372407,,False,132978836.0616667,9258.91776,5.2230367322078415,9.25,True,0.32793720821226596,35.278,16.0,85.20000000000005,17,preferable
18,Kerala,7774,3,0,76.4275,29.290000000000003,0.21923414206372407,,False,145931433.52566668,9258.91776,1.060860050301542,9.25,True,0.35406192324651153,30.72,12.0,85.0,18,preferable
19,Karnataka,7423,16,0,4.480416666666667,396.4358333333333,0.34089411826710236,,False,29869520.18765517,125322.53472,0.015837467664165456,95.78,False,0.4417162071536434,29.486,16.0,41.0,19,preferable
20,Karnataka,7512,8,0,18.377,396.4358333333333,0.34089411826710236,,False,35079714.39965516,125322.53472,2.325185653339946,95.78,False,0.4430375705321944,35.778,23.0,45.0,20,preferable
21,Karnataka,7461,412,0,40.74666666666666,396.4358333333333,0.34089411826710236,,False,43585667.87765516,125322.53472,0.6457958204225436,95.78,False,0.4431133414639536,34.82,22.0,45.0,21,preferable
22,Karnataka,7530,4,0,19.165333333333333,396.4358333333333,0.34089411826710236,,False,35279600.745655164,125322.53472,3.6266472944232397,95.78,False,0.44355151370794454,39.15,26.0,49.0,22,preferable
23,Karnataka,7616,15,0,49.06575,396.4358333333333,0.34089411826710236,,False,46574785.49765517,125322.53472,2.3086935211226995,95.78,False,0.4440005175201366,40.316,30.0,49.0,23,preferable
24,Karnataka,7531,49,0,64.50833333333334,396.4358333333333,0.34089411826710236,,False,52385238.95765517,125322.53472,1.2863245902194305,95.78,False,0.44409995519419576,39.668,30.0,50.0,24,preferable
25,Karnataka,7774,66,0,76.4275,396.4358333333333,0.34089411826710236,,False,56850206.27765517,125322.53472,1.060860050301542,95.78,False,0.444390318680223,41.028,31.0,52.0,25,preferable
26,Karnataka,7615,5,0,35.658833333333334,396.4358333333333,0.34089411826710236,,False,41494859.42765517,125322.53472,6.706491618657812,95.78,False,0.4452519110389747,46.76,34.0,57.0,26,preferable
27,Karnataka,7583,3,0,33.840250000000005,396.4358333333333,0.34089411826710236,,False,40801166.46365517,125322.53472,12.753945150902508,95.78,False,0.44750322532796855,55.812,38.0,90.10000000000002,27,preferable
28,Karnataka,7686,46,11,75.4465,396.4358333333333,0.34089411826710236,,False,56476270.31765517,125322.53472,19.42871807872519,95.78,False,0.4513743331398114,67.772,42.0,112.0,28,preferable
29,Gujarat,7034,74,0,4.2740833333333335,493.0325,0.49014537410558906,re>=51%,False,15537559.06244256,76375.646928,0.047062466184687415,153.61,False,0.4544134865617262,23.402,10.0,39.0,36,preferable
30,Gujarat,7081,43,0,4.883333333333334,493.0325,0.49014537410558906,re>=51%,False,15774201.85844256,76375.646928,0.08339034175799669,153.61,False,0.4544761096093452,24.452,11.0,40.0,37,preferable
31,Gujarat,6952,268,0,5.31,493.0325,0.49014537410558906,re>=51%,False,15929056.03844256,76375.646928,0.14126374852635862,153.61,False,0.45451935592015996,25.546,12.0,41.0,38,preferable
32,Gujarat,6951,79,0,22.10508333333333,493.0325,0.49014537410558906,re>=51%,False,22208795.74244256,76375.646928,2.927418664030108,153.61,False,0.4563023071857926,31.704,16.0,44.0,41,middle
33,Gujarat,6950,10,0,22.19033333333333,493.0325,0.49014537410558906,re>=51%,False,22244693.430442557,76375.646928,4.415930743564174,153.61,False,0.4568393049919517,34.832,21.0,47.0,42,middle
34,Gujarat,6993,49,0,32.583333333333336,493.0325,0.49014537410558906,re>=51%,False,26126941.998442557,76375.646928,1.0,153.61,False,0.45717104672035586,29.566,15.0,43.0,40,middle
35,Gujarat,6890,58,0,42.531666666666666,493.0325,0.49014537410558906,re>=51%,False,29936664.67844256,76375.646928,0.11910837410031684,153.61,False,0.45808177454465626,29.22,16.0,43.0,39,middle
36,Gujarat,7119,3,0,40.97083333333333,493.0325,0.49014537410558906,re>=51%,False,29295999.498442557,76375.646928,5.35238755711745,153.61,False,0.4587408586508259,38.998,26.900000000000006,51.0,45,middle
37,Gujarat,7080,31,0,41.336666666666666,493.0325,0.49014537410558906,re>=51%,False,29376868.818442557,76375.646928,5.430010782582547,153.61,False,0.4588510965965101,40.112,27.900000000000006,52.0,46,middle
38,Gujarat,6918,9,0,17.268333333333334,493.0325,0.49014537410558906,re>=51%,False,20358105.15044256,76375.646928,6.885344289932184,153.61,False,0.4599267362110984,39.756,23.0,55.0,43,middle
39,Gujarat,6992,109,1,71.96666666666667,493.0325,0.49014537410558906,re>=51%,False,40891410.31844256,76375.646928,2.4263466778102063,153.61,False,0.4610223273181262,37.112,27.0,49.0,44,middle
40,Gujarat,7117,15,0,44.900416666666665,493.0325,0.49014537410558906,re>=51%,False,30660266.568442557,76375.646928,8.813009302197651,153.61,False,0.46344466914061827,46.614,30.0,66.0,47,middle
41,Gujarat,7032,43,0,67.25791666666667,493.0325,0.49014537410558906,re>=51%,False,39096146.29844256,76375.646928,8.844948002567417,153.61,False,0.46428058305396597,49.394,33.0,70.0,48,middle
42,Gujarat,7078,5,0,75.15683333333334,493.0325,0.49014537410558906,re>=51%,False,42110531.220442556,76375.646928,14.775879339596921,153.61,False,0.4724057589889791,58.484,37.0,98.0,49,middle
43,Rajasthan,6952,4,0,5.31,438.7583333333334,0.23578522835717886,zld,False,25344906.16791487,138723.65856,0.011301099882108685,127.37,False,0.4827753548670709,24.53,10.0,45.10000000000002,29,middle
44,Rajasthan,6890,436,0,42.531666666666666,438.7583333333334,0.23578522835717886,zld,False,26465514.85911487,138723.65856,0.009528669928025342,127.37,False,0.48286916583495676,26.096,12.0,48.0,30,middle
45,Rajasthan,6993,13,0,32.583333333333336,438.7583333333334,0.23578522835717886,zld,False,26160737.04471487,138723.65856,0.07999999999999996,127.37,False,0.48287038375187047,26.338,11.0,47.10000000000002,31,middle
46,Rajasthan,6891,142,0,51.28491666666667,438.7583333333334,0.23578522835717886,zld,False,26725898.55639487,138723.65856,0.16581652285707926,127.37,False,0.4829508146154619,27.902,13.0,49.10000000000002,32,middle
47,Rajasthan,6992,3,0,71.96666666666667,438.7583333333334,0.23578522835717886,zld,False,27341894.510314874,138723.65856,0.5410097322144377,127.37,False,0.4831460582506194,29.37,14.0,51.0,33,middle
48,Rajasthan,6710,4,0,73.92225,438.7583333333334,0.23578522835717886,zld,False,27403572.459274873,138723.65856,0.6074740587914581,127.37,False,0.48317664467235166,30.462,15.0,52.0,34,middle
49,Gujarat,7033,5,0,59.227666666666664,493.0325,0.49014537410558906,re>=51%,False,36131716.290442556,76375.646928,23.366719842499325,153.61,False,0.49058070105054646,67.06,38.0,114.0,54,middle
50,Gujarat,7079,11,0,61.931333333333335,493.0325,0.49014537410558906,re>=51%,False,37144236.70244256,76375.646928,24.35147592275817,153.61,False,0.4930220172554709,69.068,39.0,116.10000000000002,55,middle
51,Ladakh,6521,7,0,37.46083333333333,24.015,0.0,,False,214115349.78,7593.94656,0.10240718489573286,0.41,True,0.5013856375840875,32.122,9.0,107.10000000000002,35,middle
52,Gujarat,7116,12,0,75.13658333333333,493.0325,0.49014537410558906,re>=51%,False,42102858.79244256,76375.646928,29.44729806536342,153.61,False,0.5596247357335161,75.43,40.0,120.0,64,middle
53,Tamil Nadu,7810,12,0,22.211416666666665,498.325,0.4543370260142703,,False,61732518.095569886,157497.88608000003,2.75955663215013,129.68,False,0.5670711582200332,56.768,49.0,63.10000000000002,50,middle
54,Tamil Nadu,7616,21,0,49.06575,498.325,0.4543370260142703,,False,71770529.65756989,157497.88608000003,2.3086935211226995,129.68,False,0.5677453416716136,58.92,50.0,71.0,51,middle
55,Tamil Nadu,7774,326,0,76.4275,498.325,0.4543370260142703,,False,82045950.43756989,157497.88608000003,1.060860050301542,129.68,False,0.5681351428317,59.774,46.0,75.10000000000002,52,middle
56,Tamil Nadu,7773,3,0,41.95258333333333,498.325,0.4543370260142703,,False,69093352.97356988,157497.88608000003,5.2230367322078415,129.68,False,0.5686327303852435,64.054,55.0,83.0,53,middle
57,Tamil Nadu,7843,26,0,74.10000000000001,498.325,0.4543370260142703,,False,81269955.85756989,157497.88608000003,6.902938817244135,129.68,False,0.5703010753500332,70.526,58.0,96.0,56,middle
58,Tamil Nadu,7732,14,0,76.4275,498.325,0.4543370260142703,,False,82045950.43756989,157497.88608000003,7.1543211205240596,129.68,False,0.5704625206384265,71.99,59.0,97.0,57,middle
59,Tamil Nadu,7883,95,0,76.79333333333334,498.325,0.4543370260142703,,False,82273978.93756989,157497.88608000003,9.531549324788116,129.68,False,0.5713897222857014,76.322,62.0,103.0,58,middle
60,Tamil Nadu,7649,6,0,61.34466666666666,498.325,0.4543370260142703,,False,76290119.16556989,157497.88608000003,11.515592916387316,129.68,False,0.5716429718029545,78.122,63.0,106.0,59,middle
61,Tamil Nadu,7882,78,0,85.83333333333333,498.325,0.4543370260142703,,False,85700531.65756989,157497.88608000003,10.643226370465152,129.68,False,0.5721032452217804,80.012,64.0,107.0,60,middle
62,Tamil Nadu,7921,85,0,88.22500000000001,498.325,0.4543370260142703,,False,86627112.25756988,157497.88608000003,10.91989839023499,129.68,False,0.5722870470094398,81.634,65.0,109.0,61,middle
63,Tamil Nadu,7951,2,0,46.860749999999996,498.325,0.4543370260142703,,False,71014254.79756989,157497.88608000003,17.378242142367927,129.68,False,0.5734373392812054,84.82,64.9,115.0,62,middle
64,Tamil Nadu,7686,33,0,75.4465,498.325,0.4543370260142703,,False,81672014.47756988,157497.88608000003,19.42871807872519,129.68,False,0.5751191572912885,90.334,68.0,117.0,63,middle
65,Tamil Nadu,7952,15,0,69.47083333333333,498.325,0.4543370260142703,,False,79578707.71756989,157497.88608000003,25.763159221709113,129.68,False,0.57736207236449,95.306,69.0,120.0,65,middle
66,Uttarakhand,6891,87,0,51.28491666666667,62.58083333333334,0.11463971515703085,,False,251982573.81496263,19762.1424,0.22264531179632566,16.89,False,0.6020886665934007,45.696,14.0,118.0,66,middle
67,Assam,6865,31,0,4.665916666666667,588.1883333333334,0.6667723190702589,,False,5446416.909179447,185961.83904,0.010057475184363172,9.63,True,0.6756437543578963,59.678,29.900000000000006,84.0,67,middle
68,Andhra Pradesh,7423,23,0,4.480416666666667,655.1041666666666,0.5337767513133649,,False,47327537.00245595,207145.34784,0.015837467664165456,90.64,False,0.74669107733241,64.942,49.0,78.10000000000002,68,middle
69,Andhra Pradesh,7395,5,0,4.480416666666667,655.1041666666666,0.5337767513133649,,False,47327537.00245595,207145.34784,0.5734329646622753,90.64,False,0.7469040491344595,66.994,52.900000000000006,80.0,69,middle
70,Andhra Pradesh,7551,21,0,4.7725,655.1041666666666,0.5337767513133649,,False,47444988.35245595,207145.34784,0.6007897424689452,90.64,False,0.7469244012784778,68.072,54.0,81.0,70,middle
71,Andhra Pradesh,7460,13,0,12.734166666666667,655.1041666666666,0.5337767513133649,,False,50474314.912455946,207145.34784,1.2138493129059373,90.64,False,0.7474139853999696,71.368,59.0,83.0,71,middle
72,Andhra Pradesh,7461,87,0,40.74666666666666,655.1041666666666,0.5337767513133649,,False,61043684.69245595,207145.34784,0.6457958204225436,90.64,False,0.7480882116427202,73.994,59.0,87.0,72,middle
73,Andhra Pradesh,7490,2,0,21.346833333333336,655.1041666666666,0.5337767513133649,,False,53676441.41845595,207145.34784,2.705059482695987,90.64,False,0.7482535465276866,76.942,66.0,87.0,73,middle
74,Andhra Pradesh,7513,3,0,23.180000000000003,655.1041666666666,0.5337767513133649,,False,54353604.496455945,207145.34784,2.9306682321102597,90.64,False,0.7483968143752974,78.684,69.0,88.0,74,middle
75,Andhra Pradesh,7616,16,0,49.06575,655.1041666666666,0.5337767513133649,,False,64032802.312455945,207145.34784,2.3086935211226995,90.64,False,0.7489753876989033,80.958,69.0,90.10000000000002,75,middle
76,Andhra Pradesh,7531,158,0,64.50833333333334,655.1041666666666,0.5337767513133649,,False,69843255.77245595,207145.34784,1.2863245902194305,90.64,False,0.7490748253729624,80.284,65.0,93.0,76,middle
77,Andhra Pradesh,7308,4,0,42.472,655.1041666666666,0.5337767513133649,,False,61551540.32845595,207145.34784,5.481153515586434,90.64,False,0.7499778825013935,86.938,78.0,97.0,77,middle
78,Andhra Pradesh,7366,4,0,42.217,655.1041666666666,0.5337767513133649,,False,61455203.03245595,207145.34784,8.11548687888502,90.64,False,0.7509759346272916,91.818,81.0,105.0,78,middle
79,Andhra Pradesh,7344,3,0,36.012,655.1041666666666,0.5337767513133649,,False,59085486.742455944,207145.34784,13.90238634992982,90.64,False,0.7529864115127429,97.948,82.0,113.0,79,middle
80,Andhra Pradesh,7343,23,0,37.83783333333333,655.1041666666666,0.5337767513133649,,False,59784033.71245595,207145.34784,14.566888051079427,90.64,False,0.7532991161637583,99.714,83.0,115.0,80,middle
81,Maharashtra,7423,264,0,4.480416666666667,658.4083333333333,0.6490091565150072,,False,8037734.601770492,208136.72736000002,0.015837467664165456,171.0,False,0.753882103847931,63.988,34.0,85.0,81,middle
82,Maharashtra,7081,69,0,4.883333333333334,658.4083333333333,0.6490091565150072,,False,8197344.291770493,208136.72736000002,0.08339034175799669,171.0,False,0.753921363485458,65.296,36.0,86.0,82,middle
83,Maharashtra,7307,5,0,2.6391666666666667,658.4083333333333,0.6490091565150072,,False,7348093.311770492,208136.72736000002,0.5094234510976404,171.0,False,0.7540124779664266,66.138,36.0,86.0,83,middle
84,Maharashtra,7342,4,0,2.0021666666666667,658.4083333333333,0.6490091565150072,,False,7113001.827770493,208136.72736000002,0.7707983022178738,171.0,False,0.7540924867081134,67.502,37.900000000000006,87.0,84,middle
85,Maharashtra,7251,9,0,3.94225,658.4083333333333,0.6490091565150072,,False,7840248.069770493,208136.72736000002,0.7631217370734654,171.0,False,0.7541508749147817,68.85,39.900000000000006,89.0,85,middle
86,Maharashtra,7365,8,0,4.2709166666666665,658.4083333333333,0.6490091565150072,,False,7959624.195770493,208136.72736000002,0.8199092308341698,171.0,False,0.7541826303199056,70.104,41.0,90.0,86,middle
87,Maharashtra,7189,18,0,9.047416666666665,658.4083333333333,0.6490091565150072,,False,9750165.537770493,208136.72736000002,1.1745374315491306,171.0,False,0.7544690550145776,72.378,43.0,91.0,87,middle
88,Maharashtra,7461,190,8,40.74666666666666,658.4083333333333,0.6490091565150072,,False,21753882.29177049,208136.72736000002,0.6457958204225436,171.0,False,0.755279238158241,74.268,47.0,92.0,88,middle
89,Telangana,7423,145,0,4.480416666666667,681.7041666666667,0.6710845132097504,,False,38164537.07567322,215521.87968,0.015837467664165456,69.77,False,0.7840980215382342,82.142,59.0,96.0,89,middle
90,Telangana,7461,171,6,40.74666666666666,681.7041666666667,0.6710845132097504,,False,51880684.76567323,215521.87968,0.6457958204225436,69.77,False,0.7854951558485443,89.41,74.0,99.0,90,middle
91,Himachal Pradesh,6891,8,0,51.28491666666667,24.065833333333334,0.0,,False,336690881.4638145,7610.17248,0.22264531179632566,42.84,False,0.7945089206258473,48.598,10.0,123.0,91,middle
92,Punjab,6890,93,0,42.531666666666666,686.0758333333333,0.700327098884509,,False,83179783.40940775,216929.99232000002,0.11910837410031684,41.11,False,0.7947236793332586,98.344,85.0,110.0,92,middle
93,Punjab,6562,38,0,60.13833333333333,686.0758333333333,0.700327098884509,,False,89718532.70940775,216929.99232000002,0.24424502941774273,41.11,False,0.7953228118121197,100.598,89.0,113.0,93,middle
94,Himachal Pradesh,6562,44,0,60.13833333333333,24.065833333333334,0.0,,False,339974834.5478145,7610.17248,0.24424502941774273,42.84,False,0.8023833161880514,49.936,11.0,124.0,94,avoid
95,Jammu and Kashmir,6562,13,0,60.13833333333333,23.999166666666667,0.0,,False,345158795.7,7589.125440000001,0.24424502941774273,15.94,False,0.8147694548289048,51.424,12.0,125.0,95,avoid
96,Madhya Pradesh,7423,7,0,4.480416666666667,728.9525,0.6609730141082883,,False,32619623.903924,230494.05792000002,0.015837467664165456,165.16,False,0.8364207178337982,83.568,58.0,100.0,96,avoid
97,Madhya Pradesh,7034,44,0,4.2740833333333335,728.9525,0.6609730141082883,,False,32542590.797924,230494.05792000002,0.047062466184687415,165.16,False,0.8364261488123675,84.086,58.900000000000006,100.0,97,avoid
98,Madhya Pradesh,7081,7,0,4.883333333333334,728.9525,0.6609730141082883,,False,32779233.593924,230494.05792000002,0.08339034175799669,165.16,False,0.8364599774713253,85.502,60.0,102.0,98,avoid
99,Madhya Pradesh,6993,13,0,32.583333333333336,728.9525,0.6609730141082883,,False,43131973.733923994,230494.05792000002,1.0,165.16,False,0.8376830001504779,91.736,73.9,104.0,99,avoid
100,Madhya Pradesh,6891,234,0,51.28491666666667,728.9525,0.6609730141082883,,False,50196492.629924,230494.05792000002,0.22264531179632566,165.16,False,0.8379817610266244,92.404,73.0,104.0,100,avoid
101,Maharashtra,7217,12,15,34.83108333333333,658.4083333333333,0.6490091565150072,,False,19345873.62977049,208136.72736000002,44.292650742042795,171.0,False,0.8477384220524118,112.118,94.0,123.0,101,avoid
102,Odisha,7423,6,0,4.480416666666667,740.2983333333333,0.8829508545132808,,False,14059406.354647508,234100.77408,0.015837467664165456,75.82,False,0.8720473804695758,91.504,56.900000000000006,107.0,102,avoid
103,Odisha,7149,92,1,4.8101666666666665,740.2983333333333,0.8829508545132808,,False,14174112.128647508,234100.77408,0.039186174573843366,75.82,False,0.872062359756453,92.59,57.900000000000006,108.0,103,avoid
104,Odisha,7120,57,0,23.462416666666666,740.2983333333333,0.8829508545132808,,False,21065530.46064751,234100.77408,0.487407791315065,75.82,False,0.8725912549114194,96.494,68.0,109.0,104,avoid
105,Odisha,7308,6,0,42.472,740.2983333333333,0.8829508545132808,,False,28283409.680647507,234100.77408,5.481153515586434,75.82,False,0.87490386396126,107.31,94.0,114.0,105,avoid
106,Delhi,6890,3,0,42.531666666666666,393.8025,0.9580495423192054,,False,25232074.422808,124495.23744000001,0.11910837410031684,4.98,True,0.886773526647431,72.314,37.0,104.0,106,avoid
107,Delhi,6891,21,3,51.28491666666667,393.8025,0.9580495423192054,,False,28486870.638807997,124495.23744000001,0.22264531179632566,4.98,True,0.8876085127232766,74.374,39.0,106.10000000000002,107,avoid
108,Odisha,7190,2,0,100.0,740.2983333333333,0.8829508545132808,,False,49935686.86464751,234100.77408,38.94605968164878,75.82,False,0.8897282983651421,122.316,116.0,125.0,108,avoid
109,Uttar Pradesh,6891,292,10,51.28491666666667,764.2533333333334,0.8553699623659881,,False,61080997.73560838,241699.54176,0.22264531179632566,172.2,False,0.8906212586458441,106.79,92.9,116.0,109,avoid
110,Tripura,6953,8,0,1.3945,489.49916666666667,0.9742758760380799,,False,846656.3368117923,154791.44064000002,0.014375651772538592,5.23,True,0.8981153095037885,74.8,31.0,107.10000000000002,110,avoid
111,West Bengal,7037,86,4,1.3945,782.9516666666667,0.8840065572090878,,False,13473200.323830873,247579.65792000003,0.0418653991348838,97.15,False,0.9092423650140935,96.252,60.0,112.0,111,avoid
112,West Bengal,6865,4,0,4.665916666666667,782.9516666666667,0.8840065572090878,,False,14690598.571830874,247579.65792000003,0.010057475184363172,97.15,False,0.9093328651633233,97.28,62.900000000000006,112.0,112,avoid
113,West Bengal,6891,14,0,51.28491666666667,782.9516666666667,0.8840065572090878,,False,32206272.553830873,247579.65792000003,0.22264531179632566,97.15,False,0.9108909561621945,103.388,82.9,114.0,113,avoid
114,West Bengal,7035,4,0,42.69075,782.9516666666667,0.8840065572090878,,False,28936508.023830872,247579.65792000003,2.115415362086463,97.15,False,0.9113381922369536,106.164,88.0,115.0,114,avoid
115,Haryana,6890,51,0,42.531666666666666,769.2191666666666,0.943489730257239,,False,55361946.634510815,243256.91903999998,0.11910837410031684,32.46,False,0.9298821314950636,111.03,95.0,120.0,115,avoid
116,Haryana,6891,25,0,51.28491666666667,769.2191666666666,0.943489730257239,,False,58616742.85051082,243256.91903999998,0.22264531179632566,32.46,False,0.9300898849422611,112.716,98.0,122.0,116,avoid
117,Chhattisgarh,7149,171,0,4.8101666666666665,805.8641666666666,0.9565986977502124,,False,5758988.697032339,254832.54912,0.039186174573843366,167.86,False,0.9455447901121666,101.2,62.900000000000006,118.0,117,avoid
118,Chhattisgarh,6891,2,0,51.28491666666667,805.8641666666666,0.9565986977502124,,False,23221151.64903234,254832.54912,0.22264531179632566,167.86,False,0.9465147883365755,107.338,81.0,119.0,118,avoid
119,Jharkhand,7037,24,0,1.3945,814.4708333333333,0.963600794680506,,False,13687549.826021766,257552.48160000003,0.0418653991348838,39.25,False,0.9534647866596972,105.3,72.9,121.0,119,avoid
120,Bihar,6891,45,0,51.28491666666667,815.09,0.9572845874357575,,False,61254275.0117123,257749.37856,0.22264531179632566,60.98,False,0.9540438393289081,117.246,102.0,125.0,120,avoid
121,Jharkhand,7120,3,0,23.462416666666666,814.4708333333333,0.963600794680506,,False,21849877.436021768,257552.48160000003,0.487407791315065,39.25,False,0.9540580473219202,109.506,82.0,122.0,121,avoid
122,Jharkhand,6891,4,0,51.28491666666667,814.4708333333333,0.963600794680506,,False,32420622.056021765,257552.48160000003,0.22264531179632566,39.25,False,0.9544991503913628,112.086,91.0,123.0,122,avoid
123,Jharkhand,7035,24,0,42.69075,814.4708333333333,0.963600794680506,,False,29150857.526021767,257552.48160000003,2.115415362086463,39.25,False,0.9550666207592798,114.326,95.0,124.0,123,avoid
124,Tamil Nadu,7584,29,12,53.17641666666666,498.325,0.4543370260142703,,False,73272115.54156989,157497.88608000003,51.4264686111583,129.68,False,0.9562813104145163,105.692,72.0,124.0,124,avoid
125,Andhra Pradesh,7584,4,0,53.17641666666666,655.1041666666666,0.5337767513133649,,False,65534388.19645595,207145.34784,51.4264686111583,90.64,False,0.9669525188825973,115.322,96.0,125.0,125,avoid
